id,output
34654,"হেলো, ডেইরি, আমি আপনার প্রশ্নটি দেখেছি। আমি আপনার উদ্বেগ বুঝতে পারছি। আপনার হার্নিয়া সার্জারির ইতিহাস রয়েছে এবং এখন অস্ত্রোপচার পরবর্তী সংক্রমণ হয়েছে। আপনি স্ট্রেপ্টোকক্কাল সংক্রমণে ভুগছেন। আপনার স্ট্রেপ্টোকক্কাল সংক্রমণ সাধারণ অ্যান্টিবায়োটিকের প্রতি প্রতিরোধী হতে পারে। আপনার কালচার এবং সেনসিটিভিটি পরীক্ষা করা উচিত। এটি অ্যান্টিবায়োটিক নির্বাচন করতে সাহায্য করবে। আপনার ডাক্তারের সাথে পরামর্শ করুন এবং সেই অনুযায়ী চিকিৎসা নিন। আশা করি আমি আপনার প্রশ্নের উত্তর দিতে পেরেছি, যদি আপনার কোনো সন্দেহ থাকে তবে আমার সাথে bit.ly/ Chat Doctor-এ যোগাযোগ করুন। নাসেনিয়া ডক ব্যবহার করার জন্য ধন্যবাদ। আপনার সুস্বাস্থ্য কামনা করি।"
3116,"হেলো, ডেইরি, আমি আপনার প্রশ্নটি দেখেছি। আমি আপনার উদ্বেগ বুঝতে পারছি। আপনার হার্নিয়া সার্জারির ইতিহাস রয়েছে এবং এখন অস্ত্রোপচার পরবর্তী সংক্রমণ হয়েছে। আপনি স্ট্রেপ্টোকক্কাল সংক্রমণে ভুগছেন। আপনার স্ট্রেপ্টোকক্কাল সংক্রমণ সাধারণ অ্যান্টিবায়োটিকের প্রতি প্রতিরোধী হতে পারে। আপনার কালচার এবং সেনসিটিভিটি পরীক্ষা করা উচিত। এটি অ্যান্টিবায়োটিক নির্বাচন করতে সাহায্য করবে। আপনার ডাক্তারের সাথে পরামর্শ করুন এবং সেই অনুযায়ী চিকিৎসা নিন। আশা করি আমি আপনার প্রশ্নের উত্তর দিতে পেরেছি, যদি আপনার কোনো সন্দেহ থাকে তবে আমার সাথে bit.ly/ Chat Doctor-এ যোগাযোগ করুন। নাসেনিয়া ডক ব্যবহার করার জন্য ধন্যবাদ। আপনার সুস্বাস্থ্য কামনা করি।"
59478,"হেলো, ডেইরি, আমি আপনার প্রশ্নটি দেখেছি। আমি আপনার উদ্বেগ বুঝতে পারছি। আপনার হার্নিয়া সার্জারির ইতিহাস রয়েছে এবং এখন অস্ত্রোপচার পরবর্তী সংক্রমণ হয়েছে। আপনি স্ট্রেপ্টোকক্কাল সংক্রমণে ভুগছেন। আপনার স্ট্রেপ্টোকক্কাল সংক্রমণ সাধারণ অ্যান্টিবায়োটিকের প্রতি প্রতিরোধী হতে পারে। আপনার কালচার এবং সেনসিটিভিটি পরীক্ষা করা উচিত। এটি অ্যান্টিবায়োটিক নির্বাচন করতে সাহায্য করবে। আপনার ডাক্তারের সাথে পরামর্শ করুন এবং সেই অনুযায়ী চিকিৎসা নিন। আশা করি আমি আপনার প্রশ্নের উত্তর দিতে পেরেছি, যদি আপনার কোনো সন্দেহ থাকে তবে আমার সাথে bit.ly/ Chat Doctor-এ যোগাযোগ করুন। নাসেনিয়া ডক ব্যবহার করার জন্য ধন্যবাদ। আপনার সুস্বাস্থ্য কামনা করি।"
56450,"হেলো, ডেইরি, আমি আপনার প্রশ্নটি দেখেছি। আমি আপনার উদ্বেগ বুঝতে পারছি। আপনার হার্নিয়া সার্জারির ইতিহাস রয়েছে এবং এখন অস্ত্রোপচার পরবর্তী সংক্রমণ হয়েছে। আপনি স্ট্রেপ্টোকক্কাল সংক্রমণে ভুগছেন। আপনার স্ট্রেপ্টোকক্কাল সংক্রমণ সাধারণ অ্যান্টিবায়োটিকের প্রতি প্রতিরোধী হতে পারে। আপনার কালচার এবং সেনসিটিভিটি পরীক্ষা করা উচিত। এটি অ্যান্টিবায়োটিক নির্বাচন করতে সাহায্য করবে। আপনার ডাক্তারের সাথে পরামর্শ করুন এবং সেই অনুযায়ী চিকিৎসা নিন। আশা করি আমি আপনার প্রশ্নের উত্তর দিতে পেরেছি, যদি আপনার কোনো সন্দেহ থাকে তবে আমার সাথে bit.ly/ Chat Doctor-এ যোগাযোগ করুন। নাসেনিয়া ডক ব্যবহার করার জন্য ধন্যবাদ। আপনার সুস্বাস্থ্য কামনা করি।"
86380,"হেলো, ডেইরি, আমি আপনার প্রশ্নটি দেখেছি। আমি আপনার উদ্বেগ বুঝতে পারছি। আপনার হার্নিয়া সার্জারির ইতিহাস রয়েছে এবং এখন অস্ত্রোপচার পরবর্তী সংক্রমণ হয়েছে। আপনি স্ট্রেপ্টোকক্কাল সংক্রমণে ভুগছেন। আপনার স্ট্রেপ্টোকক্কাল সংক্রমণ সাধারণ অ্যান্টিবায়োটিকের প্রতি প্রতিরোধী হতে পারে। আপনার কালচার এবং সেনসিটিভিটি পরীক্ষা করা উচিত। এটি অ্যান্টিবায়োটিক নির্বাচন করতে সাহায্য করবে। আপনার ডাক্তারের সাথে পরামর্শ করুন এবং সেই অনুযায়ী চিকিৎসা নিন। আশা করি আমি আপনার প্রশ্নের উত্তর দিতে পেরেছি, যদি আপনার কোনো সন্দেহ থাকে তবে আমার সাথে bit.ly/ Chat Doctor-এ যোগাযোগ করুন। নাসেনিয়া ডক ব্যবহার করার জন্য ধন্যবাদ। আপনার সুস্বাস্থ্য কামনা করি।"
77109,"হেলো, ডেইরি, আমি আপনার প্রশ্নটি দেখেছি। আমি আপনার উদ্বেগ বুঝতে পারছি। আপনার হার্নিয়া সার্জারির ইতিহাস রয়েছে এবং এখন অস্ত্রোপচার পরবর্তী সংক্রমণ হয়েছে। আপনি স্ট্রেপ্টোকক্কাল সংক্রমণে ভুগছেন। আপনার স্ট্রেপ্টোকক্কাল সংক্রমণ সাধারণ অ্যান্টিবায়োটিকের প্রতি প্রতিরোধী হতে পারে। আপনার কালচার এবং সেনসিটিভিটি পরীক্ষা করা উচিত। এটি অ্যান্টিবায়োটিক নির্বাচন করতে সাহায্য করবে। আপনার ডাক্তারের সাথে পরামর্শ করুন এবং সেই অনুযায়ী চিকিৎসা নিন। আশা করি আমি আপনার প্রশ্নের উত্তর দিতে পেরেছি, যদি আপনার কোনো সন্দেহ থাকে তবে আমার সাথে bit.ly/ Chat Doctor-এ যোগাযোগ করুন। নাসেনিয়া ডক ব্যবহার করার জন্য ধন্যবাদ। আপনার সুস্বাস্থ্য কামনা করি।"
102215,"হেলো, ডেইরি, আমি আপনার প্রশ্নটি দেখেছি। আমি আপনার উদ্বেগ বুঝতে পারছি। আপনার হার্নিয়া সার্জারির ইতিহাস রয়েছে এবং এখন অস্ত্রোপচার পরবর্তী সংক্রমণ হয়েছে। আপনি স্ট্রেপ্টোকক্কাল সংক্রমণে ভুগছেন। আপনার স্ট্রেপ্টোকক্কাল সংক্রমণ সাধারণ অ্যান্টিবায়োটিকের প্রতি প্রতিরোধী হতে পারে। আপনার কালচার এবং সেনসিটিভিটি পরীক্ষা করা উচিত। এটি অ্যান্টিবায়োটিক নির্বাচন করতে সাহায্য করবে। আপনার ডাক্তারের সাথে পরামর্শ করুন এবং সেই অনুযায়ী চিকিৎসা নিন। আশা করি আমি আপনার প্রশ্নের উত্তর দিতে পেরেছি, যদি আপনার কোনো সন্দেহ থাকে তবে আমার সাথে bit.ly/ Chat Doctor-এ যোগাযোগ করুন। নাসেনিয়া ডক ব্যবহার করার জন্য ধন্যবাদ। আপনার সুস্বাস্থ্য কামনা করি।"
105223,"হেলো, ডেইরি, আমি আপনার প্রশ্নটি দেখেছি। আমি আপনার উদ্বেগ বুঝতে পারছি। আপনার হার্নিয়া সার্জারির ইতিহাস রয়েছে এবং এখন অস্ত্রোপচার পরবর্তী সংক্রমণ হয়েছে। আপনি স্ট্রেপ্টোকক্কাল সংক্রমণে ভুগছেন। আপনার স্ট্রেপ্টোকক্কাল সংক্রমণ সাধারণ অ্যান্টিবায়োটিকের প্রতি প্রতিরোধী হতে পারে। আপনার কালচার এবং সেনসিটিভিটি পরীক্ষা করা উচিত। এটি অ্যান্টিবায়োটিক নির্বাচন করতে সাহায্য করবে। আপনার ডাক্তারের সাথে পরামর্শ করুন এবং সেই অনুযায়ী চিকিৎসা নিন। আশা করি আমি আপনার প্রশ্নের উত্তর দিতে পেরেছি, যদি আপনার কোনো সন্দেহ থাকে তবে আমার সাথে bit.ly/ Chat Doctor-এ যোগাযোগ করুন। নাসেনিয়া ডক ব্যবহার করার জন্য ধন্যবাদ। আপনার সুস্বাস্থ্য কামনা করি।"
75735,"হেলো, ডেইরি, আমি আপনার প্রশ্নটি দেখেছি। আমি আপনার উদ্বেগ বুঝতে পারছি। আপনার হার্নিয়া সার্জারির ইতিহাস রয়েছে এবং এখন অস্ত্রোপচার পরবর্তী সংক্রমণ হয়েছে। আপনি স্ট্রেপ্টোকক্কাল সংক্রমণে ভুগছেন। আপনার স্ট্রেপ্টোকক্কাল সংক্রমণ সাধারণ অ্যান্টিবায়োটিকের প্রতি প্রতিরোধী হতে পারে। আপনার কালচার এবং সেনসিটিভিটি পরীক্ষা করা উচিত। এটি অ্যান্টিবায়োটিক নির্বাচন করতে সাহায্য করবে। আপনার ডাক্তারের সাথে পরামর্শ করুন এবং সেই অনুযায়ী চিকিৎসা নিন। আশা করি আমি আপনার প্রশ্নের উত্তর দিতে পেরেছি, যদি আপনার কোনো সন্দেহ থাকে তবে আমার সাথে bit.ly/ Chat Doctor-এ যোগাযোগ করুন। নাসেনিয়া ডক ব্যবহার করার জন্য ধন্যবাদ। আপনার সুস্বাস্থ্য কামনা করি।"
48142,"হেলো, ডেইরি, আমি আপনার প্রশ্নটি দেখেছি। আমি আপনার উদ্বেগ বুঝতে পারছি। আপনার হার্নিয়া সার্জারির ইতিহাস রয়েছে এবং এখন অস্ত্রোপচার পরবর্তী সংক্রমণ হয়েছে। আপনি স্ট্রেপ্টোকক্কাল সংক্রমণে ভুগছেন। আপনার স্ট্রেপ্টোকক্কাল সংক্রমণ সাধারণ অ্যান্টিবায়োটিকের প্রতি প্রতিরোধী হতে পারে। আপনার কালচার এবং সেনসিটিভিটি পরীক্ষা করা উচিত। এটি অ্যান্টিবায়োটিক নির্বাচন করতে সাহায্য করবে। আপনার ডাক্তারের সাথে পরামর্শ করুন এবং সেই অনুযায়ী চিকিৎসা নিন। আশা করি আমি আপনার প্রশ্নের উত্তর দিতে পেরেছি, যদি আপনার কোনো সন্দেহ থাকে তবে আমার সাথে bit.ly/ Chat Doctor-এ যোগাযোগ করুন। নাসেনিয়া ডক ব্যবহার করার জন্য ধন্যবাদ। আপনার সুস্বাস্থ্য কামনা করি।"
108231,"হেলো, ডেইরি, আমি আপনার প্রশ্নটি দেখেছি। আমি আপনার উদ্বেগ বুঝতে পারছি। আপনার হার্নিয়া সার্জারির ইতিহাস রয়েছে এবং এখন অস্ত্রোপচার পরবর্তী সংক্রমণ হয়েছে। আপনি স্ট্রেপ্টোকক্কাল সংক্রমণে ভুগছেন। আপনার স্ট্রেপ্টোকক্কাল সংক্রমণ সাধারণ অ্যান্টিবায়োটিকের প্রতি প্রতিরোধী হতে পারে। আপনার কালচার এবং সেনসিটিভিটি পরীক্ষা করা উচিত। এটি অ্যান্টিবায়োটিক নির্বাচন করতে সাহায্য করবে। আপনার ডাক্তারের সাথে পরামর্শ করুন এবং সেই অনুযায়ী চিকিৎসা নিন। আশা করি আমি আপনার প্রশ্নের উত্তর দিতে পেরেছি, যদি আপনার কোনো সন্দেহ থাকে তবে আমার সাথে bit.ly/ Chat Doctor-এ যোগাযোগ করুন। নাসেনিয়া ডক ব্যবহার করার জন্য ধন্যবাদ। আপনার সুস্বাস্থ্য কামনা করি।"
40105,"হেলো, ডেইরি, আমি আপনার প্রশ্নটি দেখেছি। আমি আপনার উদ্বেগ বুঝতে পারছি। আপনার হার্নিয়া সার্জারির ইতিহাস রয়েছে এবং এখন অস্ত্রোপচার পরবর্তী সংক্রমণ হয়েছে। আপনি স্ট্রেপ্টোকক্কাল সংক্রমণে ভুগছেন। আপনার স্ট্রেপ্টোকক্কাল সংক্রমণ সাধারণ অ্যান্টিবায়োটিকের প্রতি প্রতিরোধী হতে পারে। আপনার কালচার এবং সেনসিটিভিটি পরীক্ষা করা উচিত। এটি অ্যান্টিবায়োটিক নির্বাচন করতে সাহায্য করবে। আপনার ডাক্তারের সাথে পরামর্শ করুন এবং সেই অনুযায়ী চিকিৎসা নিন। আশা করি আমি আপনার প্রশ্নের উত্তর দিতে পেরেছি, যদি আপনার কোনো সন্দেহ থাকে তবে আমার সাথে bit.ly/ Chat Doctor-এ যোগাযোগ করুন। নাসেনিয়া ডক ব্যবহার করার জন্য ধন্যবাদ। আপনার সুস্বাস্থ্য কামনা করি।"
6451,"হেলো, ডেইরি, আমি আপনার প্রশ্নটি দেখেছি। আমি আপনার উদ্বেগ বুঝতে পারছি। আপনার হার্নিয়া সার্জারির ইতিহাস রয়েছে এবং এখন অস্ত্রোপচার পরবর্তী সংক্রমণ হয়েছে। আপনি স্ট্রেপ্টোকক্কাল সংক্রমণে ভুগছেন। আপনার স্ট্রেপ্টোকক্কাল সংক্রমণ সাধারণ অ্যান্টিবায়োটিকের প্রতি প্রতিরোধী হতে পারে। আপনার কালচার এবং সেনসিটিভিটি পরীক্ষা করা উচিত। এটি অ্যান্টিবায়োটিক নির্বাচন করতে সাহায্য করবে। আপনার ডাক্তারের সাথে পরামর্শ করুন এবং সেই অনুযায়ী চিকিৎসা নিন। আশা করি আমি আপনার প্রশ্নের উত্তর দিতে পেরেছি, যদি আপনার কোনো সন্দেহ থাকে তবে আমার সাথে bit.ly/ Chat Doctor-এ যোগাযোগ করুন। নাসেনিয়া ডক ব্যবহার করার জন্য ধন্যবাদ। আপনার সুস্বাস্থ্য কামনা করি।"
50817,"হেলো, ডেইরি, আমি আপনার প্রশ্নটি দেখেছি। আমি আপনার উদ্বেগ বুঝতে পারছি। আপনার হার্নিয়া সার্জারির ইতিহাস রয়েছে এবং এখন অস্ত্রোপচার পরবর্তী সংক্রমণ হয়েছে। আপনি স্ট্রেপ্টোকক্কাল সংক্রমণে ভুগছেন। আপনার স্ট্রেপ্টোকক্কাল সংক্রমণ সাধারণ অ্যান্টিবায়োটিকের প্রতি প্রতিরোধী হতে পারে। আপনার কালচার এবং সেনসিটিভিটি পরীক্ষা করা উচিত। এটি অ্যান্টিবায়োটিক নির্বাচন করতে সাহায্য করবে। আপনার ডাক্তারের সাথে পরামর্শ করুন এবং সেই অনুযায়ী চিকিৎসা নিন। আশা করি আমি আপনার প্রশ্নের উত্তর দিতে পেরেছি, যদি আপনার কোনো সন্দেহ থাকে তবে আমার সাথে bit.ly/ Chat Doctor-এ যোগাযোগ করুন। নাসেনিয়া ডক ব্যবহার করার জন্য ধন্যবাদ। আপনার সুস্বাস্থ্য কামনা করি।"
104398,"হেলো, ডেইরি, আমি আপনার প্রশ্নটি দেখেছি। আমি আপনার উদ্বেগ বুঝতে পারছি। আপনার হার্নিয়া সার্জারির ইতিহাস রয়েছে এবং এখন অস্ত্রোপচার পরবর্তী সংক্রমণ হয়েছে। আপনি স্ট্রেপ্টোকক্কাল সংক্রমণে ভুগছেন। আপনার স্ট্রেপ্টোকক্কাল সংক্রমণ সাধারণ অ্যান্টিবায়োটিকের প্রতি প্রতিরোধী হতে পারে। আপনার কালচার এবং সেনসিটিভিটি পরীক্ষা করা উচিত। এটি অ্যান্টিবায়োটিক নির্বাচন করতে সাহায্য করবে। আপনার ডাক্তারের সাথে পরামর্শ করুন এবং সেই অনুযায়ী চিকিৎসা নিন। আশা করি আমি আপনার প্রশ্নের উত্তর দিতে পেরেছি, যদি আপনার কোনো সন্দেহ থাকে তবে আমার সাথে bit.ly/ Chat Doctor-এ যোগাযোগ করুন। নাসেনিয়া ডক ব্যবহার করার জন্য ধন্যবাদ। আপনার সুস্বাস্থ্য কামনা করি।"
33531,"হেলো, ডেইরি, আমি আপনার প্রশ্নটি দেখেছি। আমি আপনার উদ্বেগ বুঝতে পারছি। আপনার হার্নিয়া সার্জারির ইতিহাস রয়েছে এবং এখন অস্ত্রোপচার পরবর্তী সংক্রমণ হয়েছে। আপনি স্ট্রেপ্টোকক্কাল সংক্রমণে ভুগছেন। আপনার স্ট্রেপ্টোকক্কাল সংক্রমণ সাধারণ অ্যান্টিবায়োটিকের প্রতি প্রতিরোধী হতে পারে। আপনার কালচার এবং সেনসিটিভিটি পরীক্ষা করা উচিত। এটি অ্যান্টিবায়োটিক নির্বাচন করতে সাহায্য করবে। আপনার ডাক্তারের সাথে পরামর্শ করুন এবং সেই অনুযায়ী চিকিৎসা নিন। আশা করি আমি আপনার প্রশ্নের উত্তর দিতে পেরেছি, যদি আপনার কোনো সন্দেহ থাকে তবে আমার সাথে bit.ly/ Chat Doctor-এ যোগাযোগ করুন। নাসেনিয়া ডক ব্যবহার করার জন্য ধন্যবাদ। আপনার সুস্বাস্থ্য কামনা করি।"
83671,"হেলো, ডেইরি, আমি আপনার প্রশ্নটি দেখেছি। আমি আপনার উদ্বেগ বুঝতে পারছি। আপনার হার্নিয়া সার্জারির ইতিহাস রয়েছে এবং এখন অস্ত্রোপচার পরবর্তী সংক্রমণ হয়েছে। আপনি স্ট্রেপ্টোকক্কাল সংক্রমণে ভুগছেন। আপনার স্ট্রেপ্টোকক্কাল সংক্রমণ সাধারণ অ্যান্টিবায়োটিকের প্রতি প্রতিরোধী হতে পারে। আপনার কালচার এবং সেনসিটিভিটি পরীক্ষা করা উচিত। এটি অ্যান্টিবায়োটিক নির্বাচন করতে সাহায্য করবে। আপনার ডাক্তারের সাথে পরামর্শ করুন এবং সেই অনুযায়ী চিকিৎসা নিন। আশা করি আমি আপনার প্রশ্নের উত্তর দিতে পেরেছি, যদি আপনার কোনো সন্দেহ থাকে তবে আমার সাথে bit.ly/ Chat Doctor-এ যোগাযোগ করুন। নাসেনিয়া ডক ব্যবহার করার জন্য ধন্যবাদ। আপনার সুস্বাস্থ্য কামনা করি।"
33103,"হেলো, ডেইরি, আমি আপনার প্রশ্নটি দেখেছি। আমি আপনার উদ্বেগ বুঝতে পারছি। আপনার হার্নিয়া সার্জারির ইতিহাস রয়েছে এবং এখন অস্ত্রোপচার পরবর্তী সংক্রমণ হয়েছে। আপনি স্ট্রেপ্টোকক্কাল সংক্রমণে ভুগছেন। আপনার স্ট্রেপ্টোকক্কাল সংক্রমণ সাধারণ অ্যান্টিবায়োটিকের প্রতি প্রতিরোধী হতে পারে। আপনার কালচার এবং সেনসিটিভিটি পরীক্ষা করা উচিত। এটি অ্যান্টিবায়োটিক নির্বাচন করতে সাহায্য করবে। আপনার ডাক্তারের সাথে পরামর্শ করুন এবং সেই অনুযায়ী চিকিৎসা নিন। আশা করি আমি আপনার প্রশ্নের উত্তর দিতে পেরেছি, যদি আপনার কোনো সন্দেহ থাকে তবে আমার সাথে bit.ly/ Chat Doctor-এ যোগাযোগ করুন। নাসেনিয়া ডক ব্যবহার করার জন্য ধন্যবাদ। আপনার সুস্বাস্থ্য কামনা করি।"
105245,"হেলো, ডেইরি, আমি আপনার প্রশ্নটি দেখেছি। আমি আপনার উদ্বেগ বুঝতে পারছি। আপনার হার্নিয়া সার্জারির ইতিহাস রয়েছে এবং এখন অস্ত্রোপচার পরবর্তী সংক্রমণ হয়েছে। আপনি স্ট্রেপ্টোকক্কাল সংক্রমণে ভুগছেন। আপনার স্ট্রেপ্টোকক্কাল সংক্রমণ সাধারণ অ্যান্টিবায়োটিকের প্রতি প্রতিরোধী হতে পারে। আপনার কালচার এবং সেনসিটিভিটি পরীক্ষা করা উচিত। এটি অ্যান্টিবায়োটিক নির্বাচন করতে সাহায্য করবে। আপনার ডাক্তারের সাথে পরামর্শ করুন এবং সেই অনুযায়ী চিকিৎসা নিন। আশা করি আমি আপনার প্রশ্নের উত্তর দিতে পেরেছি, যদি আপনার কোনো সন্দেহ থাকে তবে আমার সাথে bit.ly/ Chat Doctor-এ যোগাযোগ করুন। নাসেনিয়া ডক ব্যবহার করার জন্য ধন্যবাদ। আপনার সুস্বাস্থ্য কামনা করি।"
88621,"হেলো, ডেইরি, আমি আপনার প্রশ্নটি দেখেছি। আমি আপনার উদ্বেগ বুঝতে পারছি। আপনার হার্নিয়া সার্জারির ইতিহাস রয়েছে এবং এখন অস্ত্রোপচার পরবর্তী সংক্রমণ হয়েছে। আপনি স্ট্রেপ্টোকক্কাল সংক্রমণে ভুগছেন। আপনার স্ট্রেপ্টোকক্কাল সংক্রমণ সাধারণ অ্যান্টিবায়োটিকের প্রতি প্রতিরোধী হতে পারে। আপনার কালচার এবং সেনসিটিভিটি পরীক্ষা করা উচিত। এটি অ্যান্টিবায়োটিক নির্বাচন করতে সাহায্য করবে। আপনার ডাক্তারের সাথে পরামর্শ করুন এবং সেই অনুযায়ী চিকিৎসা নিন। আশা করি আমি আপনার প্রশ্নের উত্তর দিতে পেরেছি, যদি আপনার কোনো সন্দেহ থাকে তবে আমার সাথে bit.ly/ Chat Doctor-এ যোগাযোগ করুন। নাসেনিয়া ডক ব্যবহার করার জন্য ধন্যবাদ। আপনার সুস্বাস্থ্য কামনা করি।"
89648,"হেলো, ডেইরি, আমি আপনার প্রশ্নটি দেখেছি। আমি আপনার উদ্বেগ বুঝতে পারছি। আপনার হার্নিয়া সার্জারির ইতিহাস রয়েছে এবং এখন অস্ত্রোপচার পরবর্তী সংক্রমণ হয়েছে। আপনি স্ট্রেপ্টোকক্কাল সংক্রমণে ভুগছেন। আপনার স্ট্রেপ্টোকক্কাল সংক্রমণ সাধারণ অ্যান্টিবায়োটিকের প্রতি প্রতিরোধী হতে পারে। আপনার কালচার এবং সেনসিটিভিটি পরীক্ষা করা উচিত। এটি অ্যান্টিবায়োটিক নির্বাচন করতে সাহায্য করবে। আপনার ডাক্তারের সাথে পরামর্শ করুন এবং সেই অনুযায়ী চিকিৎসা নিন। আশা করি আমি আপনার প্রশ্নের উত্তর দিতে পেরেছি, যদি আপনার কোনো সন্দেহ থাকে তবে আমার সাথে bit.ly/ Chat Doctor-এ যোগাযোগ করুন। নাসেনিয়া ডক ব্যবহার করার জন্য ধন্যবাদ। আপনার সুস্বাস্থ্য কামনা করি।"
111188,"হেলো, ডেইরি, আমি আপনার প্রশ্নটি দেখেছি। আমি আপনার উদ্বেগ বুঝতে পারছি। আপনার হার্নিয়া সার্জারির ইতিহাস রয়েছে এবং এখন অস্ত্রোপচার পরবর্তী সংক্রমণ হয়েছে। আপনি স্ট্রেপ্টোকক্কাল সংক্রমণে ভুগছেন। আপনার স্ট্রেপ্টোকক্কাল সংক্রমণ সাধারণ অ্যান্টিবায়োটিকের প্রতি প্রতিরোধী হতে পারে। আপনার কালচার এবং সেনসিটিভিটি পরীক্ষা করা উচিত। এটি অ্যান্টিবায়োটিক নির্বাচন করতে সাহায্য করবে। আপনার ডাক্তারের সাথে পরামর্শ করুন এবং সেই অনুযায়ী চিকিৎসা নিন। আশা করি আমি আপনার প্রশ্নের উত্তর দিতে পেরেছি, যদি আপনার কোনো সন্দেহ থাকে তবে আমার সাথে bit.ly/ Chat Doctor-এ যোগাযোগ করুন। নাসেনিয়া ডক ব্যবহার করার জন্য ধন্যবাদ। আপনার সুস্বাস্থ্য কামনা করি।"
22726,"হেলো, ডেইরি, আমি আপনার প্রশ্নটি দেখেছি। আমি আপনার উদ্বেগ বুঝতে পারছি। আপনার হার্নিয়া সার্জারির ইতিহাস রয়েছে এবং এখন অস্ত্রোপচার পরবর্তী সংক্রমণ হয়েছে। আপনি স্ট্রেপ্টোকক্কাল সংক্রমণে ভুগছেন। আপনার স্ট্রেপ্টোকক্কাল সংক্রমণ সাধারণ অ্যান্টিবায়োটিকের প্রতি প্রতিরোধী হতে পারে। আপনার কালচার এবং সেনসিটিভিটি পরীক্ষা করা উচিত। এটি অ্যান্টিবায়োটিক নির্বাচন করতে সাহায্য করবে। আপনার ডাক্তারের সাথে পরামর্শ করুন এবং সেই অনুযায়ী চিকিৎসা নিন। আশা করি আমি আপনার প্রশ্নের উত্তর দিতে পেরেছি, যদি আপনার কোনো সন্দেহ থাকে তবে আমার সাথে bit.ly/ Chat Doctor-এ যোগাযোগ করুন। নাসেনিয়া ডক ব্যবহার করার জন্য ধন্যবাদ। আপনার সুস্বাস্থ্য কামনা করি।"
22686,"হেলো, ডেইরি, আমি আপনার প্রশ্নটি দেখেছি। আমি আপনার উদ্বেগ বুঝতে পারছি। আপনার হার্নিয়া সার্জারির ইতিহাস রয়েছে এবং এখন অস্ত্রোপচার পরবর্তী সংক্রমণ হয়েছে। আপনি স্ট্রেপ্টোকক্কাল সংক্রমণে ভুগছেন। আপনার স্ট্রেপ্টোকক্কাল সংক্রমণ সাধারণ অ্যান্টিবায়োটিকের প্রতি প্রতিরোধী হতে পারে। আপনার কালচার এবং সেনসিটিভিটি পরীক্ষা করা উচিত। এটি অ্যান্টিবায়োটিক নির্বাচন করতে সাহায্য করবে। আপনার ডাক্তারের সাথে পরামর্শ করুন এবং সেই অনুযায়ী চিকিৎসা নিন। আশা করি আমি আপনার প্রশ্নের উত্তর দিতে পেরেছি, যদি আপনার কোনো সন্দেহ থাকে তবে আমার সাথে bit.ly/ Chat Doctor-এ যোগাযোগ করুন। নাসেনিয়া ডক ব্যবহার করার জন্য ধন্যবাদ। আপনার সুস্বাস্থ্য কামনা করি।"
81056,"হেলো, ডেইরি, আমি আপনার প্রশ্নটি দেখেছি। আমি আপনার উদ্বেগ বুঝতে পারছি। আপনার হার্নিয়া সার্জারির ইতিহাস রয়েছে এবং এখন অস্ত্রোপচার পরবর্তী সংক্রমণ হয়েছে। আপনি স্ট্রেপ্টোকক্কাল সংক্রমণে ভুগছেন। আপনার স্ট্রেপ্টোকক্কাল সংক্রমণ সাধারণ অ্যান্টিবায়োটিকের প্রতি প্রতিরোধী হতে পারে। আপনার কালচার এবং সেনসিটিভিটি পরীক্ষা করা উচিত। এটি অ্যান্টিবায়োটিক নির্বাচন করতে সাহায্য করবে। আপনার ডাক্তারের সাথে পরামর্শ করুন এবং সেই অনুযায়ী চিকিৎসা নিন। আশা করি আমি আপনার প্রশ্নের উত্তর দিতে পেরেছি, যদি আপনার কোনো সন্দেহ থাকে তবে আমার সাথে bit.ly/ Chat Doctor-এ যোগাযোগ করুন। নাসেনিয়া ডক ব্যবহার করার জন্য ধন্যবাদ। আপনার সুস্বাস্থ্য কামনা করি।"
38070,"হেলো, ডেইরি, আমি আপনার প্রশ্নটি দেখেছি। আমি আপনার উদ্বেগ বুঝতে পারছি। আপনার হার্নিয়া সার্জারির ইতিহাস রয়েছে এবং এখন অস্ত্রোপচার পরবর্তী সংক্রমণ হয়েছে। আপনি স্ট্রেপ্টোকক্কাল সংক্রমণে ভুগছেন। আপনার স্ট্রেপ্টোকক্কাল সংক্রমণ সাধারণ অ্যান্টিবায়োটিকের প্রতি প্রতিরোধী হতে পারে। আপনার কালচার এবং সেনসিটিভিটি পরীক্ষা করা উচিত। এটি অ্যান্টিবায়োটিক নির্বাচন করতে সাহায্য করবে। আপনার ডাক্তারের সাথে পরামর্শ করুন এবং সেই অনুযায়ী চিকিৎসা নিন। আশা করি আমি আপনার প্রশ্নের উত্তর দিতে পেরেছি, যদি আপনার কোনো সন্দেহ থাকে তবে আমার সাথে bit.ly/ Chat Doctor-এ যোগাযোগ করুন। নাসেনিয়া ডক ব্যবহার করার জন্য ধন্যবাদ। আপনার সুস্বাস্থ্য কামনা করি।"
33735,"হেলো, ডেইরি, আমি আপনার প্রশ্নটি দেখেছি। আমি আপনার উদ্বেগ বুঝতে পারছি। আপনার হার্নিয়া সার্জারির ইতিহাস রয়েছে এবং এখন অস্ত্রোপচার পরবর্তী সংক্রমণ হয়েছে। আপনি স্ট্রেপ্টোকক্কাল সংক্রমণে ভুগছেন। আপনার স্ট্রেপ্টোকক্কাল সংক্রমণ সাধারণ অ্যান্টিবায়োটিকের প্রতি প্রতিরোধী হতে পারে। আপনার কালচার এবং সেনসিটিভিটি পরীক্ষা করা উচিত। এটি অ্যান্টিবায়োটিক নির্বাচন করতে সাহায্য করবে। আপনার ডাক্তারের সাথে পরামর্শ করুন এবং সেই অনুযায়ী চিকিৎসা নিন। আশা করি আমি আপনার প্রশ্নের উত্তর দিতে পেরেছি, যদি আপনার কোনো সন্দেহ থাকে তবে আমার সাথে bit.ly/ Chat Doctor-এ যোগাযোগ করুন। নাসেনিয়া ডক ব্যবহার করার জন্য ধন্যবাদ। আপনার সুস্বাস্থ্য কামনা করি।"
86166,"হেলো, ডেইরি, আমি আপনার প্রশ্নটি দেখেছি। আমি আপনার উদ্বেগ বুঝতে পারছি। আপনার হার্নিয়া সার্জারির ইতিহাস রয়েছে এবং এখন অস্ত্রোপচার পরবর্তী সংক্রমণ হয়েছে। আপনি স্ট্রেপ্টোকক্কাল সংক্রমণে ভুগছেন। আপনার স্ট্রেপ্টোকক্কাল সংক্রমণ সাধারণ অ্যান্টিবায়োটিকের প্রতি প্রতিরোধী হতে পারে। আপনার কালচার এবং সেনসিটিভিটি পরীক্ষা করা উচিত। এটি অ্যান্টিবায়োটিক নির্বাচন করতে সাহায্য করবে। আপনার ডাক্তারের সাথে পরামর্শ করুন এবং সেই অনুযায়ী চিকিৎসা নিন। আশা করি আমি আপনার প্রশ্নের উত্তর দিতে পেরেছি, যদি আপনার কোনো সন্দেহ থাকে তবে আমার সাথে bit.ly/ Chat Doctor-এ যোগাযোগ করুন। নাসেনিয়া ডক ব্যবহার করার জন্য ধন্যবাদ। আপনার সুস্বাস্থ্য কামনা করি।"
66156,"হেলো, ডেইরি, আমি আপনার প্রশ্নটি দেখেছি। আমি আপনার উদ্বেগ বুঝতে পারছি। আপনার হার্নিয়া সার্জারির ইতিহাস রয়েছে এবং এখন অস্ত্রোপচার পরবর্তী সংক্রমণ হয়েছে। আপনি স্ট্রেপ্টোকক্কাল সংক্রমণে ভুগছেন। আপনার স্ট্রেপ্টোকক্কাল সংক্রমণ সাধারণ অ্যান্টিবায়োটিকের প্রতি প্রতিরোধী হতে পারে। আপনার কালচার এবং সেনসিটিভিটি পরীক্ষা করা উচিত। এটি অ্যান্টিবায়োটিক নির্বাচন করতে সাহায্য করবে। আপনার ডাক্তারের সাথে পরামর্শ করুন এবং সেই অনুযায়ী চিকিৎসা নিন। আশা করি আমি আপনার প্রশ্নের উত্তর দিতে পেরেছি, যদি আপনার কোনো সন্দেহ থাকে তবে আমার সাথে bit.ly/ Chat Doctor-এ যোগাযোগ করুন। নাসেনিয়া ডক ব্যবহার করার জন্য ধন্যবাদ। আপনার সুস্বাস্থ্য কামনা করি।"
7557,"হেলো, ডেইরি, আমি আপনার প্রশ্নটি দেখেছি। আমি আপনার উদ্বেগ বুঝতে পারছি। আপনার হার্নিয়া সার্জারির ইতিহাস রয়েছে এবং এখন অস্ত্রোপচার পরবর্তী সংক্রমণ হয়েছে। আপনি স্ট্রেপ্টোকক্কাল সংক্রমণে ভুগছেন। আপনার স্ট্রেপ্টোকক্কাল সংক্রমণ সাধারণ অ্যান্টিবায়োটিকের প্রতি প্রতিরোধী হতে পারে। আপনার কালচার এবং সেনসিটিভিটি পরীক্ষা করা উচিত। এটি অ্যান্টিবায়োটিক নির্বাচন করতে সাহায্য করবে। আপনার ডাক্তারের সাথে পরামর্শ করুন এবং সেই অনুযায়ী চিকিৎসা নিন। আশা করি আমি আপনার প্রশ্নের উত্তর দিতে পেরেছি, যদি আপনার কোনো সন্দেহ থাকে তবে আমার সাথে bit.ly/ Chat Doctor-এ যোগাযোগ করুন। নাসেনিয়া ডক ব্যবহার করার জন্য ধন্যবাদ। আপনার সুস্বাস্থ্য কামনা করি।"
27594,"হেলো, ডেইরি, আমি আপনার প্রশ্নটি দেখেছি। আমি আপনার উদ্বেগ বুঝতে পারছি। আপনার হার্নিয়া সার্জারির ইতিহাস রয়েছে এবং এখন অস্ত্রোপচার পরবর্তী সংক্রমণ হয়েছে। আপনি স্ট্রেপ্টোকক্কাল সংক্রমণে ভুগছেন। আপনার স্ট্রেপ্টোকক্কাল সংক্রমণ সাধারণ অ্যান্টিবায়োটিকের প্রতি প্রতিরোধী হতে পারে। আপনার কালচার এবং সেনসিটিভিটি পরীক্ষা করা উচিত। এটি অ্যান্টিবায়োটিক নির্বাচন করতে সাহায্য করবে। আপনার ডাক্তারের সাথে পরামর্শ করুন এবং সেই অনুযায়ী চিকিৎসা নিন। আশা করি আমি আপনার প্রশ্নের উত্তর দিতে পেরেছি, যদি আপনার কোনো সন্দেহ থাকে তবে আমার সাথে bit.ly/ Chat Doctor-এ যোগাযোগ করুন। নাসেনিয়া ডক ব্যবহার করার জন্য ধন্যবাদ। আপনার সুস্বাস্থ্য কামনা করি।"
33295,"হেলো, ডেইরি, আমি আপনার প্রশ্নটি দেখেছি। আমি আপনার উদ্বেগ বুঝতে পারছি। আপনার হার্নিয়া সার্জারির ইতিহাস রয়েছে এবং এখন অস্ত্রোপচার পরবর্তী সংক্রমণ হয়েছে। আপনি স্ট্রেপ্টোকক্কাল সংক্রমণে ভুগছেন। আপনার স্ট্রেপ্টোকক্কাল সংক্রমণ সাধারণ অ্যান্টিবায়োটিকের প্রতি প্রতিরোধী হতে পারে। আপনার কালচার এবং সেনসিটিভিটি পরীক্ষা করা উচিত। এটি অ্যান্টিবায়োটিক নির্বাচন করতে সাহায্য করবে। আপনার ডাক্তারের সাথে পরামর্শ করুন এবং সেই অনুযায়ী চিকিৎসা নিন। আশা করি আমি আপনার প্রশ্নের উত্তর দিতে পেরেছি, যদি আপনার কোনো সন্দেহ থাকে তবে আমার সাথে bit.ly/ Chat Doctor-এ যোগাযোগ করুন। নাসেনিয়া ডক ব্যবহার করার জন্য ধন্যবাদ। আপনার সুস্বাস্থ্য কামনা করি।"
61476,"হেলো, ডেইরি, আমি আপনার প্রশ্নটি দেখেছি। আমি আপনার উদ্বেগ বুঝতে পারছি। আপনার হার্নিয়া সার্জারির ইতিহাস রয়েছে এবং এখন অস্ত্রোপচার পরবর্তী সংক্রমণ হয়েছে। আপনি স্ট্রেপ্টোকক্কাল সংক্রমণে ভুগছেন। আপনার স্ট্রেপ্টোকক্কাল সংক্রমণ সাধারণ অ্যান্টিবায়োটিকের প্রতি প্রতিরোধী হতে পারে। আপনার কালচার এবং সেনসিটিভিটি পরীক্ষা করা উচিত। এটি অ্যান্টিবায়োটিক নির্বাচন করতে সাহায্য করবে। আপনার ডাক্তারের সাথে পরামর্শ করুন এবং সেই অনুযায়ী চিকিৎসা নিন। আশা করি আমি আপনার প্রশ্নের উত্তর দিতে পেরেছি, যদি আপনার কোনো সন্দেহ থাকে তবে আমার সাথে bit.ly/ Chat Doctor-এ যোগাযোগ করুন। নাসেনিয়া ডক ব্যবহার করার জন্য ধন্যবাদ। আপনার সুস্বাস্থ্য কামনা করি।"
110947,"হেলো, ডেইরি, আমি আপনার প্রশ্নটি দেখেছি। আমি আপনার উদ্বেগ বুঝতে পারছি। আপনার হার্নিয়া সার্জারির ইতিহাস রয়েছে এবং এখন অস্ত্রোপচার পরবর্তী সংক্রমণ হয়েছে। আপনি স্ট্রেপ্টোকক্কাল সংক্রমণে ভুগছেন। আপনার স্ট্রেপ্টোকক্কাল সংক্রমণ সাধারণ অ্যান্টিবায়োটিকের প্রতি প্রতিরোধী হতে পারে। আপনার কালচার এবং সেনসিটিভিটি পরীক্ষা করা উচিত। এটি অ্যান্টিবায়োটিক নির্বাচন করতে সাহায্য করবে। আপনার ডাক্তারের সাথে পরামর্শ করুন এবং সেই অনুযায়ী চিকিৎসা নিন। আশা করি আমি আপনার প্রশ্নের উত্তর দিতে পেরেছি, যদি আপনার কোনো সন্দেহ থাকে তবে আমার সাথে bit.ly/ Chat Doctor-এ যোগাযোগ করুন। নাসেনিয়া ডক ব্যবহার করার জন্য ধন্যবাদ। আপনার সুস্বাস্থ্য কামনা করি।"
79063,"হেলো, ডেইরি, আমি আপনার প্রশ্নটি দেখেছি। আমি আপনার উদ্বেগ বুঝতে পারছি। আপনার হার্নিয়া সার্জারির ইতিহাস রয়েছে এবং এখন অস্ত্রোপচার পরবর্তী সংক্রমণ হয়েছে। আপনি স্ট্রেপ্টোকক্কাল সংক্রমণে ভুগছেন। আপনার স্ট্রেপ্টোকক্কাল সংক্রমণ সাধারণ অ্যান্টিবায়োটিকের প্রতি প্রতিরোধী হতে পারে। আপনার কালচার এবং সেনসিটিভিটি পরীক্ষা করা উচিত। এটি অ্যান্টিবায়োটিক নির্বাচন করতে সাহায্য করবে। আপনার ডাক্তারের সাথে পরামর্শ করুন এবং সেই অনুযায়ী চিকিৎসা নিন। আশা করি আমি আপনার প্রশ্নের উত্তর দিতে পেরেছি, যদি আপনার কোনো সন্দেহ থাকে তবে আমার সাথে bit.ly/ Chat Doctor-এ যোগাযোগ করুন। নাসেনিয়া ডক ব্যবহার করার জন্য ধন্যবাদ। আপনার সুস্বাস্থ্য কামনা করি।"
106062,"হেলো, ডেইরি, আমি আপনার প্রশ্নটি দেখেছি। আমি আপনার উদ্বেগ বুঝতে পারছি। আপনার হার্নিয়া সার্জারির ইতিহাস রয়েছে এবং এখন অস্ত্রোপচার পরবর্তী সংক্রমণ হয়েছে। আপনি স্ট্রেপ্টোকক্কাল সংক্রমণে ভুগছেন। আপনার স্ট্রেপ্টোকক্কাল সংক্রমণ সাধারণ অ্যান্টিবায়োটিকের প্রতি প্রতিরোধী হতে পারে। আপনার কালচার এবং সেনসিটিভিটি পরীক্ষা করা উচিত। এটি অ্যান্টিবায়োটিক নির্বাচন করতে সাহায্য করবে। আপনার ডাক্তারের সাথে পরামর্শ করুন এবং সেই অনুযায়ী চিকিৎসা নিন। আশা করি আমি আপনার প্রশ্নের উত্তর দিতে পেরেছি, যদি আপনার কোনো সন্দেহ থাকে তবে আমার সাথে bit.ly/ Chat Doctor-এ যোগাযোগ করুন। নাসেনিয়া ডক ব্যবহার করার জন্য ধন্যবাদ। আপনার সুস্বাস্থ্য কামনা করি।"
81842,"হেলো, ডেইরি, আমি আপনার প্রশ্নটি দেখেছি। আমি আপনার উদ্বেগ বুঝতে পারছি। আপনার হার্নিয়া সার্জারির ইতিহাস রয়েছে এবং এখন অস্ত্রোপচার পরবর্তী সংক্রমণ হয়েছে। আপনি স্ট্রেপ্টোকক্কাল সংক্রমণে ভুগছেন। আপনার স্ট্রেপ্টোকক্কাল সংক্রমণ সাধারণ অ্যান্টিবায়োটিকের প্রতি প্রতিরোধী হতে পারে। আপনার কালচার এবং সেনসিটিভিটি পরীক্ষা করা উচিত। এটি অ্যান্টিবায়োটিক নির্বাচন করতে সাহায্য করবে। আপনার ডাক্তারের সাথে পরামর্শ করুন এবং সেই অনুযায়ী চিকিৎসা নিন। আশা করি আমি আপনার প্রশ্নের উত্তর দিতে পেরেছি, যদি আপনার কোনো সন্দেহ থাকে তবে আমার সাথে bit.ly/ Chat Doctor-এ যোগাযোগ করুন। নাসেনিয়া ডক ব্যবহার করার জন্য ধন্যবাদ। আপনার সুস্বাস্থ্য কামনা করি।"
95895,"হেলো, ডেইরি, আমি আপনার প্রশ্নটি দেখেছি। আমি আপনার উদ্বেগ বুঝতে পারছি। আপনার হার্নিয়া সার্জারির ইতিহাস রয়েছে এবং এখন অস্ত্রোপচার পরবর্তী সংক্রমণ হয়েছে। আপনি স্ট্রেপ্টোকক্কাল সংক্রমণে ভুগছেন। আপনার স্ট্রেপ্টোকক্কাল সংক্রমণ সাধারণ অ্যান্টিবায়োটিকের প্রতি প্রতিরোধী হতে পারে। আপনার কালচার এবং সেনসিটিভিটি পরীক্ষা করা উচিত। এটি অ্যান্টিবায়োটিক নির্বাচন করতে সাহায্য করবে। আপনার ডাক্তারের সাথে পরামর্শ করুন এবং সেই অনুযায়ী চিকিৎসা নিন। আশা করি আমি আপনার প্রশ্নের উত্তর দিতে পেরেছি, যদি আপনার কোনো সন্দেহ থাকে তবে আমার সাথে bit.ly/ Chat Doctor-এ যোগাযোগ করুন। নাসেনিয়া ডক ব্যবহার করার জন্য ধন্যবাদ। আপনার সুস্বাস্থ্য কামনা করি।"
102720,"হেলো, ডেইরি, আমি আপনার প্রশ্নটি দেখেছি। আমি আপনার উদ্বেগ বুঝতে পারছি। আপনার হার্নিয়া সার্জারির ইতিহাস রয়েছে এবং এখন অস্ত্রোপচার পরবর্তী সংক্রমণ হয়েছে। আপনি স্ট্রেপ্টোকক্কাল সংক্রমণে ভুগছেন। আপনার স্ট্রেপ্টোকক্কাল সংক্রমণ সাধারণ অ্যান্টিবায়োটিকের প্রতি প্রতিরোধী হতে পারে। আপনার কালচার এবং সেনসিটিভিটি পরীক্ষা করা উচিত। এটি অ্যান্টিবায়োটিক নির্বাচন করতে সাহায্য করবে। আপনার ডাক্তারের সাথে পরামর্শ করুন এবং সেই অনুযায়ী চিকিৎসা নিন। আশা করি আমি আপনার প্রশ্নের উত্তর দিতে পেরেছি, যদি আপনার কোনো সন্দেহ থাকে তবে আমার সাথে bit.ly/ Chat Doctor-এ যোগাযোগ করুন। নাসেনিয়া ডক ব্যবহার করার জন্য ধন্যবাদ। আপনার সুস্বাস্থ্য কামনা করি।"
75144,"হেলো, ডেইরি, আমি আপনার প্রশ্নটি দেখেছি। আমি আপনার উদ্বেগ বুঝতে পারছি। আপনার হার্নিয়া সার্জারির ইতিহাস রয়েছে এবং এখন অস্ত্রোপচার পরবর্তী সংক্রমণ হয়েছে। আপনি স্ট্রেপ্টোকক্কাল সংক্রমণে ভুগছেন। আপনার স্ট্রেপ্টোকক্কাল সংক্রমণ সাধারণ অ্যান্টিবায়োটিকের প্রতি প্রতিরোধী হতে পারে। আপনার কালচার এবং সেনসিটিভিটি পরীক্ষা করা উচিত। এটি অ্যান্টিবায়োটিক নির্বাচন করতে সাহায্য করবে। আপনার ডাক্তারের সাথে পরামর্শ করুন এবং সেই অনুযায়ী চিকিৎসা নিন। আশা করি আমি আপনার প্রশ্নের উত্তর দিতে পেরেছি, যদি আপনার কোনো সন্দেহ থাকে তবে আমার সাথে bit.ly/ Chat Doctor-এ যোগাযোগ করুন। নাসেনিয়া ডক ব্যবহার করার জন্য ধন্যবাদ। আপনার সুস্বাস্থ্য কামনা করি।"
400,"হেলো, ডেইরি, আমি আপনার প্রশ্নটি দেখেছি। আমি আপনার উদ্বেগ বুঝতে পারছি। আপনার হার্নিয়া সার্জারির ইতিহাস রয়েছে এবং এখন অস্ত্রোপচার পরবর্তী সংক্রমণ হয়েছে। আপনি স্ট্রেপ্টোকক্কাল সংক্রমণে ভুগছেন। আপনার স্ট্রেপ্টোকক্কাল সংক্রমণ সাধারণ অ্যান্টিবায়োটিকের প্রতি প্রতিরোধী হতে পারে। আপনার কালচার এবং সেনসিটিভিটি পরীক্ষা করা উচিত। এটি অ্যান্টিবায়োটিক নির্বাচন করতে সাহায্য করবে। আপনার ডাক্তারের সাথে পরামর্শ করুন এবং সেই অনুযায়ী চিকিৎসা নিন। আশা করি আমি আপনার প্রশ্নের উত্তর দিতে পেরেছি, যদি আপনার কোনো সন্দেহ থাকে তবে আমার সাথে bit.ly/ Chat Doctor-এ যোগাযোগ করুন। নাসেনিয়া ডক ব্যবহার করার জন্য ধন্যবাদ। আপনার সুস্বাস্থ্য কামনা করি।"
15380,"হেলো, ডেইরি, আমি আপনার প্রশ্নটি দেখেছি। আমি আপনার উদ্বেগ বুঝতে পারছি। আপনার হার্নিয়া সার্জারির ইতিহাস রয়েছে এবং এখন অস্ত্রোপচার পরবর্তী সংক্রমণ হয়েছে। আপনি স্ট্রেপ্টোকক্কাল সংক্রমণে ভুগছেন। আপনার স্ট্রেপ্টোকক্কাল সংক্রমণ সাধারণ অ্যান্টিবায়োটিকের প্রতি প্রতিরোধী হতে পারে। আপনার কালচার এবং সেনসিটিভিটি পরীক্ষা করা উচিত। এটি অ্যান্টিবায়োটিক নির্বাচন করতে সাহায্য করবে। আপনার ডাক্তারের সাথে পরামর্শ করুন এবং সেই অনুযায়ী চিকিৎসা নিন। আশা করি আমি আপনার প্রশ্নের উত্তর দিতে পেরেছি, যদি আপনার কোনো সন্দেহ থাকে তবে আমার সাথে bit.ly/ Chat Doctor-এ যোগাযোগ করুন। নাসেনিয়া ডক ব্যবহার করার জন্য ধন্যবাদ। আপনার সুস্বাস্থ্য কামনা করি।"
103380,"হেলো, ডেইরি, আমি আপনার প্রশ্নটি দেখেছি। আমি আপনার উদ্বেগ বুঝতে পারছি। আপনার হার্নিয়া সার্জারির ইতিহাস রয়েছে এবং এখন অস্ত্রোপচার পরবর্তী সংক্রমণ হয়েছে। আপনি স্ট্রেপ্টোকক্কাল সংক্রমণে ভুগছেন। আপনার স্ট্রেপ্টোকক্কাল সংক্রমণ সাধারণ অ্যান্টিবায়োটিকের প্রতি প্রতিরোধী হতে পারে। আপনার কালচার এবং সেনসিটিভিটি পরীক্ষা করা উচিত। এটি অ্যান্টিবায়োটিক নির্বাচন করতে সাহায্য করবে। আপনার ডাক্তারের সাথে পরামর্শ করুন এবং সেই অনুযায়ী চিকিৎসা নিন। আশা করি আমি আপনার প্রশ্নের উত্তর দিতে পেরেছি, যদি আপনার কোনো সন্দেহ থাকে তবে আমার সাথে bit.ly/ Chat Doctor-এ যোগাযোগ করুন। নাসেনিয়া ডক ব্যবহার করার জন্য ধন্যবাদ। আপনার সুস্বাস্থ্য কামনা করি।"
66040,"হেলো, ডেইরি, আমি আপনার প্রশ্নটি দেখেছি। আমি আপনার উদ্বেগ বুঝতে পারছি। আপনার হার্নিয়া সার্জারির ইতিহাস রয়েছে এবং এখন অস্ত্রোপচার পরবর্তী সংক্রমণ হয়েছে। আপনি স্ট্রেপ্টোকক্কাল সংক্রমণে ভুগছেন। আপনার স্ট্রেপ্টোকক্কাল সংক্রমণ সাধারণ অ্যান্টিবায়োটিকের প্রতি প্রতিরোধী হতে পারে। আপনার কালচার এবং সেনসিটিভিটি পরীক্ষা করা উচিত। এটি অ্যান্টিবায়োটিক নির্বাচন করতে সাহায্য করবে। আপনার ডাক্তারের সাথে পরামর্শ করুন এবং সেই অনুযায়ী চিকিৎসা নিন। আশা করি আমি আপনার প্রশ্নের উত্তর দিতে পেরেছি, যদি আপনার কোনো সন্দেহ থাকে তবে আমার সাথে bit.ly/ Chat Doctor-এ যোগাযোগ করুন। নাসেনিয়া ডক ব্যবহার করার জন্য ধন্যবাদ। আপনার সুস্বাস্থ্য কামনা করি।"
47299,"হেলো, ডেইরি, আমি আপনার প্রশ্নটি দেখেছি। আমি আপনার উদ্বেগ বুঝতে পারছি। আপনার হার্নিয়া সার্জারির ইতিহাস রয়েছে এবং এখন অস্ত্রোপচার পরবর্তী সংক্রমণ হয়েছে। আপনি স্ট্রেপ্টোকক্কাল সংক্রমণে ভুগছেন। আপনার স্ট্রেপ্টোকক্কাল সংক্রমণ সাধারণ অ্যান্টিবায়োটিকের প্রতি প্রতিরোধী হতে পারে। আপনার কালচার এবং সেনসিটিভিটি পরীক্ষা করা উচিত। এটি অ্যান্টিবায়োটিক নির্বাচন করতে সাহায্য করবে। আপনার ডাক্তারের সাথে পরামর্শ করুন এবং সেই অনুযায়ী চিকিৎসা নিন। আশা করি আমি আপনার প্রশ্নের উত্তর দিতে পেরেছি, যদি আপনার কোনো সন্দেহ থাকে তবে আমার সাথে bit.ly/ Chat Doctor-এ যোগাযোগ করুন। নাসেনিয়া ডক ব্যবহার করার জন্য ধন্যবাদ। আপনার সুস্বাস্থ্য কামনা করি।"
96545,"হেলো, ডেইরি, আমি আপনার প্রশ্নটি দেখেছি। আমি আপনার উদ্বেগ বুঝতে পারছি। আপনার হার্নিয়া সার্জারির ইতিহাস রয়েছে এবং এখন অস্ত্রোপচার পরবর্তী সংক্রমণ হয়েছে। আপনি স্ট্রেপ্টোকক্কাল সংক্রমণে ভুগছেন। আপনার স্ট্রেপ্টোকক্কাল সংক্রমণ সাধারণ অ্যান্টিবায়োটিকের প্রতি প্রতিরোধী হতে পারে। আপনার কালচার এবং সেনসিটিভিটি পরীক্ষা করা উচিত। এটি অ্যান্টিবায়োটিক নির্বাচন করতে সাহায্য করবে। আপনার ডাক্তারের সাথে পরামর্শ করুন এবং সেই অনুযায়ী চিকিৎসা নিন। আশা করি আমি আপনার প্রশ্নের উত্তর দিতে পেরেছি, যদি আপনার কোনো সন্দেহ থাকে তবে আমার সাথে bit.ly/ Chat Doctor-এ যোগাযোগ করুন। নাসেনিয়া ডক ব্যবহার করার জন্য ধন্যবাদ। আপনার সুস্বাস্থ্য কামনা করি।"
54738,"হেলো, ডেইরি, আমি আপনার প্রশ্নটি দেখেছি। আমি আপনার উদ্বেগ বুঝতে পারছি। আপনার হার্নিয়া সার্জারির ইতিহাস রয়েছে এবং এখন অস্ত্রোপচার পরবর্তী সংক্রমণ হয়েছে। আপনি স্ট্রেপ্টোকক্কাল সংক্রমণে ভুগছেন। আপনার স্ট্রেপ্টোকক্কাল সংক্রমণ সাধারণ অ্যান্টিবায়োটিকের প্রতি প্রতিরোধী হতে পারে। আপনার কালচার এবং সেনসিটিভিটি পরীক্ষা করা উচিত। এটি অ্যান্টিবায়োটিক নির্বাচন করতে সাহায্য করবে। আপনার ডাক্তারের সাথে পরামর্শ করুন এবং সেই অনুযায়ী চিকিৎসা নিন। আশা করি আমি আপনার প্রশ্নের উত্তর দিতে পেরেছি, যদি আপনার কোনো সন্দেহ থাকে তবে আমার সাথে bit.ly/ Chat Doctor-এ যোগাযোগ করুন। নাসেনিয়া ডক ব্যবহার করার জন্য ধন্যবাদ। আপনার সুস্বাস্থ্য কামনা করি।"
103136,"হেলো, ডেইরি, আমি আপনার প্রশ্নটি দেখেছি। আমি আপনার উদ্বেগ বুঝতে পারছি। আপনার হার্নিয়া সার্জারির ইতিহাস রয়েছে এবং এখন অস্ত্রোপচার পরবর্তী সংক্রমণ হয়েছে। আপনি স্ট্রেপ্টোকক্কাল সংক্রমণে ভুগছেন। আপনার স্ট্রেপ্টোকক্কাল সংক্রমণ সাধারণ অ্যান্টিবায়োটিকের প্রতি প্রতিরোধী হতে পারে। আপনার কালচার এবং সেনসিটিভিটি পরীক্ষা করা উচিত। এটি অ্যান্টিবায়োটিক নির্বাচন করতে সাহায্য করবে। আপনার ডাক্তারের সাথে পরামর্শ করুন এবং সেই অনুযায়ী চিকিৎসা নিন। আশা করি আমি আপনার প্রশ্নের উত্তর দিতে পেরেছি, যদি আপনার কোনো সন্দেহ থাকে তবে আমার সাথে bit.ly/ Chat Doctor-এ যোগাযোগ করুন। নাসেনিয়া ডক ব্যবহার করার জন্য ধন্যবাদ। আপনার সুস্বাস্থ্য কামনা করি।"
20362,"হেলো, ডেইরি, আমি আপনার প্রশ্নটি দেখেছি। আমি আপনার উদ্বেগ বুঝতে পারছি। আপনার হার্নিয়া সার্জারির ইতিহাস রয়েছে এবং এখন অস্ত্রোপচার পরবর্তী সংক্রমণ হয়েছে। আপনি স্ট্রেপ্টোকক্কাল সংক্রমণে ভুগছেন। আপনার স্ট্রেপ্টোকক্কাল সংক্রমণ সাধারণ অ্যান্টিবায়োটিকের প্রতি প্রতিরোধী হতে পারে। আপনার কালচার এবং সেনসিটিভিটি পরীক্ষা করা উচিত। এটি অ্যান্টিবায়োটিক নির্বাচন করতে সাহায্য করবে। আপনার ডাক্তারের সাথে পরামর্শ করুন এবং সেই অনুযায়ী চিকিৎসা নিন। আশা করি আমি আপনার প্রশ্নের উত্তর দিতে পেরেছি, যদি আপনার কোনো সন্দেহ থাকে তবে আমার সাথে bit.ly/ Chat Doctor-এ যোগাযোগ করুন। নাসেনিয়া ডক ব্যবহার করার জন্য ধন্যবাদ। আপনার সুস্বাস্থ্য কামনা করি।"
25318,"হেলো, ডেইরি, আমি আপনার প্রশ্নটি দেখেছি। আমি আপনার উদ্বেগ বুঝতে পারছি। আপনার হার্নিয়া সার্জারির ইতিহাস রয়েছে এবং এখন অস্ত্রোপচার পরবর্তী সংক্রমণ হয়েছে। আপনি স্ট্রেপ্টোকক্কাল সংক্রমণে ভুগছেন। আপনার স্ট্রেপ্টোকক্কাল সংক্রমণ সাধারণ অ্যান্টিবায়োটিকের প্রতি প্রতিরোধী হতে পারে। আপনার কালচার এবং সেনসিটিভিটি পরীক্ষা করা উচিত। এটি অ্যান্টিবায়োটিক নির্বাচন করতে সাহায্য করবে। আপনার ডাক্তারের সাথে পরামর্শ করুন এবং সেই অনুযায়ী চিকিৎসা নিন। আশা করি আমি আপনার প্রশ্নের উত্তর দিতে পেরেছি, যদি আপনার কোনো সন্দেহ থাকে তবে আমার সাথে bit.ly/ Chat Doctor-এ যোগাযোগ করুন। নাসেনিয়া ডক ব্যবহার করার জন্য ধন্যবাদ। আপনার সুস্বাস্থ্য কামনা করি।"
100278,"হেলো, ডেইরি, আমি আপনার প্রশ্নটি দেখেছি। আমি আপনার উদ্বেগ বুঝতে পারছি। আপনার হার্নিয়া সার্জারির ইতিহাস রয়েছে এবং এখন অস্ত্রোপচার পরবর্তী সংক্রমণ হয়েছে। আপনি স্ট্রেপ্টোকক্কাল সংক্রমণে ভুগছেন। আপনার স্ট্রেপ্টোকক্কাল সংক্রমণ সাধারণ অ্যান্টিবায়োটিকের প্রতি প্রতিরোধী হতে পারে। আপনার কালচার এবং সেনসিটিভিটি পরীক্ষা করা উচিত। এটি অ্যান্টিবায়োটিক নির্বাচন করতে সাহায্য করবে। আপনার ডাক্তারের সাথে পরামর্শ করুন এবং সেই অনুযায়ী চিকিৎসা নিন। আশা করি আমি আপনার প্রশ্নের উত্তর দিতে পেরেছি, যদি আপনার কোনো সন্দেহ থাকে তবে আমার সাথে bit.ly/ Chat Doctor-এ যোগাযোগ করুন। নাসেনিয়া ডক ব্যবহার করার জন্য ধন্যবাদ। আপনার সুস্বাস্থ্য কামনা করি।"
23479,"হেলো, ডেইরি, আমি আপনার প্রশ্নটি দেখেছি। আমি আপনার উদ্বেগ বুঝতে পারছি। আপনার হার্নিয়া সার্জারির ইতিহাস রয়েছে এবং এখন অস্ত্রোপচার পরবর্তী সংক্রমণ হয়েছে। আপনি স্ট্রেপ্টোকক্কাল সংক্রমণে ভুগছেন। আপনার স্ট্রেপ্টোকক্কাল সংক্রমণ সাধারণ অ্যান্টিবায়োটিকের প্রতি প্রতিরোধী হতে পারে। আপনার কালচার এবং সেনসিটিভিটি পরীক্ষা করা উচিত। এটি অ্যান্টিবায়োটিক নির্বাচন করতে সাহায্য করবে। আপনার ডাক্তারের সাথে পরামর্শ করুন এবং সেই অনুযায়ী চিকিৎসা নিন। আশা করি আমি আপনার প্রশ্নের উত্তর দিতে পেরেছি, যদি আপনার কোনো সন্দেহ থাকে তবে আমার সাথে bit.ly/ Chat Doctor-এ যোগাযোগ করুন। নাসেনিয়া ডক ব্যবহার করার জন্য ধন্যবাদ। আপনার সুস্বাস্থ্য কামনা করি।"
75132,"হেলো, ডেইরি, আমি আপনার প্রশ্নটি দেখেছি। আমি আপনার উদ্বেগ বুঝতে পারছি। আপনার হার্নিয়া সার্জারির ইতিহাস রয়েছে এবং এখন অস্ত্রোপচার পরবর্তী সংক্রমণ হয়েছে। আপনি স্ট্রেপ্টোকক্কাল সংক্রমণে ভুগছেন। আপনার স্ট্রেপ্টোকক্কাল সংক্রমণ সাধারণ অ্যান্টিবায়োটিকের প্রতি প্রতিরোধী হতে পারে। আপনার কালচার এবং সেনসিটিভিটি পরীক্ষা করা উচিত। এটি অ্যান্টিবায়োটিক নির্বাচন করতে সাহায্য করবে। আপনার ডাক্তারের সাথে পরামর্শ করুন এবং সেই অনুযায়ী চিকিৎসা নিন। আশা করি আমি আপনার প্রশ্নের উত্তর দিতে পেরেছি, যদি আপনার কোনো সন্দেহ থাকে তবে আমার সাথে bit.ly/ Chat Doctor-এ যোগাযোগ করুন। নাসেনিয়া ডক ব্যবহার করার জন্য ধন্যবাদ। আপনার সুস্বাস্থ্য কামনা করি।"
88532,"হেলো, ডেইরি, আমি আপনার প্রশ্নটি দেখেছি। আমি আপনার উদ্বেগ বুঝতে পারছি। আপনার হার্নিয়া সার্জারির ইতিহাস রয়েছে এবং এখন অস্ত্রোপচার পরবর্তী সংক্রমণ হয়েছে। আপনি স্ট্রেপ্টোকক্কাল সংক্রমণে ভুগছেন। আপনার স্ট্রেপ্টোকক্কাল সংক্রমণ সাধারণ অ্যান্টিবায়োটিকের প্রতি প্রতিরোধী হতে পারে। আপনার কালচার এবং সেনসিটিভিটি পরীক্ষা করা উচিত। এটি অ্যান্টিবায়োটিক নির্বাচন করতে সাহায্য করবে। আপনার ডাক্তারের সাথে পরামর্শ করুন এবং সেই অনুযায়ী চিকিৎসা নিন। আশা করি আমি আপনার প্রশ্নের উত্তর দিতে পেরেছি, যদি আপনার কোনো সন্দেহ থাকে তবে আমার সাথে bit.ly/ Chat Doctor-এ যোগাযোগ করুন। নাসেনিয়া ডক ব্যবহার করার জন্য ধন্যবাদ। আপনার সুস্বাস্থ্য কামনা করি।"
87184,"হেলো, ডেইরি, আমি আপনার প্রশ্নটি দেখেছি। আমি আপনার উদ্বেগ বুঝতে পারছি। আপনার হার্নিয়া সার্জারির ইতিহাস রয়েছে এবং এখন অস্ত্রোপচার পরবর্তী সংক্রমণ হয়েছে। আপনি স্ট্রেপ্টোকক্কাল সংক্রমণে ভুগছেন। আপনার স্ট্রেপ্টোকক্কাল সংক্রমণ সাধারণ অ্যান্টিবায়োটিকের প্রতি প্রতিরোধী হতে পারে। আপনার কালচার এবং সেনসিটিভিটি পরীক্ষা করা উচিত। এটি অ্যান্টিবায়োটিক নির্বাচন করতে সাহায্য করবে। আপনার ডাক্তারের সাথে পরামর্শ করুন এবং সেই অনুযায়ী চিকিৎসা নিন। আশা করি আমি আপনার প্রশ্নের উত্তর দিতে পেরেছি, যদি আপনার কোনো সন্দেহ থাকে তবে আমার সাথে bit.ly/ Chat Doctor-এ যোগাযোগ করুন। নাসেনিয়া ডক ব্যবহার করার জন্য ধন্যবাদ। আপনার সুস্বাস্থ্য কামনা করি।"
78357,"হেলো, ডেইরি, আমি আপনার প্রশ্নটি দেখেছি। আমি আপনার উদ্বেগ বুঝতে পারছি। আপনার হার্নিয়া সার্জারির ইতিহাস রয়েছে এবং এখন অস্ত্রোপচার পরবর্তী সংক্রমণ হয়েছে। আপনি স্ট্রেপ্টোকক্কাল সংক্রমণে ভুগছেন। আপনার স্ট্রেপ্টোকক্কাল সংক্রমণ সাধারণ অ্যান্টিবায়োটিকের প্রতি প্রতিরোধী হতে পারে। আপনার কালচার এবং সেনসিটিভিটি পরীক্ষা করা উচিত। এটি অ্যান্টিবায়োটিক নির্বাচন করতে সাহায্য করবে। আপনার ডাক্তারের সাথে পরামর্শ করুন এবং সেই অনুযায়ী চিকিৎসা নিন। আশা করি আমি আপনার প্রশ্নের উত্তর দিতে পেরেছি, যদি আপনার কোনো সন্দেহ থাকে তবে আমার সাথে bit.ly/ Chat Doctor-এ যোগাযোগ করুন। নাসেনিয়া ডক ব্যবহার করার জন্য ধন্যবাদ। আপনার সুস্বাস্থ্য কামনা করি।"
52213,"হেলো, ডেইরি, আমি আপনার প্রশ্নটি দেখেছি। আমি আপনার উদ্বেগ বুঝতে পারছি। আপনার হার্নিয়া সার্জারির ইতিহাস রয়েছে এবং এখন অস্ত্রোপচার পরবর্তী সংক্রমণ হয়েছে। আপনি স্ট্রেপ্টোকক্কাল সংক্রমণে ভুগছেন। আপনার স্ট্রেপ্টোকক্কাল সংক্রমণ সাধারণ অ্যান্টিবায়োটিকের প্রতি প্রতিরোধী হতে পারে। আপনার কালচার এবং সেনসিটিভিটি পরীক্ষা করা উচিত। এটি অ্যান্টিবায়োটিক নির্বাচন করতে সাহায্য করবে। আপনার ডাক্তারের সাথে পরামর্শ করুন এবং সেই অনুযায়ী চিকিৎসা নিন। আশা করি আমি আপনার প্রশ্নের উত্তর দিতে পেরেছি, যদি আপনার কোনো সন্দেহ থাকে তবে আমার সাথে bit.ly/ Chat Doctor-এ যোগাযোগ করুন। নাসেনিয়া ডক ব্যবহার করার জন্য ধন্যবাদ। আপনার সুস্বাস্থ্য কামনা করি।"
96423,"হেলো, ডেইরি, আমি আপনার প্রশ্নটি দেখেছি। আমি আপনার উদ্বেগ বুঝতে পারছি। আপনার হার্নিয়া সার্জারির ইতিহাস রয়েছে এবং এখন অস্ত্রোপচার পরবর্তী সংক্রমণ হয়েছে। আপনি স্ট্রেপ্টোকক্কাল সংক্রমণে ভুগছেন। আপনার স্ট্রেপ্টোকক্কাল সংক্রমণ সাধারণ অ্যান্টিবায়োটিকের প্রতি প্রতিরোধী হতে পারে। আপনার কালচার এবং সেনসিটিভিটি পরীক্ষা করা উচিত। এটি অ্যান্টিবায়োটিক নির্বাচন করতে সাহায্য করবে। আপনার ডাক্তারের সাথে পরামর্শ করুন এবং সেই অনুযায়ী চিকিৎসা নিন। আশা করি আমি আপনার প্রশ্নের উত্তর দিতে পেরেছি, যদি আপনার কোনো সন্দেহ থাকে তবে আমার সাথে bit.ly/ Chat Doctor-এ যোগাযোগ করুন। নাসেনিয়া ডক ব্যবহার করার জন্য ধন্যবাদ। আপনার সুস্বাস্থ্য কামনা করি।"
60994,"হেলো, ডেইরি, আমি আপনার প্রশ্নটি দেখেছি। আমি আপনার উদ্বেগ বুঝতে পারছি। আপনার হার্নিয়া সার্জারির ইতিহাস রয়েছে এবং এখন অস্ত্রোপচার পরবর্তী সংক্রমণ হয়েছে। আপনি স্ট্রেপ্টোকক্কাল সংক্রমণে ভুগছেন। আপনার স্ট্রেপ্টোকক্কাল সংক্রমণ সাধারণ অ্যান্টিবায়োটিকের প্রতি প্রতিরোধী হতে পারে। আপনার কালচার এবং সেনসিটিভিটি পরীক্ষা করা উচিত। এটি অ্যান্টিবায়োটিক নির্বাচন করতে সাহায্য করবে। আপনার ডাক্তারের সাথে পরামর্শ করুন এবং সেই অনুযায়ী চিকিৎসা নিন। আশা করি আমি আপনার প্রশ্নের উত্তর দিতে পেরেছি, যদি আপনার কোনো সন্দেহ থাকে তবে আমার সাথে bit.ly/ Chat Doctor-এ যোগাযোগ করুন। নাসেনিয়া ডক ব্যবহার করার জন্য ধন্যবাদ। আপনার সুস্বাস্থ্য কামনা করি।"
58819,"হেলো, ডেইরি, আমি আপনার প্রশ্নটি দেখেছি। আমি আপনার উদ্বেগ বুঝতে পারছি। আপনার হার্নিয়া সার্জারির ইতিহাস রয়েছে এবং এখন অস্ত্রোপচার পরবর্তী সংক্রমণ হয়েছে। আপনি স্ট্রেপ্টোকক্কাল সংক্রমণে ভুগছেন। আপনার স্ট্রেপ্টোকক্কাল সংক্রমণ সাধারণ অ্যান্টিবায়োটিকের প্রতি প্রতিরোধী হতে পারে। আপনার কালচার এবং সেনসিটিভিটি পরীক্ষা করা উচিত। এটি অ্যান্টিবায়োটিক নির্বাচন করতে সাহায্য করবে। আপনার ডাক্তারের সাথে পরামর্শ করুন এবং সেই অনুযায়ী চিকিৎসা নিন। আশা করি আমি আপনার প্রশ্নের উত্তর দিতে পেরেছি, যদি আপনার কোনো সন্দেহ থাকে তবে আমার সাথে bit.ly/ Chat Doctor-এ যোগাযোগ করুন। নাসেনিয়া ডক ব্যবহার করার জন্য ধন্যবাদ। আপনার সুস্বাস্থ্য কামনা করি।"
46377,"হেলো, ডেইরি, আমি আপনার প্রশ্নটি দেখেছি। আমি আপনার উদ্বেগ বুঝতে পারছি। আপনার হার্নিয়া সার্জারির ইতিহাস রয়েছে এবং এখন অস্ত্রোপচার পরবর্তী সংক্রমণ হয়েছে। আপনি স্ট্রেপ্টোকক্কাল সংক্রমণে ভুগছেন। আপনার স্ট্রেপ্টোকক্কাল সংক্রমণ সাধারণ অ্যান্টিবায়োটিকের প্রতি প্রতিরোধী হতে পারে। আপনার কালচার এবং সেনসিটিভিটি পরীক্ষা করা উচিত। এটি অ্যান্টিবায়োটিক নির্বাচন করতে সাহায্য করবে। আপনার ডাক্তারের সাথে পরামর্শ করুন এবং সেই অনুযায়ী চিকিৎসা নিন। আশা করি আমি আপনার প্রশ্নের উত্তর দিতে পেরেছি, যদি আপনার কোনো সন্দেহ থাকে তবে আমার সাথে bit.ly/ Chat Doctor-এ যোগাযোগ করুন। নাসেনিয়া ডক ব্যবহার করার জন্য ধন্যবাদ। আপনার সুস্বাস্থ্য কামনা করি।"
93850,"হেলো, ডেইরি, আমি আপনার প্রশ্নটি দেখেছি। আমি আপনার উদ্বেগ বুঝতে পারছি। আপনার হার্নিয়া সার্জারির ইতিহাস রয়েছে এবং এখন অস্ত্রোপচার পরবর্তী সংক্রমণ হয়েছে। আপনি স্ট্রেপ্টোকক্কাল সংক্রমণে ভুগছেন। আপনার স্ট্রেপ্টোকক্কাল সংক্রমণ সাধারণ অ্যান্টিবায়োটিকের প্রতি প্রতিরোধী হতে পারে। আপনার কালচার এবং সেনসিটিভিটি পরীক্ষা করা উচিত। এটি অ্যান্টিবায়োটিক নির্বাচন করতে সাহায্য করবে। আপনার ডাক্তারের সাথে পরামর্শ করুন এবং সেই অনুযায়ী চিকিৎসা নিন। আশা করি আমি আপনার প্রশ্নের উত্তর দিতে পেরেছি, যদি আপনার কোনো সন্দেহ থাকে তবে আমার সাথে bit.ly/ Chat Doctor-এ যোগাযোগ করুন। নাসেনিয়া ডক ব্যবহার করার জন্য ধন্যবাদ। আপনার সুস্বাস্থ্য কামনা করি।"
95147,"হেলো, ডেইরি, আমি আপনার প্রশ্নটি দেখেছি। আমি আপনার উদ্বেগ বুঝতে পারছি। আপনার হার্নিয়া সার্জারির ইতিহাস রয়েছে এবং এখন অস্ত্রোপচার পরবর্তী সংক্রমণ হয়েছে। আপনি স্ট্রেপ্টোকক্কাল সংক্রমণে ভুগছেন। আপনার স্ট্রেপ্টোকক্কাল সংক্রমণ সাধারণ অ্যান্টিবায়োটিকের প্রতি প্রতিরোধী হতে পারে। আপনার কালচার এবং সেনসিটিভিটি পরীক্ষা করা উচিত। এটি অ্যান্টিবায়োটিক নির্বাচন করতে সাহায্য করবে। আপনার ডাক্তারের সাথে পরামর্শ করুন এবং সেই অনুযায়ী চিকিৎসা নিন। আশা করি আমি আপনার প্রশ্নের উত্তর দিতে পেরেছি, যদি আপনার কোনো সন্দেহ থাকে তবে আমার সাথে bit.ly/ Chat Doctor-এ যোগাযোগ করুন। নাসেনিয়া ডক ব্যবহার করার জন্য ধন্যবাদ। আপনার সুস্বাস্থ্য কামনা করি।"
80247,"হেলো, ডেইরি, আমি আপনার প্রশ্নটি দেখেছি। আমি আপনার উদ্বেগ বুঝতে পারছি। আপনার হার্নিয়া সার্জারির ইতিহাস রয়েছে এবং এখন অস্ত্রোপচার পরবর্তী সংক্রমণ হয়েছে। আপনি স্ট্রেপ্টোকক্কাল সংক্রমণে ভুগছেন। আপনার স্ট্রেপ্টোকক্কাল সংক্রমণ সাধারণ অ্যান্টিবায়োটিকের প্রতি প্রতিরোধী হতে পারে। আপনার কালচার এবং সেনসিটিভিটি পরীক্ষা করা উচিত। এটি অ্যান্টিবায়োটিক নির্বাচন করতে সাহায্য করবে। আপনার ডাক্তারের সাথে পরামর্শ করুন এবং সেই অনুযায়ী চিকিৎসা নিন। আশা করি আমি আপনার প্রশ্নের উত্তর দিতে পেরেছি, যদি আপনার কোনো সন্দেহ থাকে তবে আমার সাথে bit.ly/ Chat Doctor-এ যোগাযোগ করুন। নাসেনিয়া ডক ব্যবহার করার জন্য ধন্যবাদ। আপনার সুস্বাস্থ্য কামনা করি।"
6253,"হেলো, ডেইরি, আমি আপনার প্রশ্নটি দেখেছি। আমি আপনার উদ্বেগ বুঝতে পারছি। আপনার হার্নিয়া সার্জারির ইতিহাস রয়েছে এবং এখন অস্ত্রোপচার পরবর্তী সংক্রমণ হয়েছে। আপনি স্ট্রেপ্টোকক্কাল সংক্রমণে ভুগছেন। আপনার স্ট্রেপ্টোকক্কাল সংক্রমণ সাধারণ অ্যান্টিবায়োটিকের প্রতি প্রতিরোধী হতে পারে। আপনার কালচার এবং সেনসিটিভিটি পরীক্ষা করা উচিত। এটি অ্যান্টিবায়োটিক নির্বাচন করতে সাহায্য করবে। আপনার ডাক্তারের সাথে পরামর্শ করুন এবং সেই অনুযায়ী চিকিৎসা নিন। আশা করি আমি আপনার প্রশ্নের উত্তর দিতে পেরেছি, যদি আপনার কোনো সন্দেহ থাকে তবে আমার সাথে bit.ly/ Chat Doctor-এ যোগাযোগ করুন। নাসেনিয়া ডক ব্যবহার করার জন্য ধন্যবাদ। আপনার সুস্বাস্থ্য কামনা করি।"
61385,"হেলো, ডেইরি, আমি আপনার প্রশ্নটি দেখেছি। আমি আপনার উদ্বেগ বুঝতে পারছি। আপনার হার্নিয়া সার্জারির ইতিহাস রয়েছে এবং এখন অস্ত্রোপচার পরবর্তী সংক্রমণ হয়েছে। আপনি স্ট্রেপ্টোকক্কাল সংক্রমণে ভুগছেন। আপনার স্ট্রেপ্টোকক্কাল সংক্রমণ সাধারণ অ্যান্টিবায়োটিকের প্রতি প্রতিরোধী হতে পারে। আপনার কালচার এবং সেনসিটিভিটি পরীক্ষা করা উচিত। এটি অ্যান্টিবায়োটিক নির্বাচন করতে সাহায্য করবে। আপনার ডাক্তারের সাথে পরামর্শ করুন এবং সেই অনুযায়ী চিকিৎসা নিন। আশা করি আমি আপনার প্রশ্নের উত্তর দিতে পেরেছি, যদি আপনার কোনো সন্দেহ থাকে তবে আমার সাথে bit.ly/ Chat Doctor-এ যোগাযোগ করুন। নাসেনিয়া ডক ব্যবহার করার জন্য ধন্যবাদ। আপনার সুস্বাস্থ্য কামনা করি।"
103918,"হেলো, ডেইরি, আমি আপনার প্রশ্নটি দেখেছি। আমি আপনার উদ্বেগ বুঝতে পারছি। আপনার হার্নিয়া সার্জারির ইতিহাস রয়েছে এবং এখন অস্ত্রোপচার পরবর্তী সংক্রমণ হয়েছে। আপনি স্ট্রেপ্টোকক্কাল সংক্রমণে ভুগছেন। আপনার স্ট্রেপ্টোকক্কাল সংক্রমণ সাধারণ অ্যান্টিবায়োটিকের প্রতি প্রতিরোধী হতে পারে। আপনার কালচার এবং সেনসিটিভিটি পরীক্ষা করা উচিত। এটি অ্যান্টিবায়োটিক নির্বাচন করতে সাহায্য করবে। আপনার ডাক্তারের সাথে পরামর্শ করুন এবং সেই অনুযায়ী চিকিৎসা নিন। আশা করি আমি আপনার প্রশ্নের উত্তর দিতে পেরেছি, যদি আপনার কোনো সন্দেহ থাকে তবে আমার সাথে bit.ly/ Chat Doctor-এ যোগাযোগ করুন। নাসেনিয়া ডক ব্যবহার করার জন্য ধন্যবাদ। আপনার সুস্বাস্থ্য কামনা করি।"
26574,"হেলো, ডেইরি, আমি আপনার প্রশ্নটি দেখেছি। আমি আপনার উদ্বেগ বুঝতে পারছি। আপনার হার্নিয়া সার্জারির ইতিহাস রয়েছে এবং এখন অস্ত্রোপচার পরবর্তী সংক্রমণ হয়েছে। আপনি স্ট্রেপ্টোকক্কাল সংক্রমণে ভুগছেন। আপনার স্ট্রেপ্টোকক্কাল সংক্রমণ সাধারণ অ্যান্টিবায়োটিকের প্রতি প্রতিরোধী হতে পারে। আপনার কালচার এবং সেনসিটিভিটি পরীক্ষা করা উচিত। এটি অ্যান্টিবায়োটিক নির্বাচন করতে সাহায্য করবে। আপনার ডাক্তারের সাথে পরামর্শ করুন এবং সেই অনুযায়ী চিকিৎসা নিন। আশা করি আমি আপনার প্রশ্নের উত্তর দিতে পেরেছি, যদি আপনার কোনো সন্দেহ থাকে তবে আমার সাথে bit.ly/ Chat Doctor-এ যোগাযোগ করুন। নাসেনিয়া ডক ব্যবহার করার জন্য ধন্যবাদ। আপনার সুস্বাস্থ্য কামনা করি।"
50265,"হেলো, ডেইরি, আমি আপনার প্রশ্নটি দেখেছি। আমি আপনার উদ্বেগ বুঝতে পারছি। আপনার হার্নিয়া সার্জারির ইতিহাস রয়েছে এবং এখন অস্ত্রোপচার পরবর্তী সংক্রমণ হয়েছে। আপনি স্ট্রেপ্টোকক্কাল সংক্রমণে ভুগছেন। আপনার স্ট্রেপ্টোকক্কাল সংক্রমণ সাধারণ অ্যান্টিবায়োটিকের প্রতি প্রতিরোধী হতে পারে। আপনার কালচার এবং সেনসিটিভিটি পরীক্ষা করা উচিত। এটি অ্যান্টিবায়োটিক নির্বাচন করতে সাহায্য করবে। আপনার ডাক্তারের সাথে পরামর্শ করুন এবং সেই অনুযায়ী চিকিৎসা নিন। আশা করি আমি আপনার প্রশ্নের উত্তর দিতে পেরেছি, যদি আপনার কোনো সন্দেহ থাকে তবে আমার সাথে bit.ly/ Chat Doctor-এ যোগাযোগ করুন। নাসেনিয়া ডক ব্যবহার করার জন্য ধন্যবাদ। আপনার সুস্বাস্থ্য কামনা করি।"
96771,"হেলো, ডেইরি, আমি আপনার প্রশ্নটি দেখেছি। আমি আপনার উদ্বেগ বুঝতে পারছি। আপনার হার্নিয়া সার্জারির ইতিহাস রয়েছে এবং এখন অস্ত্রোপচার পরবর্তী সংক্রমণ হয়েছে। আপনি স্ট্রেপ্টোকক্কাল সংক্রমণে ভুগছেন। আপনার স্ট্রেপ্টোকক্কাল সংক্রমণ সাধারণ অ্যান্টিবায়োটিকের প্রতি প্রতিরোধী হতে পারে। আপনার কালচার এবং সেনসিটিভিটি পরীক্ষা করা উচিত। এটি অ্যান্টিবায়োটিক নির্বাচন করতে সাহায্য করবে। আপনার ডাক্তারের সাথে পরামর্শ করুন এবং সেই অনুযায়ী চিকিৎসা নিন। আশা করি আমি আপনার প্রশ্নের উত্তর দিতে পেরেছি, যদি আপনার কোনো সন্দেহ থাকে তবে আমার সাথে bit.ly/ Chat Doctor-এ যোগাযোগ করুন। নাসেনিয়া ডক ব্যবহার করার জন্য ধন্যবাদ। আপনার সুস্বাস্থ্য কামনা করি।"
33653,"হেলো, ডেইরি, আমি আপনার প্রশ্নটি দেখেছি। আমি আপনার উদ্বেগ বুঝতে পারছি। আপনার হার্নিয়া সার্জারির ইতিহাস রয়েছে এবং এখন অস্ত্রোপচার পরবর্তী সংক্রমণ হয়েছে। আপনি স্ট্রেপ্টোকক্কাল সংক্রমণে ভুগছেন। আপনার স্ট্রেপ্টোকক্কাল সংক্রমণ সাধারণ অ্যান্টিবায়োটিকের প্রতি প্রতিরোধী হতে পারে। আপনার কালচার এবং সেনসিটিভিটি পরীক্ষা করা উচিত। এটি অ্যান্টিবায়োটিক নির্বাচন করতে সাহায্য করবে। আপনার ডাক্তারের সাথে পরামর্শ করুন এবং সেই অনুযায়ী চিকিৎসা নিন। আশা করি আমি আপনার প্রশ্নের উত্তর দিতে পেরেছি, যদি আপনার কোনো সন্দেহ থাকে তবে আমার সাথে bit.ly/ Chat Doctor-এ যোগাযোগ করুন। নাসেনিয়া ডক ব্যবহার করার জন্য ধন্যবাদ। আপনার সুস্বাস্থ্য কামনা করি।"
112088,"হেলো, ডেইরি, আমি আপনার প্রশ্নটি দেখেছি। আমি আপনার উদ্বেগ বুঝতে পারছি। আপনার হার্নিয়া সার্জারির ইতিহাস রয়েছে এবং এখন অস্ত্রোপচার পরবর্তী সংক্রমণ হয়েছে। আপনি স্ট্রেপ্টোকক্কাল সংক্রমণে ভুগছেন। আপনার স্ট্রেপ্টোকক্কাল সংক্রমণ সাধারণ অ্যান্টিবায়োটিকের প্রতি প্রতিরোধী হতে পারে। আপনার কালচার এবং সেনসিটিভিটি পরীক্ষা করা উচিত। এটি অ্যান্টিবায়োটিক নির্বাচন করতে সাহায্য করবে। আপনার ডাক্তারের সাথে পরামর্শ করুন এবং সেই অনুযায়ী চিকিৎসা নিন। আশা করি আমি আপনার প্রশ্নের উত্তর দিতে পেরেছি, যদি আপনার কোনো সন্দেহ থাকে তবে আমার সাথে bit.ly/ Chat Doctor-এ যোগাযোগ করুন। নাসেনিয়া ডক ব্যবহার করার জন্য ধন্যবাদ। আপনার সুস্বাস্থ্য কামনা করি।"
48931,"হেলো, ডেইরি, আমি আপনার প্রশ্নটি দেখেছি। আমি আপনার উদ্বেগ বুঝতে পারছি। আপনার হার্নিয়া সার্জারির ইতিহাস রয়েছে এবং এখন অস্ত্রোপচার পরবর্তী সংক্রমণ হয়েছে। আপনি স্ট্রেপ্টোকক্কাল সংক্রমণে ভুগছেন। আপনার স্ট্রেপ্টোকক্কাল সংক্রমণ সাধারণ অ্যান্টিবায়োটিকের প্রতি প্রতিরোধী হতে পারে। আপনার কালচার এবং সেনসিটিভিটি পরীক্ষা করা উচিত। এটি অ্যান্টিবায়োটিক নির্বাচন করতে সাহায্য করবে। আপনার ডাক্তারের সাথে পরামর্শ করুন এবং সেই অনুযায়ী চিকিৎসা নিন। আশা করি আমি আপনার প্রশ্নের উত্তর দিতে পেরেছি, যদি আপনার কোনো সন্দেহ থাকে তবে আমার সাথে bit.ly/ Chat Doctor-এ যোগাযোগ করুন। নাসেনিয়া ডক ব্যবহার করার জন্য ধন্যবাদ। আপনার সুস্বাস্থ্য কামনা করি।"
24763,"হেলো, ডেইরি, আমি আপনার প্রশ্নটি দেখেছি। আমি আপনার উদ্বেগ বুঝতে পারছি। আপনার হার্নিয়া সার্জারির ইতিহাস রয়েছে এবং এখন অস্ত্রোপচার পরবর্তী সংক্রমণ হয়েছে। আপনি স্ট্রেপ্টোকক্কাল সংক্রমণে ভুগছেন। আপনার স্ট্রেপ্টোকক্কাল সংক্রমণ সাধারণ অ্যান্টিবায়োটিকের প্রতি প্রতিরোধী হতে পারে। আপনার কালচার এবং সেনসিটিভিটি পরীক্ষা করা উচিত। এটি অ্যান্টিবায়োটিক নির্বাচন করতে সাহায্য করবে। আপনার ডাক্তারের সাথে পরামর্শ করুন এবং সেই অনুযায়ী চিকিৎসা নিন। আশা করি আমি আপনার প্রশ্নের উত্তর দিতে পেরেছি, যদি আপনার কোনো সন্দেহ থাকে তবে আমার সাথে bit.ly/ Chat Doctor-এ যোগাযোগ করুন। নাসেনিয়া ডক ব্যবহার করার জন্য ধন্যবাদ। আপনার সুস্বাস্থ্য কামনা করি।"
106947,"হেলো, ডেইরি, আমি আপনার প্রশ্নটি দেখেছি। আমি আপনার উদ্বেগ বুঝতে পারছি। আপনার হার্নিয়া সার্জারির ইতিহাস রয়েছে এবং এখন অস্ত্রোপচার পরবর্তী সংক্রমণ হয়েছে। আপনি স্ট্রেপ্টোকক্কাল সংক্রমণে ভুগছেন। আপনার স্ট্রেপ্টোকক্কাল সংক্রমণ সাধারণ অ্যান্টিবায়োটিকের প্রতি প্রতিরোধী হতে পারে। আপনার কালচার এবং সেনসিটিভিটি পরীক্ষা করা উচিত। এটি অ্যান্টিবায়োটিক নির্বাচন করতে সাহায্য করবে। আপনার ডাক্তারের সাথে পরামর্শ করুন এবং সেই অনুযায়ী চিকিৎসা নিন। আশা করি আমি আপনার প্রশ্নের উত্তর দিতে পেরেছি, যদি আপনার কোনো সন্দেহ থাকে তবে আমার সাথে bit.ly/ Chat Doctor-এ যোগাযোগ করুন। নাসেনিয়া ডক ব্যবহার করার জন্য ধন্যবাদ। আপনার সুস্বাস্থ্য কামনা করি।"
74799,"হেলো, ডেইরি, আমি আপনার প্রশ্নটি দেখেছি। আমি আপনার উদ্বেগ বুঝতে পারছি। আপনার হার্নিয়া সার্জারির ইতিহাস রয়েছে এবং এখন অস্ত্রোপচার পরবর্তী সংক্রমণ হয়েছে। আপনি স্ট্রেপ্টোকক্কাল সংক্রমণে ভুগছেন। আপনার স্ট্রেপ্টোকক্কাল সংক্রমণ সাধারণ অ্যান্টিবায়োটিকের প্রতি প্রতিরোধী হতে পারে। আপনার কালচার এবং সেনসিটিভিটি পরীক্ষা করা উচিত। এটি অ্যান্টিবায়োটিক নির্বাচন করতে সাহায্য করবে। আপনার ডাক্তারের সাথে পরামর্শ করুন এবং সেই অনুযায়ী চিকিৎসা নিন। আশা করি আমি আপনার প্রশ্নের উত্তর দিতে পেরেছি, যদি আপনার কোনো সন্দেহ থাকে তবে আমার সাথে bit.ly/ Chat Doctor-এ যোগাযোগ করুন। নাসেনিয়া ডক ব্যবহার করার জন্য ধন্যবাদ। আপনার সুস্বাস্থ্য কামনা করি।"
23896,"হেলো, ডেইরি, আমি আপনার প্রশ্নটি দেখেছি। আমি আপনার উদ্বেগ বুঝতে পারছি। আপনার হার্নিয়া সার্জারির ইতিহাস রয়েছে এবং এখন অস্ত্রোপচার পরবর্তী সংক্রমণ হয়েছে। আপনি স্ট্রেপ্টোকক্কাল সংক্রমণে ভুগছেন। আপনার স্ট্রেপ্টোকক্কাল সংক্রমণ সাধারণ অ্যান্টিবায়োটিকের প্রতি প্রতিরোধী হতে পারে। আপনার কালচার এবং সেনসিটিভিটি পরীক্ষা করা উচিত। এটি অ্যান্টিবায়োটিক নির্বাচন করতে সাহায্য করবে। আপনার ডাক্তারের সাথে পরামর্শ করুন এবং সেই অনুযায়ী চিকিৎসা নিন। আশা করি আমি আপনার প্রশ্নের উত্তর দিতে পেরেছি, যদি আপনার কোনো সন্দেহ থাকে তবে আমার সাথে bit.ly/ Chat Doctor-এ যোগাযোগ করুন। নাসেনিয়া ডক ব্যবহার করার জন্য ধন্যবাদ। আপনার সুস্বাস্থ্য কামনা করি।"
3185,"হেলো, ডেইরি, আমি আপনার প্রশ্নটি দেখেছি। আমি আপনার উদ্বেগ বুঝতে পারছি। আপনার হার্নিয়া সার্জারির ইতিহাস রয়েছে এবং এখন অস্ত্রোপচার পরবর্তী সংক্রমণ হয়েছে। আপনি স্ট্রেপ্টোকক্কাল সংক্রমণে ভুগছেন। আপনার স্ট্রেপ্টোকক্কাল সংক্রমণ সাধারণ অ্যান্টিবায়োটিকের প্রতি প্রতিরোধী হতে পারে। আপনার কালচার এবং সেনসিটিভিটি পরীক্ষা করা উচিত। এটি অ্যান্টিবায়োটিক নির্বাচন করতে সাহায্য করবে। আপনার ডাক্তারের সাথে পরামর্শ করুন এবং সেই অনুযায়ী চিকিৎসা নিন। আশা করি আমি আপনার প্রশ্নের উত্তর দিতে পেরেছি, যদি আপনার কোনো সন্দেহ থাকে তবে আমার সাথে bit.ly/ Chat Doctor-এ যোগাযোগ করুন। নাসেনিয়া ডক ব্যবহার করার জন্য ধন্যবাদ। আপনার সুস্বাস্থ্য কামনা করি।"
65749,"হেলো, ডেইরি, আমি আপনার প্রশ্নটি দেখেছি। আমি আপনার উদ্বেগ বুঝতে পারছি। আপনার হার্নিয়া সার্জারির ইতিহাস রয়েছে এবং এখন অস্ত্রোপচার পরবর্তী সংক্রমণ হয়েছে। আপনি স্ট্রেপ্টোকক্কাল সংক্রমণে ভুগছেন। আপনার স্ট্রেপ্টোকক্কাল সংক্রমণ সাধারণ অ্যান্টিবায়োটিকের প্রতি প্রতিরোধী হতে পারে। আপনার কালচার এবং সেনসিটিভিটি পরীক্ষা করা উচিত। এটি অ্যান্টিবায়োটিক নির্বাচন করতে সাহায্য করবে। আপনার ডাক্তারের সাথে পরামর্শ করুন এবং সেই অনুযায়ী চিকিৎসা নিন। আশা করি আমি আপনার প্রশ্নের উত্তর দিতে পেরেছি, যদি আপনার কোনো সন্দেহ থাকে তবে আমার সাথে bit.ly/ Chat Doctor-এ যোগাযোগ করুন। নাসেনিয়া ডক ব্যবহার করার জন্য ধন্যবাদ। আপনার সুস্বাস্থ্য কামনা করি।"
7900,"হেলো, ডেইরি, আমি আপনার প্রশ্নটি দেখেছি। আমি আপনার উদ্বেগ বুঝতে পারছি। আপনার হার্নিয়া সার্জারির ইতিহাস রয়েছে এবং এখন অস্ত্রোপচার পরবর্তী সংক্রমণ হয়েছে। আপনি স্ট্রেপ্টোকক্কাল সংক্রমণে ভুগছেন। আপনার স্ট্রেপ্টোকক্কাল সংক্রমণ সাধারণ অ্যান্টিবায়োটিকের প্রতি প্রতিরোধী হতে পারে। আপনার কালচার এবং সেনসিটিভিটি পরীক্ষা করা উচিত। এটি অ্যান্টিবায়োটিক নির্বাচন করতে সাহায্য করবে। আপনার ডাক্তারের সাথে পরামর্শ করুন এবং সেই অনুযায়ী চিকিৎসা নিন। আশা করি আমি আপনার প্রশ্নের উত্তর দিতে পেরেছি, যদি আপনার কোনো সন্দেহ থাকে তবে আমার সাথে bit.ly/ Chat Doctor-এ যোগাযোগ করুন। নাসেনিয়া ডক ব্যবহার করার জন্য ধন্যবাদ। আপনার সুস্বাস্থ্য কামনা করি।"
3513,"হেলো, ডেইরি, আমি আপনার প্রশ্নটি দেখেছি। আমি আপনার উদ্বেগ বুঝতে পারছি। আপনার হার্নিয়া সার্জারির ইতিহাস রয়েছে এবং এখন অস্ত্রোপচার পরবর্তী সংক্রমণ হয়েছে। আপনি স্ট্রেপ্টোকক্কাল সংক্রমণে ভুগছেন। আপনার স্ট্রেপ্টোকক্কাল সংক্রমণ সাধারণ অ্যান্টিবায়োটিকের প্রতি প্রতিরোধী হতে পারে। আপনার কালচার এবং সেনসিটিভিটি পরীক্ষা করা উচিত। এটি অ্যান্টিবায়োটিক নির্বাচন করতে সাহায্য করবে। আপনার ডাক্তারের সাথে পরামর্শ করুন এবং সেই অনুযায়ী চিকিৎসা নিন। আশা করি আমি আপনার প্রশ্নের উত্তর দিতে পেরেছি, যদি আপনার কোনো সন্দেহ থাকে তবে আমার সাথে bit.ly/ Chat Doctor-এ যোগাযোগ করুন। নাসেনিয়া ডক ব্যবহার করার জন্য ধন্যবাদ। আপনার সুস্বাস্থ্য কামনা করি।"
27473,"হেলো, ডেইরি, আমি আপনার প্রশ্নটি দেখেছি। আমি আপনার উদ্বেগ বুঝতে পারছি। আপনার হার্নিয়া সার্জারির ইতিহাস রয়েছে এবং এখন অস্ত্রোপচার পরবর্তী সংক্রমণ হয়েছে। আপনি স্ট্রেপ্টোকক্কাল সংক্রমণে ভুগছেন। আপনার স্ট্রেপ্টোকক্কাল সংক্রমণ সাধারণ অ্যান্টিবায়োটিকের প্রতি প্রতিরোধী হতে পারে। আপনার কালচার এবং সেনসিটিভিটি পরীক্ষা করা উচিত। এটি অ্যান্টিবায়োটিক নির্বাচন করতে সাহায্য করবে। আপনার ডাক্তারের সাথে পরামর্শ করুন এবং সেই অনুযায়ী চিকিৎসা নিন। আশা করি আমি আপনার প্রশ্নের উত্তর দিতে পেরেছি, যদি আপনার কোনো সন্দেহ থাকে তবে আমার সাথে bit.ly/ Chat Doctor-এ যোগাযোগ করুন। নাসেনিয়া ডক ব্যবহার করার জন্য ধন্যবাদ। আপনার সুস্বাস্থ্য কামনা করি।"
63448,"হেলো, ডেইরি, আমি আপনার প্রশ্নটি দেখেছি। আমি আপনার উদ্বেগ বুঝতে পারছি। আপনার হার্নিয়া সার্জারির ইতিহাস রয়েছে এবং এখন অস্ত্রোপচার পরবর্তী সংক্রমণ হয়েছে। আপনি স্ট্রেপ্টোকক্কাল সংক্রমণে ভুগছেন। আপনার স্ট্রেপ্টোকক্কাল সংক্রমণ সাধারণ অ্যান্টিবায়োটিকের প্রতি প্রতিরোধী হতে পারে। আপনার কালচার এবং সেনসিটিভিটি পরীক্ষা করা উচিত। এটি অ্যান্টিবায়োটিক নির্বাচন করতে সাহায্য করবে। আপনার ডাক্তারের সাথে পরামর্শ করুন এবং সেই অনুযায়ী চিকিৎসা নিন। আশা করি আমি আপনার প্রশ্নের উত্তর দিতে পেরেছি, যদি আপনার কোনো সন্দেহ থাকে তবে আমার সাথে bit.ly/ Chat Doctor-এ যোগাযোগ করুন। নাসেনিয়া ডক ব্যবহার করার জন্য ধন্যবাদ। আপনার সুস্বাস্থ্য কামনা করি।"
10736,"হেলো, ডেইরি, আমি আপনার প্রশ্নটি দেখেছি। আমি আপনার উদ্বেগ বুঝতে পারছি। আপনার হার্নিয়া সার্জারির ইতিহাস রয়েছে এবং এখন অস্ত্রোপচার পরবর্তী সংক্রমণ হয়েছে। আপনি স্ট্রেপ্টোকক্কাল সংক্রমণে ভুগছেন। আপনার স্ট্রেপ্টোকক্কাল সংক্রমণ সাধারণ অ্যান্টিবায়োটিকের প্রতি প্রতিরোধী হতে পারে। আপনার কালচার এবং সেনসিটিভিটি পরীক্ষা করা উচিত। এটি অ্যান্টিবায়োটিক নির্বাচন করতে সাহায্য করবে। আপনার ডাক্তারের সাথে পরামর্শ করুন এবং সেই অনুযায়ী চিকিৎসা নিন। আশা করি আমি আপনার প্রশ্নের উত্তর দিতে পেরেছি, যদি আপনার কোনো সন্দেহ থাকে তবে আমার সাথে bit.ly/ Chat Doctor-এ যোগাযোগ করুন। নাসেনিয়া ডক ব্যবহার করার জন্য ধন্যবাদ। আপনার সুস্বাস্থ্য কামনা করি।"
78850,"হেলো, ডেইরি, আমি আপনার প্রশ্নটি দেখেছি। আমি আপনার উদ্বেগ বুঝতে পারছি। আপনার হার্নিয়া সার্জারির ইতিহাস রয়েছে এবং এখন অস্ত্রোপচার পরবর্তী সংক্রমণ হয়েছে। আপনি স্ট্রেপ্টোকক্কাল সংক্রমণে ভুগছেন। আপনার স্ট্রেপ্টোকক্কাল সংক্রমণ সাধারণ অ্যান্টিবায়োটিকের প্রতি প্রতিরোধী হতে পারে। আপনার কালচার এবং সেনসিটিভিটি পরীক্ষা করা উচিত। এটি অ্যান্টিবায়োটিক নির্বাচন করতে সাহায্য করবে। আপনার ডাক্তারের সাথে পরামর্শ করুন এবং সেই অনুযায়ী চিকিৎসা নিন। আশা করি আমি আপনার প্রশ্নের উত্তর দিতে পেরেছি, যদি আপনার কোনো সন্দেহ থাকে তবে আমার সাথে bit.ly/ Chat Doctor-এ যোগাযোগ করুন। নাসেনিয়া ডক ব্যবহার করার জন্য ধন্যবাদ। আপনার সুস্বাস্থ্য কামনা করি।"
90138,"হেলো, ডেইরি, আমি আপনার প্রশ্নটি দেখেছি। আমি আপনার উদ্বেগ বুঝতে পারছি। আপনার হার্নিয়া সার্জারির ইতিহাস রয়েছে এবং এখন অস্ত্রোপচার পরবর্তী সংক্রমণ হয়েছে। আপনি স্ট্রেপ্টোকক্কাল সংক্রমণে ভুগছেন। আপনার স্ট্রেপ্টোকক্কাল সংক্রমণ সাধারণ অ্যান্টিবায়োটিকের প্রতি প্রতিরোধী হতে পারে। আপনার কালচার এবং সেনসিটিভিটি পরীক্ষা করা উচিত। এটি অ্যান্টিবায়োটিক নির্বাচন করতে সাহায্য করবে। আপনার ডাক্তারের সাথে পরামর্শ করুন এবং সেই অনুযায়ী চিকিৎসা নিন। আশা করি আমি আপনার প্রশ্নের উত্তর দিতে পেরেছি, যদি আপনার কোনো সন্দেহ থাকে তবে আমার সাথে bit.ly/ Chat Doctor-এ যোগাযোগ করুন। নাসেনিয়া ডক ব্যবহার করার জন্য ধন্যবাদ। আপনার সুস্বাস্থ্য কামনা করি।"
53185,"হেলো, ডেইরি, আমি আপনার প্রশ্নটি দেখেছি। আমি আপনার উদ্বেগ বুঝতে পারছি। আপনার হার্নিয়া সার্জারির ইতিহাস রয়েছে এবং এখন অস্ত্রোপচার পরবর্তী সংক্রমণ হয়েছে। আপনি স্ট্রেপ্টোকক্কাল সংক্রমণে ভুগছেন। আপনার স্ট্রেপ্টোকক্কাল সংক্রমণ সাধারণ অ্যান্টিবায়োটিকের প্রতি প্রতিরোধী হতে পারে। আপনার কালচার এবং সেনসিটিভিটি পরীক্ষা করা উচিত। এটি অ্যান্টিবায়োটিক নির্বাচন করতে সাহায্য করবে। আপনার ডাক্তারের সাথে পরামর্শ করুন এবং সেই অনুযায়ী চিকিৎসা নিন। আশা করি আমি আপনার প্রশ্নের উত্তর দিতে পেরেছি, যদি আপনার কোনো সন্দেহ থাকে তবে আমার সাথে bit.ly/ Chat Doctor-এ যোগাযোগ করুন। নাসেনিয়া ডক ব্যবহার করার জন্য ধন্যবাদ। আপনার সুস্বাস্থ্য কামনা করি।"
98253,"হেলো, ডেইরি, আমি আপনার প্রশ্নটি দেখেছি। আমি আপনার উদ্বেগ বুঝতে পারছি। আপনার হার্নিয়া সার্জারির ইতিহাস রয়েছে এবং এখন অস্ত্রোপচার পরবর্তী সংক্রমণ হয়েছে। আপনি স্ট্রেপ্টোকক্কাল সংক্রমণে ভুগছেন। আপনার স্ট্রেপ্টোকক্কাল সংক্রমণ সাধারণ অ্যান্টিবায়োটিকের প্রতি প্রতিরোধী হতে পারে। আপনার কালচার এবং সেনসিটিভিটি পরীক্ষা করা উচিত। এটি অ্যান্টিবায়োটিক নির্বাচন করতে সাহায্য করবে। আপনার ডাক্তারের সাথে পরামর্শ করুন এবং সেই অনুযায়ী চিকিৎসা নিন। আশা করি আমি আপনার প্রশ্নের উত্তর দিতে পেরেছি, যদি আপনার কোনো সন্দেহ থাকে তবে আমার সাথে bit.ly/ Chat Doctor-এ যোগাযোগ করুন। নাসেনিয়া ডক ব্যবহার করার জন্য ধন্যবাদ। আপনার সুস্বাস্থ্য কামনা করি।"
41018,"হেলো, ডেইরি, আমি আপনার প্রশ্নটি দেখেছি। আমি আপনার উদ্বেগ বুঝতে পারছি। আপনার হার্নিয়া সার্জারির ইতিহাস রয়েছে এবং এখন অস্ত্রোপচার পরবর্তী সংক্রমণ হয়েছে। আপনি স্ট্রেপ্টোকক্কাল সংক্রমণে ভুগছেন। আপনার স্ট্রেপ্টোকক্কাল সংক্রমণ সাধারণ অ্যান্টিবায়োটিকের প্রতি প্রতিরোধী হতে পারে। আপনার কালচার এবং সেনসিটিভিটি পরীক্ষা করা উচিত। এটি অ্যান্টিবায়োটিক নির্বাচন করতে সাহায্য করবে। আপনার ডাক্তারের সাথে পরামর্শ করুন এবং সেই অনুযায়ী চিকিৎসা নিন। আশা করি আমি আপনার প্রশ্নের উত্তর দিতে পেরেছি, যদি আপনার কোনো সন্দেহ থাকে তবে আমার সাথে bit.ly/ Chat Doctor-এ যোগাযোগ করুন। নাসেনিয়া ডক ব্যবহার করার জন্য ধন্যবাদ। আপনার সুস্বাস্থ্য কামনা করি।"
23303,"হেলো, ডেইরি, আমি আপনার প্রশ্নটি দেখেছি। আমি আপনার উদ্বেগ বুঝতে পারছি। আপনার হার্নিয়া সার্জারির ইতিহাস রয়েছে এবং এখন অস্ত্রোপচার পরবর্তী সংক্রমণ হয়েছে। আপনি স্ট্রেপ্টোকক্কাল সংক্রমণে ভুগছেন। আপনার স্ট্রেপ্টোকক্কাল সংক্রমণ সাধারণ অ্যান্টিবায়োটিকের প্রতি প্রতিরোধী হতে পারে। আপনার কালচার এবং সেনসিটিভিটি পরীক্ষা করা উচিত। এটি অ্যান্টিবায়োটিক নির্বাচন করতে সাহায্য করবে। আপনার ডাক্তারের সাথে পরামর্শ করুন এবং সেই অনুযায়ী চিকিৎসা নিন। আশা করি আমি আপনার প্রশ্নের উত্তর দিতে পেরেছি, যদি আপনার কোনো সন্দেহ থাকে তবে আমার সাথে bit.ly/ Chat Doctor-এ যোগাযোগ করুন। নাসেনিয়া ডক ব্যবহার করার জন্য ধন্যবাদ। আপনার সুস্বাস্থ্য কামনা করি।"
65363,"হেলো, ডেইরি, আমি আপনার প্রশ্নটি দেখেছি। আমি আপনার উদ্বেগ বুঝতে পারছি। আপনার হার্নিয়া সার্জারির ইতিহাস রয়েছে এবং এখন অস্ত্রোপচার পরবর্তী সংক্রমণ হয়েছে। আপনি স্ট্রেপ্টোকক্কাল সংক্রমণে ভুগছেন। আপনার স্ট্রেপ্টোকক্কাল সংক্রমণ সাধারণ অ্যান্টিবায়োটিকের প্রতি প্রতিরোধী হতে পারে। আপনার কালচার এবং সেনসিটিভিটি পরীক্ষা করা উচিত। এটি অ্যান্টিবায়োটিক নির্বাচন করতে সাহায্য করবে। আপনার ডাক্তারের সাথে পরামর্শ করুন এবং সেই অনুযায়ী চিকিৎসা নিন। আশা করি আমি আপনার প্রশ্নের উত্তর দিতে পেরেছি, যদি আপনার কোনো সন্দেহ থাকে তবে আমার সাথে bit.ly/ Chat Doctor-এ যোগাযোগ করুন। নাসেনিয়া ডক ব্যবহার করার জন্য ধন্যবাদ। আপনার সুস্বাস্থ্য কামনা করি।"
109663,"হেলো, ডেইরি, আমি আপনার প্রশ্নটি দেখেছি। আমি আপনার উদ্বেগ বুঝতে পারছি। আপনার হার্নিয়া সার্জারির ইতিহাস রয়েছে এবং এখন অস্ত্রোপচার পরবর্তী সংক্রমণ হয়েছে। আপনি স্ট্রেপ্টোকক্কাল সংক্রমণে ভুগছেন। আপনার স্ট্রেপ্টোকক্কাল সংক্রমণ সাধারণ অ্যান্টিবায়োটিকের প্রতি প্রতিরোধী হতে পারে। আপনার কালচার এবং সেনসিটিভিটি পরীক্ষা করা উচিত। এটি অ্যান্টিবায়োটিক নির্বাচন করতে সাহায্য করবে। আপনার ডাক্তারের সাথে পরামর্শ করুন এবং সেই অনুযায়ী চিকিৎসা নিন। আশা করি আমি আপনার প্রশ্নের উত্তর দিতে পেরেছি, যদি আপনার কোনো সন্দেহ থাকে তবে আমার সাথে bit.ly/ Chat Doctor-এ যোগাযোগ করুন। নাসেনিয়া ডক ব্যবহার করার জন্য ধন্যবাদ। আপনার সুস্বাস্থ্য কামনা করি।"
32945,"হেলো, ডেইরি, আমি আপনার প্রশ্নটি দেখেছি। আমি আপনার উদ্বেগ বুঝতে পারছি। আপনার হার্নিয়া সার্জারির ইতিহাস রয়েছে এবং এখন অস্ত্রোপচার পরবর্তী সংক্রমণ হয়েছে। আপনি স্ট্রেপ্টোকক্কাল সংক্রমণে ভুগছেন। আপনার স্ট্রেপ্টোকক্কাল সংক্রমণ সাধারণ অ্যান্টিবায়োটিকের প্রতি প্রতিরোধী হতে পারে। আপনার কালচার এবং সেনসিটিভিটি পরীক্ষা করা উচিত। এটি অ্যান্টিবায়োটিক নির্বাচন করতে সাহায্য করবে। আপনার ডাক্তারের সাথে পরামর্শ করুন এবং সেই অনুযায়ী চিকিৎসা নিন। আশা করি আমি আপনার প্রশ্নের উত্তর দিতে পেরেছি, যদি আপনার কোনো সন্দেহ থাকে তবে আমার সাথে bit.ly/ Chat Doctor-এ যোগাযোগ করুন। নাসেনিয়া ডক ব্যবহার করার জন্য ধন্যবাদ। আপনার সুস্বাস্থ্য কামনা করি।"
70905,"হেলো, ডেইরি, আমি আপনার প্রশ্নটি দেখেছি। আমি আপনার উদ্বেগ বুঝতে পারছি। আপনার হার্নিয়া সার্জারির ইতিহাস রয়েছে এবং এখন অস্ত্রোপচার পরবর্তী সংক্রমণ হয়েছে। আপনি স্ট্রেপ্টোকক্কাল সংক্রমণে ভুগছেন। আপনার স্ট্রেপ্টোকক্কাল সংক্রমণ সাধারণ অ্যান্টিবায়োটিকের প্রতি প্রতিরোধী হতে পারে। আপনার কালচার এবং সেনসিটিভিটি পরীক্ষা করা উচিত। এটি অ্যান্টিবায়োটিক নির্বাচন করতে সাহায্য করবে। আপনার ডাক্তারের সাথে পরামর্শ করুন এবং সেই অনুযায়ী চিকিৎসা নিন। আশা করি আমি আপনার প্রশ্নের উত্তর দিতে পেরেছি, যদি আপনার কোনো সন্দেহ থাকে তবে আমার সাথে bit.ly/ Chat Doctor-এ যোগাযোগ করুন। নাসেনিয়া ডক ব্যবহার করার জন্য ধন্যবাদ। আপনার সুস্বাস্থ্য কামনা করি।"
50472,"হেলো, ডেইরি, আমি আপনার প্রশ্নটি দেখেছি। আমি আপনার উদ্বেগ বুঝতে পারছি। আপনার হার্নিয়া সার্জারির ইতিহাস রয়েছে এবং এখন অস্ত্রোপচার পরবর্তী সংক্রমণ হয়েছে। আপনি স্ট্রেপ্টোকক্কাল সংক্রমণে ভুগছেন। আপনার স্ট্রেপ্টোকক্কাল সংক্রমণ সাধারণ অ্যান্টিবায়োটিকের প্রতি প্রতিরোধী হতে পারে। আপনার কালচার এবং সেনসিটিভিটি পরীক্ষা করা উচিত। এটি অ্যান্টিবায়োটিক নির্বাচন করতে সাহায্য করবে। আপনার ডাক্তারের সাথে পরামর্শ করুন এবং সেই অনুযায়ী চিকিৎসা নিন। আশা করি আমি আপনার প্রশ্নের উত্তর দিতে পেরেছি, যদি আপনার কোনো সন্দেহ থাকে তবে আমার সাথে bit.ly/ Chat Doctor-এ যোগাযোগ করুন। নাসেনিয়া ডক ব্যবহার করার জন্য ধন্যবাদ। আপনার সুস্বাস্থ্য কামনা করি।"
52745,"হেলো, ডেইরি, আমি আপনার প্রশ্নটি দেখেছি। আমি আপনার উদ্বেগ বুঝতে পারছি। আপনার হার্নিয়া সার্জারির ইতিহাস রয়েছে এবং এখন অস্ত্রোপচার পরবর্তী সংক্রমণ হয়েছে। আপনি স্ট্রেপ্টোকক্কাল সংক্রমণে ভুগছেন। আপনার স্ট্রেপ্টোকক্কাল সংক্রমণ সাধারণ অ্যান্টিবায়োটিকের প্রতি প্রতিরোধী হতে পারে। আপনার কালচার এবং সেনসিটিভিটি পরীক্ষা করা উচিত। এটি অ্যান্টিবায়োটিক নির্বাচন করতে সাহায্য করবে। আপনার ডাক্তারের সাথে পরামর্শ করুন এবং সেই অনুযায়ী চিকিৎসা নিন। আশা করি আমি আপনার প্রশ্নের উত্তর দিতে পেরেছি, যদি আপনার কোনো সন্দেহ থাকে তবে আমার সাথে bit.ly/ Chat Doctor-এ যোগাযোগ করুন। নাসেনিয়া ডক ব্যবহার করার জন্য ধন্যবাদ। আপনার সুস্বাস্থ্য কামনা করি।"
64254,"হেলো, ডেইরি, আমি আপনার প্রশ্নটি দেখেছি। আমি আপনার উদ্বেগ বুঝতে পারছি। আপনার হার্নিয়া সার্জারির ইতিহাস রয়েছে এবং এখন অস্ত্রোপচার পরবর্তী সংক্রমণ হয়েছে। আপনি স্ট্রেপ্টোকক্কাল সংক্রমণে ভুগছেন। আপনার স্ট্রেপ্টোকক্কাল সংক্রমণ সাধারণ অ্যান্টিবায়োটিকের প্রতি প্রতিরোধী হতে পারে। আপনার কালচার এবং সেনসিটিভিটি পরীক্ষা করা উচিত। এটি অ্যান্টিবায়োটিক নির্বাচন করতে সাহায্য করবে। আপনার ডাক্তারের সাথে পরামর্শ করুন এবং সেই অনুযায়ী চিকিৎসা নিন। আশা করি আমি আপনার প্রশ্নের উত্তর দিতে পেরেছি, যদি আপনার কোনো সন্দেহ থাকে তবে আমার সাথে bit.ly/ Chat Doctor-এ যোগাযোগ করুন। নাসেনিয়া ডক ব্যবহার করার জন্য ধন্যবাদ। আপনার সুস্বাস্থ্য কামনা করি।"
107215,"হেলো, ডেইরি, আমি আপনার প্রশ্নটি দেখেছি। আমি আপনার উদ্বেগ বুঝতে পারছি। আপনার হার্নিয়া সার্জারির ইতিহাস রয়েছে এবং এখন অস্ত্রোপচার পরবর্তী সংক্রমণ হয়েছে। আপনি স্ট্রেপ্টোকক্কাল সংক্রমণে ভুগছেন। আপনার স্ট্রেপ্টোকক্কাল সংক্রমণ সাধারণ অ্যান্টিবায়োটিকের প্রতি প্রতিরোধী হতে পারে। আপনার কালচার এবং সেনসিটিভিটি পরীক্ষা করা উচিত। এটি অ্যান্টিবায়োটিক নির্বাচন করতে সাহায্য করবে। আপনার ডাক্তারের সাথে পরামর্শ করুন এবং সেই অনুযায়ী চিকিৎসা নিন। আশা করি আমি আপনার প্রশ্নের উত্তর দিতে পেরেছি, যদি আপনার কোনো সন্দেহ থাকে তবে আমার সাথে bit.ly/ Chat Doctor-এ যোগাযোগ করুন। নাসেনিয়া ডক ব্যবহার করার জন্য ধন্যবাদ। আপনার সুস্বাস্থ্য কামনা করি।"
104965,"হেলো, ডেইরি, আমি আপনার প্রশ্নটি দেখেছি। আমি আপনার উদ্বেগ বুঝতে পারছি। আপনার হার্নিয়া সার্জারির ইতিহাস রয়েছে এবং এখন অস্ত্রোপচার পরবর্তী সংক্রমণ হয়েছে। আপনি স্ট্রেপ্টোকক্কাল সংক্রমণে ভুগছেন। আপনার স্ট্রেপ্টোকক্কাল সংক্রমণ সাধারণ অ্যান্টিবায়োটিকের প্রতি প্রতিরোধী হতে পারে। আপনার কালচার এবং সেনসিটিভিটি পরীক্ষা করা উচিত। এটি অ্যান্টিবায়োটিক নির্বাচন করতে সাহায্য করবে। আপনার ডাক্তারের সাথে পরামর্শ করুন এবং সেই অনুযায়ী চিকিৎসা নিন। আশা করি আমি আপনার প্রশ্নের উত্তর দিতে পেরেছি, যদি আপনার কোনো সন্দেহ থাকে তবে আমার সাথে bit.ly/ Chat Doctor-এ যোগাযোগ করুন। নাসেনিয়া ডক ব্যবহার করার জন্য ধন্যবাদ। আপনার সুস্বাস্থ্য কামনা করি।"
55208,"হেলো, ডেইরি, আমি আপনার প্রশ্নটি দেখেছি। আমি আপনার উদ্বেগ বুঝতে পারছি। আপনার হার্নিয়া সার্জারির ইতিহাস রয়েছে এবং এখন অস্ত্রোপচার পরবর্তী সংক্রমণ হয়েছে। আপনি স্ট্রেপ্টোকক্কাল সংক্রমণে ভুগছেন। আপনার স্ট্রেপ্টোকক্কাল সংক্রমণ সাধারণ অ্যান্টিবায়োটিকের প্রতি প্রতিরোধী হতে পারে। আপনার কালচার এবং সেনসিটিভিটি পরীক্ষা করা উচিত। এটি অ্যান্টিবায়োটিক নির্বাচন করতে সাহায্য করবে। আপনার ডাক্তারের সাথে পরামর্শ করুন এবং সেই অনুযায়ী চিকিৎসা নিন। আশা করি আমি আপনার প্রশ্নের উত্তর দিতে পেরেছি, যদি আপনার কোনো সন্দেহ থাকে তবে আমার সাথে bit.ly/ Chat Doctor-এ যোগাযোগ করুন। নাসেনিয়া ডক ব্যবহার করার জন্য ধন্যবাদ। আপনার সুস্বাস্থ্য কামনা করি।"
61318,"হেলো, ডেইরি, আমি আপনার প্রশ্নটি দেখেছি। আমি আপনার উদ্বেগ বুঝতে পারছি। আপনার হার্নিয়া সার্জারির ইতিহাস রয়েছে এবং এখন অস্ত্রোপচার পরবর্তী সংক্রমণ হয়েছে। আপনি স্ট্রেপ্টোকক্কাল সংক্রমণে ভুগছেন। আপনার স্ট্রেপ্টোকক্কাল সংক্রমণ সাধারণ অ্যান্টিবায়োটিকের প্রতি প্রতিরোধী হতে পারে। আপনার কালচার এবং সেনসিটিভিটি পরীক্ষা করা উচিত। এটি অ্যান্টিবায়োটিক নির্বাচন করতে সাহায্য করবে। আপনার ডাক্তারের সাথে পরামর্শ করুন এবং সেই অনুযায়ী চিকিৎসা নিন। আশা করি আমি আপনার প্রশ্নের উত্তর দিতে পেরেছি, যদি আপনার কোনো সন্দেহ থাকে তবে আমার সাথে bit.ly/ Chat Doctor-এ যোগাযোগ করুন। নাসেনিয়া ডক ব্যবহার করার জন্য ধন্যবাদ। আপনার সুস্বাস্থ্য কামনা করি।"
105765,"হেলো, ডেইরি, আমি আপনার প্রশ্নটি দেখেছি। আমি আপনার উদ্বেগ বুঝতে পারছি। আপনার হার্নিয়া সার্জারির ইতিহাস রয়েছে এবং এখন অস্ত্রোপচার পরবর্তী সংক্রমণ হয়েছে। আপনি স্ট্রেপ্টোকক্কাল সংক্রমণে ভুগছেন। আপনার স্ট্রেপ্টোকক্কাল সংক্রমণ সাধারণ অ্যান্টিবায়োটিকের প্রতি প্রতিরোধী হতে পারে। আপনার কালচার এবং সেনসিটিভিটি পরীক্ষা করা উচিত। এটি অ্যান্টিবায়োটিক নির্বাচন করতে সাহায্য করবে। আপনার ডাক্তারের সাথে পরামর্শ করুন এবং সেই অনুযায়ী চিকিৎসা নিন। আশা করি আমি আপনার প্রশ্নের উত্তর দিতে পেরেছি, যদি আপনার কোনো সন্দেহ থাকে তবে আমার সাথে bit.ly/ Chat Doctor-এ যোগাযোগ করুন। নাসেনিয়া ডক ব্যবহার করার জন্য ধন্যবাদ। আপনার সুস্বাস্থ্য কামনা করি।"
84862,"হেলো, ডেইরি, আমি আপনার প্রশ্নটি দেখেছি। আমি আপনার উদ্বেগ বুঝতে পারছি। আপনার হার্নিয়া সার্জারির ইতিহাস রয়েছে এবং এখন অস্ত্রোপচার পরবর্তী সংক্রমণ হয়েছে। আপনি স্ট্রেপ্টোকক্কাল সংক্রমণে ভুগছেন। আপনার স্ট্রেপ্টোকক্কাল সংক্রমণ সাধারণ অ্যান্টিবায়োটিকের প্রতি প্রতিরোধী হতে পারে। আপনার কালচার এবং সেনসিটিভিটি পরীক্ষা করা উচিত। এটি অ্যান্টিবায়োটিক নির্বাচন করতে সাহায্য করবে। আপনার ডাক্তারের সাথে পরামর্শ করুন এবং সেই অনুযায়ী চিকিৎসা নিন। আশা করি আমি আপনার প্রশ্নের উত্তর দিতে পেরেছি, যদি আপনার কোনো সন্দেহ থাকে তবে আমার সাথে bit.ly/ Chat Doctor-এ যোগাযোগ করুন। নাসেনিয়া ডক ব্যবহার করার জন্য ধন্যবাদ। আপনার সুস্বাস্থ্য কামনা করি।"
15997,"হেলো, ডেইরি, আমি আপনার প্রশ্নটি দেখেছি। আমি আপনার উদ্বেগ বুঝতে পারছি। আপনার হার্নিয়া সার্জারির ইতিহাস রয়েছে এবং এখন অস্ত্রোপচার পরবর্তী সংক্রমণ হয়েছে। আপনি স্ট্রেপ্টোকক্কাল সংক্রমণে ভুগছেন। আপনার স্ট্রেপ্টোকক্কাল সংক্রমণ সাধারণ অ্যান্টিবায়োটিকের প্রতি প্রতিরোধী হতে পারে। আপনার কালচার এবং সেনসিটিভিটি পরীক্ষা করা উচিত। এটি অ্যান্টিবায়োটিক নির্বাচন করতে সাহায্য করবে। আপনার ডাক্তারের সাথে পরামর্শ করুন এবং সেই অনুযায়ী চিকিৎসা নিন। আশা করি আমি আপনার প্রশ্নের উত্তর দিতে পেরেছি, যদি আপনার কোনো সন্দেহ থাকে তবে আমার সাথে bit.ly/ Chat Doctor-এ যোগাযোগ করুন। নাসেনিয়া ডক ব্যবহার করার জন্য ধন্যবাদ। আপনার সুস্বাস্থ্য কামনা করি।"
56849,"হেলো, ডেইরি, আমি আপনার প্রশ্নটি দেখেছি। আমি আপনার উদ্বেগ বুঝতে পারছি। আপনার হার্নিয়া সার্জারির ইতিহাস রয়েছে এবং এখন অস্ত্রোপচার পরবর্তী সংক্রমণ হয়েছে। আপনি স্ট্রেপ্টোকক্কাল সংক্রমণে ভুগছেন। আপনার স্ট্রেপ্টোকক্কাল সংক্রমণ সাধারণ অ্যান্টিবায়োটিকের প্রতি প্রতিরোধী হতে পারে। আপনার কালচার এবং সেনসিটিভিটি পরীক্ষা করা উচিত। এটি অ্যান্টিবায়োটিক নির্বাচন করতে সাহায্য করবে। আপনার ডাক্তারের সাথে পরামর্শ করুন এবং সেই অনুযায়ী চিকিৎসা নিন। আশা করি আমি আপনার প্রশ্নের উত্তর দিতে পেরেছি, যদি আপনার কোনো সন্দেহ থাকে তবে আমার সাথে bit.ly/ Chat Doctor-এ যোগাযোগ করুন। নাসেনিয়া ডক ব্যবহার করার জন্য ধন্যবাদ। আপনার সুস্বাস্থ্য কামনা করি।"
73391,"হেলো, ডেইরি, আমি আপনার প্রশ্নটি দেখেছি। আমি আপনার উদ্বেগ বুঝতে পারছি। আপনার হার্নিয়া সার্জারির ইতিহাস রয়েছে এবং এখন অস্ত্রোপচার পরবর্তী সংক্রমণ হয়েছে। আপনি স্ট্রেপ্টোকক্কাল সংক্রমণে ভুগছেন। আপনার স্ট্রেপ্টোকক্কাল সংক্রমণ সাধারণ অ্যান্টিবায়োটিকের প্রতি প্রতিরোধী হতে পারে। আপনার কালচার এবং সেনসিটিভিটি পরীক্ষা করা উচিত। এটি অ্যান্টিবায়োটিক নির্বাচন করতে সাহায্য করবে। আপনার ডাক্তারের সাথে পরামর্শ করুন এবং সেই অনুযায়ী চিকিৎসা নিন। আশা করি আমি আপনার প্রশ্নের উত্তর দিতে পেরেছি, যদি আপনার কোনো সন্দেহ থাকে তবে আমার সাথে bit.ly/ Chat Doctor-এ যোগাযোগ করুন। নাসেনিয়া ডক ব্যবহার করার জন্য ধন্যবাদ। আপনার সুস্বাস্থ্য কামনা করি।"
29188,"হেলো, ডেইরি, আমি আপনার প্রশ্নটি দেখেছি। আমি আপনার উদ্বেগ বুঝতে পারছি। আপনার হার্নিয়া সার্জারির ইতিহাস রয়েছে এবং এখন অস্ত্রোপচার পরবর্তী সংক্রমণ হয়েছে। আপনি স্ট্রেপ্টোকক্কাল সংক্রমণে ভুগছেন। আপনার স্ট্রেপ্টোকক্কাল সংক্রমণ সাধারণ অ্যান্টিবায়োটিকের প্রতি প্রতিরোধী হতে পারে। আপনার কালচার এবং সেনসিটিভিটি পরীক্ষা করা উচিত। এটি অ্যান্টিবায়োটিক নির্বাচন করতে সাহায্য করবে। আপনার ডাক্তারের সাথে পরামর্শ করুন এবং সেই অনুযায়ী চিকিৎসা নিন। আশা করি আমি আপনার প্রশ্নের উত্তর দিতে পেরেছি, যদি আপনার কোনো সন্দেহ থাকে তবে আমার সাথে bit.ly/ Chat Doctor-এ যোগাযোগ করুন। নাসেনিয়া ডক ব্যবহার করার জন্য ধন্যবাদ। আপনার সুস্বাস্থ্য কামনা করি।"
71249,"হেলো, ডেইরি, আমি আপনার প্রশ্নটি দেখেছি। আমি আপনার উদ্বেগ বুঝতে পারছি। আপনার হার্নিয়া সার্জারির ইতিহাস রয়েছে এবং এখন অস্ত্রোপচার পরবর্তী সংক্রমণ হয়েছে। আপনি স্ট্রেপ্টোকক্কাল সংক্রমণে ভুগছেন। আপনার স্ট্রেপ্টোকক্কাল সংক্রমণ সাধারণ অ্যান্টিবায়োটিকের প্রতি প্রতিরোধী হতে পারে। আপনার কালচার এবং সেনসিটিভিটি পরীক্ষা করা উচিত। এটি অ্যান্টিবায়োটিক নির্বাচন করতে সাহায্য করবে। আপনার ডাক্তারের সাথে পরামর্শ করুন এবং সেই অনুযায়ী চিকিৎসা নিন। আশা করি আমি আপনার প্রশ্নের উত্তর দিতে পেরেছি, যদি আপনার কোনো সন্দেহ থাকে তবে আমার সাথে bit.ly/ Chat Doctor-এ যোগাযোগ করুন। নাসেনিয়া ডক ব্যবহার করার জন্য ধন্যবাদ। আপনার সুস্বাস্থ্য কামনা করি।"
55072,"হেলো, ডেইরি, আমি আপনার প্রশ্নটি দেখেছি। আমি আপনার উদ্বেগ বুঝতে পারছি। আপনার হার্নিয়া সার্জারির ইতিহাস রয়েছে এবং এখন অস্ত্রোপচার পরবর্তী সংক্রমণ হয়েছে। আপনি স্ট্রেপ্টোকক্কাল সংক্রমণে ভুগছেন। আপনার স্ট্রেপ্টোকক্কাল সংক্রমণ সাধারণ অ্যান্টিবায়োটিকের প্রতি প্রতিরোধী হতে পারে। আপনার কালচার এবং সেনসিটিভিটি পরীক্ষা করা উচিত। এটি অ্যান্টিবায়োটিক নির্বাচন করতে সাহায্য করবে। আপনার ডাক্তারের সাথে পরামর্শ করুন এবং সেই অনুযায়ী চিকিৎসা নিন। আশা করি আমি আপনার প্রশ্নের উত্তর দিতে পেরেছি, যদি আপনার কোনো সন্দেহ থাকে তবে আমার সাথে bit.ly/ Chat Doctor-এ যোগাযোগ করুন। নাসেনিয়া ডক ব্যবহার করার জন্য ধন্যবাদ। আপনার সুস্বাস্থ্য কামনা করি।"
26335,"হেলো, ডেইরি, আমি আপনার প্রশ্নটি দেখেছি। আমি আপনার উদ্বেগ বুঝতে পারছি। আপনার হার্নিয়া সার্জারির ইতিহাস রয়েছে এবং এখন অস্ত্রোপচার পরবর্তী সংক্রমণ হয়েছে। আপনি স্ট্রেপ্টোকক্কাল সংক্রমণে ভুগছেন। আপনার স্ট্রেপ্টোকক্কাল সংক্রমণ সাধারণ অ্যান্টিবায়োটিকের প্রতি প্রতিরোধী হতে পারে। আপনার কালচার এবং সেনসিটিভিটি পরীক্ষা করা উচিত। এটি অ্যান্টিবায়োটিক নির্বাচন করতে সাহায্য করবে। আপনার ডাক্তারের সাথে পরামর্শ করুন এবং সেই অনুযায়ী চিকিৎসা নিন। আশা করি আমি আপনার প্রশ্নের উত্তর দিতে পেরেছি, যদি আপনার কোনো সন্দেহ থাকে তবে আমার সাথে bit.ly/ Chat Doctor-এ যোগাযোগ করুন। নাসেনিয়া ডক ব্যবহার করার জন্য ধন্যবাদ। আপনার সুস্বাস্থ্য কামনা করি।"
9972,"হেলো, ডেইরি, আমি আপনার প্রশ্নটি দেখেছি। আমি আপনার উদ্বেগ বুঝতে পারছি। আপনার হার্নিয়া সার্জারির ইতিহাস রয়েছে এবং এখন অস্ত্রোপচার পরবর্তী সংক্রমণ হয়েছে। আপনি স্ট্রেপ্টোকক্কাল সংক্রমণে ভুগছেন। আপনার স্ট্রেপ্টোকক্কাল সংক্রমণ সাধারণ অ্যান্টিবায়োটিকের প্রতি প্রতিরোধী হতে পারে। আপনার কালচার এবং সেনসিটিভিটি পরীক্ষা করা উচিত। এটি অ্যান্টিবায়োটিক নির্বাচন করতে সাহায্য করবে। আপনার ডাক্তারের সাথে পরামর্শ করুন এবং সেই অনুযায়ী চিকিৎসা নিন। আশা করি আমি আপনার প্রশ্নের উত্তর দিতে পেরেছি, যদি আপনার কোনো সন্দেহ থাকে তবে আমার সাথে bit.ly/ Chat Doctor-এ যোগাযোগ করুন। নাসেনিয়া ডক ব্যবহার করার জন্য ধন্যবাদ। আপনার সুস্বাস্থ্য কামনা করি।"
102949,"হেলো, ডেইরি, আমি আপনার প্রশ্নটি দেখেছি। আমি আপনার উদ্বেগ বুঝতে পারছি। আপনার হার্নিয়া সার্জারির ইতিহাস রয়েছে এবং এখন অস্ত্রোপচার পরবর্তী সংক্রমণ হয়েছে। আপনি স্ট্রেপ্টোকক্কাল সংক্রমণে ভুগছেন। আপনার স্ট্রেপ্টোকক্কাল সংক্রমণ সাধারণ অ্যান্টিবায়োটিকের প্রতি প্রতিরোধী হতে পারে। আপনার কালচার এবং সেনসিটিভিটি পরীক্ষা করা উচিত। এটি অ্যান্টিবায়োটিক নির্বাচন করতে সাহায্য করবে। আপনার ডাক্তারের সাথে পরামর্শ করুন এবং সেই অনুযায়ী চিকিৎসা নিন। আশা করি আমি আপনার প্রশ্নের উত্তর দিতে পেরেছি, যদি আপনার কোনো সন্দেহ থাকে তবে আমার সাথে bit.ly/ Chat Doctor-এ যোগাযোগ করুন। নাসেনিয়া ডক ব্যবহার করার জন্য ধন্যবাদ। আপনার সুস্বাস্থ্য কামনা করি।"
96201,"হেলো, ডেইরি, আমি আপনার প্রশ্নটি দেখেছি। আমি আপনার উদ্বেগ বুঝতে পারছি। আপনার হার্নিয়া সার্জারির ইতিহাস রয়েছে এবং এখন অস্ত্রোপচার পরবর্তী সংক্রমণ হয়েছে। আপনি স্ট্রেপ্টোকক্কাল সংক্রমণে ভুগছেন। আপনার স্ট্রেপ্টোকক্কাল সংক্রমণ সাধারণ অ্যান্টিবায়োটিকের প্রতি প্রতিরোধী হতে পারে। আপনার কালচার এবং সেনসিটিভিটি পরীক্ষা করা উচিত। এটি অ্যান্টিবায়োটিক নির্বাচন করতে সাহায্য করবে। আপনার ডাক্তারের সাথে পরামর্শ করুন এবং সেই অনুযায়ী চিকিৎসা নিন। আশা করি আমি আপনার প্রশ্নের উত্তর দিতে পেরেছি, যদি আপনার কোনো সন্দেহ থাকে তবে আমার সাথে bit.ly/ Chat Doctor-এ যোগাযোগ করুন। নাসেনিয়া ডক ব্যবহার করার জন্য ধন্যবাদ। আপনার সুস্বাস্থ্য কামনা করি।"
80156,"হেলো, ডেইরি, আমি আপনার প্রশ্নটি দেখেছি। আমি আপনার উদ্বেগ বুঝতে পারছি। আপনার হার্নিয়া সার্জারির ইতিহাস রয়েছে এবং এখন অস্ত্রোপচার পরবর্তী সংক্রমণ হয়েছে। আপনি স্ট্রেপ্টোকক্কাল সংক্রমণে ভুগছেন। আপনার স্ট্রেপ্টোকক্কাল সংক্রমণ সাধারণ অ্যান্টিবায়োটিকের প্রতি প্রতিরোধী হতে পারে। আপনার কালচার এবং সেনসিটিভিটি পরীক্ষা করা উচিত। এটি অ্যান্টিবায়োটিক নির্বাচন করতে সাহায্য করবে। আপনার ডাক্তারের সাথে পরামর্শ করুন এবং সেই অনুযায়ী চিকিৎসা নিন। আশা করি আমি আপনার প্রশ্নের উত্তর দিতে পেরেছি, যদি আপনার কোনো সন্দেহ থাকে তবে আমার সাথে bit.ly/ Chat Doctor-এ যোগাযোগ করুন। নাসেনিয়া ডক ব্যবহার করার জন্য ধন্যবাদ। আপনার সুস্বাস্থ্য কামনা করি।"
24745,"হেলো, ডেইরি, আমি আপনার প্রশ্নটি দেখেছি। আমি আপনার উদ্বেগ বুঝতে পারছি। আপনার হার্নিয়া সার্জারির ইতিহাস রয়েছে এবং এখন অস্ত্রোপচার পরবর্তী সংক্রমণ হয়েছে। আপনি স্ট্রেপ্টোকক্কাল সংক্রমণে ভুগছেন। আপনার স্ট্রেপ্টোকক্কাল সংক্রমণ সাধারণ অ্যান্টিবায়োটিকের প্রতি প্রতিরোধী হতে পারে। আপনার কালচার এবং সেনসিটিভিটি পরীক্ষা করা উচিত। এটি অ্যান্টিবায়োটিক নির্বাচন করতে সাহায্য করবে। আপনার ডাক্তারের সাথে পরামর্শ করুন এবং সেই অনুযায়ী চিকিৎসা নিন। আশা করি আমি আপনার প্রশ্নের উত্তর দিতে পেরেছি, যদি আপনার কোনো সন্দেহ থাকে তবে আমার সাথে bit.ly/ Chat Doctor-এ যোগাযোগ করুন। নাসেনিয়া ডক ব্যবহার করার জন্য ধন্যবাদ। আপনার সুস্বাস্থ্য কামনা করি।"
100052,"হেলো, ডেইরি, আমি আপনার প্রশ্নটি দেখেছি। আমি আপনার উদ্বেগ বুঝতে পারছি। আপনার হার্নিয়া সার্জারির ইতিহাস রয়েছে এবং এখন অস্ত্রোপচার পরবর্তী সংক্রমণ হয়েছে। আপনি স্ট্রেপ্টোকক্কাল সংক্রমণে ভুগছেন। আপনার স্ট্রেপ্টোকক্কাল সংক্রমণ সাধারণ অ্যান্টিবায়োটিকের প্রতি প্রতিরোধী হতে পারে। আপনার কালচার এবং সেনসিটিভিটি পরীক্ষা করা উচিত। এটি অ্যান্টিবায়োটিক নির্বাচন করতে সাহায্য করবে। আপনার ডাক্তারের সাথে পরামর্শ করুন এবং সেই অনুযায়ী চিকিৎসা নিন। আশা করি আমি আপনার প্রশ্নের উত্তর দিতে পেরেছি, যদি আপনার কোনো সন্দেহ থাকে তবে আমার সাথে bit.ly/ Chat Doctor-এ যোগাযোগ করুন। নাসেনিয়া ডক ব্যবহার করার জন্য ধন্যবাদ। আপনার সুস্বাস্থ্য কামনা করি।"
22884,"হেলো, ডেইরি, আমি আপনার প্রশ্নটি দেখেছি। আমি আপনার উদ্বেগ বুঝতে পারছি। আপনার হার্নিয়া সার্জারির ইতিহাস রয়েছে এবং এখন অস্ত্রোপচার পরবর্তী সংক্রমণ হয়েছে। আপনি স্ট্রেপ্টোকক্কাল সংক্রমণে ভুগছেন। আপনার স্ট্রেপ্টোকক্কাল সংক্রমণ সাধারণ অ্যান্টিবায়োটিকের প্রতি প্রতিরোধী হতে পারে। আপনার কালচার এবং সেনসিটিভিটি পরীক্ষা করা উচিত। এটি অ্যান্টিবায়োটিক নির্বাচন করতে সাহায্য করবে। আপনার ডাক্তারের সাথে পরামর্শ করুন এবং সেই অনুযায়ী চিকিৎসা নিন। আশা করি আমি আপনার প্রশ্নের উত্তর দিতে পেরেছি, যদি আপনার কোনো সন্দেহ থাকে তবে আমার সাথে bit.ly/ Chat Doctor-এ যোগাযোগ করুন। নাসেনিয়া ডক ব্যবহার করার জন্য ধন্যবাদ। আপনার সুস্বাস্থ্য কামনা করি।"
51448,"হেলো, ডেইরি, আমি আপনার প্রশ্নটি দেখেছি। আমি আপনার উদ্বেগ বুঝতে পারছি। আপনার হার্নিয়া সার্জারির ইতিহাস রয়েছে এবং এখন অস্ত্রোপচার পরবর্তী সংক্রমণ হয়েছে। আপনি স্ট্রেপ্টোকক্কাল সংক্রমণে ভুগছেন। আপনার স্ট্রেপ্টোকক্কাল সংক্রমণ সাধারণ অ্যান্টিবায়োটিকের প্রতি প্রতিরোধী হতে পারে। আপনার কালচার এবং সেনসিটিভিটি পরীক্ষা করা উচিত। এটি অ্যান্টিবায়োটিক নির্বাচন করতে সাহায্য করবে। আপনার ডাক্তারের সাথে পরামর্শ করুন এবং সেই অনুযায়ী চিকিৎসা নিন। আশা করি আমি আপনার প্রশ্নের উত্তর দিতে পেরেছি, যদি আপনার কোনো সন্দেহ থাকে তবে আমার সাথে bit.ly/ Chat Doctor-এ যোগাযোগ করুন। নাসেনিয়া ডক ব্যবহার করার জন্য ধন্যবাদ। আপনার সুস্বাস্থ্য কামনা করি।"
74554,"হেলো, ডেইরি, আমি আপনার প্রশ্নটি দেখেছি। আমি আপনার উদ্বেগ বুঝতে পারছি। আপনার হার্নিয়া সার্জারির ইতিহাস রয়েছে এবং এখন অস্ত্রোপচার পরবর্তী সংক্রমণ হয়েছে। আপনি স্ট্রেপ্টোকক্কাল সংক্রমণে ভুগছেন। আপনার স্ট্রেপ্টোকক্কাল সংক্রমণ সাধারণ অ্যান্টিবায়োটিকের প্রতি প্রতিরোধী হতে পারে। আপনার কালচার এবং সেনসিটিভিটি পরীক্ষা করা উচিত। এটি অ্যান্টিবায়োটিক নির্বাচন করতে সাহায্য করবে। আপনার ডাক্তারের সাথে পরামর্শ করুন এবং সেই অনুযায়ী চিকিৎসা নিন। আশা করি আমি আপনার প্রশ্নের উত্তর দিতে পেরেছি, যদি আপনার কোনো সন্দেহ থাকে তবে আমার সাথে bit.ly/ Chat Doctor-এ যোগাযোগ করুন। নাসেনিয়া ডক ব্যবহার করার জন্য ধন্যবাদ। আপনার সুস্বাস্থ্য কামনা করি।"
86781,"হেলো, ডেইরি, আমি আপনার প্রশ্নটি দেখেছি। আমি আপনার উদ্বেগ বুঝতে পারছি। আপনার হার্নিয়া সার্জারির ইতিহাস রয়েছে এবং এখন অস্ত্রোপচার পরবর্তী সংক্রমণ হয়েছে। আপনি স্ট্রেপ্টোকক্কাল সংক্রমণে ভুগছেন। আপনার স্ট্রেপ্টোকক্কাল সংক্রমণ সাধারণ অ্যান্টিবায়োটিকের প্রতি প্রতিরোধী হতে পারে। আপনার কালচার এবং সেনসিটিভিটি পরীক্ষা করা উচিত। এটি অ্যান্টিবায়োটিক নির্বাচন করতে সাহায্য করবে। আপনার ডাক্তারের সাথে পরামর্শ করুন এবং সেই অনুযায়ী চিকিৎসা নিন। আশা করি আমি আপনার প্রশ্নের উত্তর দিতে পেরেছি, যদি আপনার কোনো সন্দেহ থাকে তবে আমার সাথে bit.ly/ Chat Doctor-এ যোগাযোগ করুন। নাসেনিয়া ডক ব্যবহার করার জন্য ধন্যবাদ। আপনার সুস্বাস্থ্য কামনা করি।"
61934,"হেলো, ডেইরি, আমি আপনার প্রশ্নটি দেখেছি। আমি আপনার উদ্বেগ বুঝতে পারছি। আপনার হার্নিয়া সার্জারির ইতিহাস রয়েছে এবং এখন অস্ত্রোপচার পরবর্তী সংক্রমণ হয়েছে। আপনি স্ট্রেপ্টোকক্কাল সংক্রমণে ভুগছেন। আপনার স্ট্রেপ্টোকক্কাল সংক্রমণ সাধারণ অ্যান্টিবায়োটিকের প্রতি প্রতিরোধী হতে পারে। আপনার কালচার এবং সেনসিটিভিটি পরীক্ষা করা উচিত। এটি অ্যান্টিবায়োটিক নির্বাচন করতে সাহায্য করবে। আপনার ডাক্তারের সাথে পরামর্শ করুন এবং সেই অনুযায়ী চিকিৎসা নিন। আশা করি আমি আপনার প্রশ্নের উত্তর দিতে পেরেছি, যদি আপনার কোনো সন্দেহ থাকে তবে আমার সাথে bit.ly/ Chat Doctor-এ যোগাযোগ করুন। নাসেনিয়া ডক ব্যবহার করার জন্য ধন্যবাদ। আপনার সুস্বাস্থ্য কামনা করি।"
57081,"হেলো, ডেইরি, আমি আপনার প্রশ্নটি দেখেছি। আমি আপনার উদ্বেগ বুঝতে পারছি। আপনার হার্নিয়া সার্জারির ইতিহাস রয়েছে এবং এখন অস্ত্রোপচার পরবর্তী সংক্রমণ হয়েছে। আপনি স্ট্রেপ্টোকক্কাল সংক্রমণে ভুগছেন। আপনার স্ট্রেপ্টোকক্কাল সংক্রমণ সাধারণ অ্যান্টিবায়োটিকের প্রতি প্রতিরোধী হতে পারে। আপনার কালচার এবং সেনসিটিভিটি পরীক্ষা করা উচিত। এটি অ্যান্টিবায়োটিক নির্বাচন করতে সাহায্য করবে। আপনার ডাক্তারের সাথে পরামর্শ করুন এবং সেই অনুযায়ী চিকিৎসা নিন। আশা করি আমি আপনার প্রশ্নের উত্তর দিতে পেরেছি, যদি আপনার কোনো সন্দেহ থাকে তবে আমার সাথে bit.ly/ Chat Doctor-এ যোগাযোগ করুন। নাসেনিয়া ডক ব্যবহার করার জন্য ধন্যবাদ। আপনার সুস্বাস্থ্য কামনা করি।"
14618,"হেলো, ডেইরি, আমি আপনার প্রশ্নটি দেখেছি। আমি আপনার উদ্বেগ বুঝতে পারছি। আপনার হার্নিয়া সার্জারির ইতিহাস রয়েছে এবং এখন অস্ত্রোপচার পরবর্তী সংক্রমণ হয়েছে। আপনি স্ট্রেপ্টোকক্কাল সংক্রমণে ভুগছেন। আপনার স্ট্রেপ্টোকক্কাল সংক্রমণ সাধারণ অ্যান্টিবায়োটিকের প্রতি প্রতিরোধী হতে পারে। আপনার কালচার এবং সেনসিটিভিটি পরীক্ষা করা উচিত। এটি অ্যান্টিবায়োটিক নির্বাচন করতে সাহায্য করবে। আপনার ডাক্তারের সাথে পরামর্শ করুন এবং সেই অনুযায়ী চিকিৎসা নিন। আশা করি আমি আপনার প্রশ্নের উত্তর দিতে পেরেছি, যদি আপনার কোনো সন্দেহ থাকে তবে আমার সাথে bit.ly/ Chat Doctor-এ যোগাযোগ করুন। নাসেনিয়া ডক ব্যবহার করার জন্য ধন্যবাদ। আপনার সুস্বাস্থ্য কামনা করি।"
37140,"হেলো, ডেইরি, আমি আপনার প্রশ্নটি দেখেছি। আমি আপনার উদ্বেগ বুঝতে পারছি। আপনার হার্নিয়া সার্জারির ইতিহাস রয়েছে এবং এখন অস্ত্রোপচার পরবর্তী সংক্রমণ হয়েছে। আপনি স্ট্রেপ্টোকক্কাল সংক্রমণে ভুগছেন। আপনার স্ট্রেপ্টোকক্কাল সংক্রমণ সাধারণ অ্যান্টিবায়োটিকের প্রতি প্রতিরোধী হতে পারে। আপনার কালচার এবং সেনসিটিভিটি পরীক্ষা করা উচিত। এটি অ্যান্টিবায়োটিক নির্বাচন করতে সাহায্য করবে। আপনার ডাক্তারের সাথে পরামর্শ করুন এবং সেই অনুযায়ী চিকিৎসা নিন। আশা করি আমি আপনার প্রশ্নের উত্তর দিতে পেরেছি, যদি আপনার কোনো সন্দেহ থাকে তবে আমার সাথে bit.ly/ Chat Doctor-এ যোগাযোগ করুন। নাসেনিয়া ডক ব্যবহার করার জন্য ধন্যবাদ। আপনার সুস্বাস্থ্য কামনা করি।"
77025,"হেলো, ডেইরি, আমি আপনার প্রশ্নটি দেখেছি। আমি আপনার উদ্বেগ বুঝতে পারছি। আপনার হার্নিয়া সার্জারির ইতিহাস রয়েছে এবং এখন অস্ত্রোপচার পরবর্তী সংক্রমণ হয়েছে। আপনি স্ট্রেপ্টোকক্কাল সংক্রমণে ভুগছেন। আপনার স্ট্রেপ্টোকক্কাল সংক্রমণ সাধারণ অ্যান্টিবায়োটিকের প্রতি প্রতিরোধী হতে পারে। আপনার কালচার এবং সেনসিটিভিটি পরীক্ষা করা উচিত। এটি অ্যান্টিবায়োটিক নির্বাচন করতে সাহায্য করবে। আপনার ডাক্তারের সাথে পরামর্শ করুন এবং সেই অনুযায়ী চিকিৎসা নিন। আশা করি আমি আপনার প্রশ্নের উত্তর দিতে পেরেছি, যদি আপনার কোনো সন্দেহ থাকে তবে আমার সাথে bit.ly/ Chat Doctor-এ যোগাযোগ করুন। নাসেনিয়া ডক ব্যবহার করার জন্য ধন্যবাদ। আপনার সুস্বাস্থ্য কামনা করি।"
103939,"হেলো, ডেইরি, আমি আপনার প্রশ্নটি দেখেছি। আমি আপনার উদ্বেগ বুঝতে পারছি। আপনার হার্নিয়া সার্জারির ইতিহাস রয়েছে এবং এখন অস্ত্রোপচার পরবর্তী সংক্রমণ হয়েছে। আপনি স্ট্রেপ্টোকক্কাল সংক্রমণে ভুগছেন। আপনার স্ট্রেপ্টোকক্কাল সংক্রমণ সাধারণ অ্যান্টিবায়োটিকের প্রতি প্রতিরোধী হতে পারে। আপনার কালচার এবং সেনসিটিভিটি পরীক্ষা করা উচিত। এটি অ্যান্টিবায়োটিক নির্বাচন করতে সাহায্য করবে। আপনার ডাক্তারের সাথে পরামর্শ করুন এবং সেই অনুযায়ী চিকিৎসা নিন। আশা করি আমি আপনার প্রশ্নের উত্তর দিতে পেরেছি, যদি আপনার কোনো সন্দেহ থাকে তবে আমার সাথে bit.ly/ Chat Doctor-এ যোগাযোগ করুন। নাসেনিয়া ডক ব্যবহার করার জন্য ধন্যবাদ। আপনার সুস্বাস্থ্য কামনা করি।"
50645,"হেলো, ডেইরি, আমি আপনার প্রশ্নটি দেখেছি। আমি আপনার উদ্বেগ বুঝতে পারছি। আপনার হার্নিয়া সার্জারির ইতিহাস রয়েছে এবং এখন অস্ত্রোপচার পরবর্তী সংক্রমণ হয়েছে। আপনি স্ট্রেপ্টোকক্কাল সংক্রমণে ভুগছেন। আপনার স্ট্রেপ্টোকক্কাল সংক্রমণ সাধারণ অ্যান্টিবায়োটিকের প্রতি প্রতিরোধী হতে পারে। আপনার কালচার এবং সেনসিটিভিটি পরীক্ষা করা উচিত। এটি অ্যান্টিবায়োটিক নির্বাচন করতে সাহায্য করবে। আপনার ডাক্তারের সাথে পরামর্শ করুন এবং সেই অনুযায়ী চিকিৎসা নিন। আশা করি আমি আপনার প্রশ্নের উত্তর দিতে পেরেছি, যদি আপনার কোনো সন্দেহ থাকে তবে আমার সাথে bit.ly/ Chat Doctor-এ যোগাযোগ করুন। নাসেনিয়া ডক ব্যবহার করার জন্য ধন্যবাদ। আপনার সুস্বাস্থ্য কামনা করি।"
111774,"হেলো, ডেইরি, আমি আপনার প্রশ্নটি দেখেছি। আমি আপনার উদ্বেগ বুঝতে পারছি। আপনার হার্নিয়া সার্জারির ইতিহাস রয়েছে এবং এখন অস্ত্রোপচার পরবর্তী সংক্রমণ হয়েছে। আপনি স্ট্রেপ্টোকক্কাল সংক্রমণে ভুগছেন। আপনার স্ট্রেপ্টোকক্কাল সংক্রমণ সাধারণ অ্যান্টিবায়োটিকের প্রতি প্রতিরোধী হতে পারে। আপনার কালচার এবং সেনসিটিভিটি পরীক্ষা করা উচিত। এটি অ্যান্টিবায়োটিক নির্বাচন করতে সাহায্য করবে। আপনার ডাক্তারের সাথে পরামর্শ করুন এবং সেই অনুযায়ী চিকিৎসা নিন। আশা করি আমি আপনার প্রশ্নের উত্তর দিতে পেরেছি, যদি আপনার কোনো সন্দেহ থাকে তবে আমার সাথে bit.ly/ Chat Doctor-এ যোগাযোগ করুন। নাসেনিয়া ডক ব্যবহার করার জন্য ধন্যবাদ। আপনার সুস্বাস্থ্য কামনা করি।"
58574,"হেলো, ডেইরি, আমি আপনার প্রশ্নটি দেখেছি। আমি আপনার উদ্বেগ বুঝতে পারছি। আপনার হার্নিয়া সার্জারির ইতিহাস রয়েছে এবং এখন অস্ত্রোপচার পরবর্তী সংক্রমণ হয়েছে। আপনি স্ট্রেপ্টোকক্কাল সংক্রমণে ভুগছেন। আপনার স্ট্রেপ্টোকক্কাল সংক্রমণ সাধারণ অ্যান্টিবায়োটিকের প্রতি প্রতিরোধী হতে পারে। আপনার কালচার এবং সেনসিটিভিটি পরীক্ষা করা উচিত। এটি অ্যান্টিবায়োটিক নির্বাচন করতে সাহায্য করবে। আপনার ডাক্তারের সাথে পরামর্শ করুন এবং সেই অনুযায়ী চিকিৎসা নিন। আশা করি আমি আপনার প্রশ্নের উত্তর দিতে পেরেছি, যদি আপনার কোনো সন্দেহ থাকে তবে আমার সাথে bit.ly/ Chat Doctor-এ যোগাযোগ করুন। নাসেনিয়া ডক ব্যবহার করার জন্য ধন্যবাদ। আপনার সুস্বাস্থ্য কামনা করি।"
2625,"হেলো, ডেইরি, আমি আপনার প্রশ্নটি দেখেছি। আমি আপনার উদ্বেগ বুঝতে পারছি। আপনার হার্নিয়া সার্জারির ইতিহাস রয়েছে এবং এখন অস্ত্রোপচার পরবর্তী সংক্রমণ হয়েছে। আপনি স্ট্রেপ্টোকক্কাল সংক্রমণে ভুগছেন। আপনার স্ট্রেপ্টোকক্কাল সংক্রমণ সাধারণ অ্যান্টিবায়োটিকের প্রতি প্রতিরোধী হতে পারে। আপনার কালচার এবং সেনসিটিভিটি পরীক্ষা করা উচিত। এটি অ্যান্টিবায়োটিক নির্বাচন করতে সাহায্য করবে। আপনার ডাক্তারের সাথে পরামর্শ করুন এবং সেই অনুযায়ী চিকিৎসা নিন। আশা করি আমি আপনার প্রশ্নের উত্তর দিতে পেরেছি, যদি আপনার কোনো সন্দেহ থাকে তবে আমার সাথে bit.ly/ Chat Doctor-এ যোগাযোগ করুন। নাসেনিয়া ডক ব্যবহার করার জন্য ধন্যবাদ। আপনার সুস্বাস্থ্য কামনা করি।"
12900,"হেলো, ডেইরি, আমি আপনার প্রশ্নটি দেখেছি। আমি আপনার উদ্বেগ বুঝতে পারছি। আপনার হার্নিয়া সার্জারির ইতিহাস রয়েছে এবং এখন অস্ত্রোপচার পরবর্তী সংক্রমণ হয়েছে। আপনি স্ট্রেপ্টোকক্কাল সংক্রমণে ভুগছেন। আপনার স্ট্রেপ্টোকক্কাল সংক্রমণ সাধারণ অ্যান্টিবায়োটিকের প্রতি প্রতিরোধী হতে পারে। আপনার কালচার এবং সেনসিটিভিটি পরীক্ষা করা উচিত। এটি অ্যান্টিবায়োটিক নির্বাচন করতে সাহায্য করবে। আপনার ডাক্তারের সাথে পরামর্শ করুন এবং সেই অনুযায়ী চিকিৎসা নিন। আশা করি আমি আপনার প্রশ্নের উত্তর দিতে পেরেছি, যদি আপনার কোনো সন্দেহ থাকে তবে আমার সাথে bit.ly/ Chat Doctor-এ যোগাযোগ করুন। নাসেনিয়া ডক ব্যবহার করার জন্য ধন্যবাদ। আপনার সুস্বাস্থ্য কামনা করি।"
17588,"হেলো, ডেইরি, আমি আপনার প্রশ্নটি দেখেছি। আমি আপনার উদ্বেগ বুঝতে পারছি। আপনার হার্নিয়া সার্জারির ইতিহাস রয়েছে এবং এখন অস্ত্রোপচার পরবর্তী সংক্রমণ হয়েছে। আপনি স্ট্রেপ্টোকক্কাল সংক্রমণে ভুগছেন। আপনার স্ট্রেপ্টোকক্কাল সংক্রমণ সাধারণ অ্যান্টিবায়োটিকের প্রতি প্রতিরোধী হতে পারে। আপনার কালচার এবং সেনসিটিভিটি পরীক্ষা করা উচিত। এটি অ্যান্টিবায়োটিক নির্বাচন করতে সাহায্য করবে। আপনার ডাক্তারের সাথে পরামর্শ করুন এবং সেই অনুযায়ী চিকিৎসা নিন। আশা করি আমি আপনার প্রশ্নের উত্তর দিতে পেরেছি, যদি আপনার কোনো সন্দেহ থাকে তবে আমার সাথে bit.ly/ Chat Doctor-এ যোগাযোগ করুন। নাসেনিয়া ডক ব্যবহার করার জন্য ধন্যবাদ। আপনার সুস্বাস্থ্য কামনা করি।"
6404,"হেলো, ডেইরি, আমি আপনার প্রশ্নটি দেখেছি। আমি আপনার উদ্বেগ বুঝতে পারছি। আপনার হার্নিয়া সার্জারির ইতিহাস রয়েছে এবং এখন অস্ত্রোপচার পরবর্তী সংক্রমণ হয়েছে। আপনি স্ট্রেপ্টোকক্কাল সংক্রমণে ভুগছেন। আপনার স্ট্রেপ্টোকক্কাল সংক্রমণ সাধারণ অ্যান্টিবায়োটিকের প্রতি প্রতিরোধী হতে পারে। আপনার কালচার এবং সেনসিটিভিটি পরীক্ষা করা উচিত। এটি অ্যান্টিবায়োটিক নির্বাচন করতে সাহায্য করবে। আপনার ডাক্তারের সাথে পরামর্শ করুন এবং সেই অনুযায়ী চিকিৎসা নিন। আশা করি আমি আপনার প্রশ্নের উত্তর দিতে পেরেছি, যদি আপনার কোনো সন্দেহ থাকে তবে আমার সাথে bit.ly/ Chat Doctor-এ যোগাযোগ করুন। নাসেনিয়া ডক ব্যবহার করার জন্য ধন্যবাদ। আপনার সুস্বাস্থ্য কামনা করি।"
2977,"হেলো, ডেইরি, আমি আপনার প্রশ্নটি দেখেছি। আমি আপনার উদ্বেগ বুঝতে পারছি। আপনার হার্নিয়া সার্জারির ইতিহাস রয়েছে এবং এখন অস্ত্রোপচার পরবর্তী সংক্রমণ হয়েছে। আপনি স্ট্রেপ্টোকক্কাল সংক্রমণে ভুগছেন। আপনার স্ট্রেপ্টোকক্কাল সংক্রমণ সাধারণ অ্যান্টিবায়োটিকের প্রতি প্রতিরোধী হতে পারে। আপনার কালচার এবং সেনসিটিভিটি পরীক্ষা করা উচিত। এটি অ্যান্টিবায়োটিক নির্বাচন করতে সাহায্য করবে। আপনার ডাক্তারের সাথে পরামর্শ করুন এবং সেই অনুযায়ী চিকিৎসা নিন। আশা করি আমি আপনার প্রশ্নের উত্তর দিতে পেরেছি, যদি আপনার কোনো সন্দেহ থাকে তবে আমার সাথে bit.ly/ Chat Doctor-এ যোগাযোগ করুন। নাসেনিয়া ডক ব্যবহার করার জন্য ধন্যবাদ। আপনার সুস্বাস্থ্য কামনা করি।"
8980,"হেলো, ডেইরি, আমি আপনার প্রশ্নটি দেখেছি। আমি আপনার উদ্বেগ বুঝতে পারছি। আপনার হার্নিয়া সার্জারির ইতিহাস রয়েছে এবং এখন অস্ত্রোপচার পরবর্তী সংক্রমণ হয়েছে। আপনি স্ট্রেপ্টোকক্কাল সংক্রমণে ভুগছেন। আপনার স্ট্রেপ্টোকক্কাল সংক্রমণ সাধারণ অ্যান্টিবায়োটিকের প্রতি প্রতিরোধী হতে পারে। আপনার কালচার এবং সেনসিটিভিটি পরীক্ষা করা উচিত। এটি অ্যান্টিবায়োটিক নির্বাচন করতে সাহায্য করবে। আপনার ডাক্তারের সাথে পরামর্শ করুন এবং সেই অনুযায়ী চিকিৎসা নিন। আশা করি আমি আপনার প্রশ্নের উত্তর দিতে পেরেছি, যদি আপনার কোনো সন্দেহ থাকে তবে আমার সাথে bit.ly/ Chat Doctor-এ যোগাযোগ করুন। নাসেনিয়া ডক ব্যবহার করার জন্য ধন্যবাদ। আপনার সুস্বাস্থ্য কামনা করি।"
44380,"হেলো, ডেইরি, আমি আপনার প্রশ্নটি দেখেছি। আমি আপনার উদ্বেগ বুঝতে পারছি। আপনার হার্নিয়া সার্জারির ইতিহাস রয়েছে এবং এখন অস্ত্রোপচার পরবর্তী সংক্রমণ হয়েছে। আপনি স্ট্রেপ্টোকক্কাল সংক্রমণে ভুগছেন। আপনার স্ট্রেপ্টোকক্কাল সংক্রমণ সাধারণ অ্যান্টিবায়োটিকের প্রতি প্রতিরোধী হতে পারে। আপনার কালচার এবং সেনসিটিভিটি পরীক্ষা করা উচিত। এটি অ্যান্টিবায়োটিক নির্বাচন করতে সাহায্য করবে। আপনার ডাক্তারের সাথে পরামর্শ করুন এবং সেই অনুযায়ী চিকিৎসা নিন। আশা করি আমি আপনার প্রশ্নের উত্তর দিতে পেরেছি, যদি আপনার কোনো সন্দেহ থাকে তবে আমার সাথে bit.ly/ Chat Doctor-এ যোগাযোগ করুন। নাসেনিয়া ডক ব্যবহার করার জন্য ধন্যবাদ। আপনার সুস্বাস্থ্য কামনা করি।"
99593,"হেলো, ডেইরি, আমি আপনার প্রশ্নটি দেখেছি। আমি আপনার উদ্বেগ বুঝতে পারছি। আপনার হার্নিয়া সার্জারির ইতিহাস রয়েছে এবং এখন অস্ত্রোপচার পরবর্তী সংক্রমণ হয়েছে। আপনি স্ট্রেপ্টোকক্কাল সংক্রমণে ভুগছেন। আপনার স্ট্রেপ্টোকক্কাল সংক্রমণ সাধারণ অ্যান্টিবায়োটিকের প্রতি প্রতিরোধী হতে পারে। আপনার কালচার এবং সেনসিটিভিটি পরীক্ষা করা উচিত। এটি অ্যান্টিবায়োটিক নির্বাচন করতে সাহায্য করবে। আপনার ডাক্তারের সাথে পরামর্শ করুন এবং সেই অনুযায়ী চিকিৎসা নিন। আশা করি আমি আপনার প্রশ্নের উত্তর দিতে পেরেছি, যদি আপনার কোনো সন্দেহ থাকে তবে আমার সাথে bit.ly/ Chat Doctor-এ যোগাযোগ করুন। নাসেনিয়া ডক ব্যবহার করার জন্য ধন্যবাদ। আপনার সুস্বাস্থ্য কামনা করি।"
89414,"হেলো, ডেইরি, আমি আপনার প্রশ্নটি দেখেছি। আমি আপনার উদ্বেগ বুঝতে পারছি। আপনার হার্নিয়া সার্জারির ইতিহাস রয়েছে এবং এখন অস্ত্রোপচার পরবর্তী সংক্রমণ হয়েছে। আপনি স্ট্রেপ্টোকক্কাল সংক্রমণে ভুগছেন। আপনার স্ট্রেপ্টোকক্কাল সংক্রমণ সাধারণ অ্যান্টিবায়োটিকের প্রতি প্রতিরোধী হতে পারে। আপনার কালচার এবং সেনসিটিভিটি পরীক্ষা করা উচিত। এটি অ্যান্টিবায়োটিক নির্বাচন করতে সাহায্য করবে। আপনার ডাক্তারের সাথে পরামর্শ করুন এবং সেই অনুযায়ী চিকিৎসা নিন। আশা করি আমি আপনার প্রশ্নের উত্তর দিতে পেরেছি, যদি আপনার কোনো সন্দেহ থাকে তবে আমার সাথে bit.ly/ Chat Doctor-এ যোগাযোগ করুন। নাসেনিয়া ডক ব্যবহার করার জন্য ধন্যবাদ। আপনার সুস্বাস্থ্য কামনা করি।"
5993,"হেলো, ডেইরি, আমি আপনার প্রশ্নটি দেখেছি। আমি আপনার উদ্বেগ বুঝতে পারছি। আপনার হার্নিয়া সার্জারির ইতিহাস রয়েছে এবং এখন অস্ত্রোপচার পরবর্তী সংক্রমণ হয়েছে। আপনি স্ট্রেপ্টোকক্কাল সংক্রমণে ভুগছেন। আপনার স্ট্রেপ্টোকক্কাল সংক্রমণ সাধারণ অ্যান্টিবায়োটিকের প্রতি প্রতিরোধী হতে পারে। আপনার কালচার এবং সেনসিটিভিটি পরীক্ষা করা উচিত। এটি অ্যান্টিবায়োটিক নির্বাচন করতে সাহায্য করবে। আপনার ডাক্তারের সাথে পরামর্শ করুন এবং সেই অনুযায়ী চিকিৎসা নিন। আশা করি আমি আপনার প্রশ্নের উত্তর দিতে পেরেছি, যদি আপনার কোনো সন্দেহ থাকে তবে আমার সাথে bit.ly/ Chat Doctor-এ যোগাযোগ করুন। নাসেনিয়া ডক ব্যবহার করার জন্য ধন্যবাদ। আপনার সুস্বাস্থ্য কামনা করি।"
71496,"হেলো, ডেইরি, আমি আপনার প্রশ্নটি দেখেছি। আমি আপনার উদ্বেগ বুঝতে পারছি। আপনার হার্নিয়া সার্জারির ইতিহাস রয়েছে এবং এখন অস্ত্রোপচার পরবর্তী সংক্রমণ হয়েছে। আপনি স্ট্রেপ্টোকক্কাল সংক্রমণে ভুগছেন। আপনার স্ট্রেপ্টোকক্কাল সংক্রমণ সাধারণ অ্যান্টিবায়োটিকের প্রতি প্রতিরোধী হতে পারে। আপনার কালচার এবং সেনসিটিভিটি পরীক্ষা করা উচিত। এটি অ্যান্টিবায়োটিক নির্বাচন করতে সাহায্য করবে। আপনার ডাক্তারের সাথে পরামর্শ করুন এবং সেই অনুযায়ী চিকিৎসা নিন। আশা করি আমি আপনার প্রশ্নের উত্তর দিতে পেরেছি, যদি আপনার কোনো সন্দেহ থাকে তবে আমার সাথে bit.ly/ Chat Doctor-এ যোগাযোগ করুন। নাসেনিয়া ডক ব্যবহার করার জন্য ধন্যবাদ। আপনার সুস্বাস্থ্য কামনা করি।"
44533,"হেলো, ডেইরি, আমি আপনার প্রশ্নটি দেখেছি। আমি আপনার উদ্বেগ বুঝতে পারছি। আপনার হার্নিয়া সার্জারির ইতিহাস রয়েছে এবং এখন অস্ত্রোপচার পরবর্তী সংক্রমণ হয়েছে। আপনি স্ট্রেপ্টোকক্কাল সংক্রমণে ভুগছেন। আপনার স্ট্রেপ্টোকক্কাল সংক্রমণ সাধারণ অ্যান্টিবায়োটিকের প্রতি প্রতিরোধী হতে পারে। আপনার কালচার এবং সেনসিটিভিটি পরীক্ষা করা উচিত। এটি অ্যান্টিবায়োটিক নির্বাচন করতে সাহায্য করবে। আপনার ডাক্তারের সাথে পরামর্শ করুন এবং সেই অনুযায়ী চিকিৎসা নিন। আশা করি আমি আপনার প্রশ্নের উত্তর দিতে পেরেছি, যদি আপনার কোনো সন্দেহ থাকে তবে আমার সাথে bit.ly/ Chat Doctor-এ যোগাযোগ করুন। নাসেনিয়া ডক ব্যবহার করার জন্য ধন্যবাদ। আপনার সুস্বাস্থ্য কামনা করি।"
37862,"হেলো, ডেইরি, আমি আপনার প্রশ্নটি দেখেছি। আমি আপনার উদ্বেগ বুঝতে পারছি। আপনার হার্নিয়া সার্জারির ইতিহাস রয়েছে এবং এখন অস্ত্রোপচার পরবর্তী সংক্রমণ হয়েছে। আপনি স্ট্রেপ্টোকক্কাল সংক্রমণে ভুগছেন। আপনার স্ট্রেপ্টোকক্কাল সংক্রমণ সাধারণ অ্যান্টিবায়োটিকের প্রতি প্রতিরোধী হতে পারে। আপনার কালচার এবং সেনসিটিভিটি পরীক্ষা করা উচিত। এটি অ্যান্টিবায়োটিক নির্বাচন করতে সাহায্য করবে। আপনার ডাক্তারের সাথে পরামর্শ করুন এবং সেই অনুযায়ী চিকিৎসা নিন। আশা করি আমি আপনার প্রশ্নের উত্তর দিতে পেরেছি, যদি আপনার কোনো সন্দেহ থাকে তবে আমার সাথে bit.ly/ Chat Doctor-এ যোগাযোগ করুন। নাসেনিয়া ডক ব্যবহার করার জন্য ধন্যবাদ। আপনার সুস্বাস্থ্য কামনা করি।"
57131,"হেলো, ডেইরি, আমি আপনার প্রশ্নটি দেখেছি। আমি আপনার উদ্বেগ বুঝতে পারছি। আপনার হার্নিয়া সার্জারির ইতিহাস রয়েছে এবং এখন অস্ত্রোপচার পরবর্তী সংক্রমণ হয়েছে। আপনি স্ট্রেপ্টোকক্কাল সংক্রমণে ভুগছেন। আপনার স্ট্রেপ্টোকক্কাল সংক্রমণ সাধারণ অ্যান্টিবায়োটিকের প্রতি প্রতিরোধী হতে পারে। আপনার কালচার এবং সেনসিটিভিটি পরীক্ষা করা উচিত। এটি অ্যান্টিবায়োটিক নির্বাচন করতে সাহায্য করবে। আপনার ডাক্তারের সাথে পরামর্শ করুন এবং সেই অনুযায়ী চিকিৎসা নিন। আশা করি আমি আপনার প্রশ্নের উত্তর দিতে পেরেছি, যদি আপনার কোনো সন্দেহ থাকে তবে আমার সাথে bit.ly/ Chat Doctor-এ যোগাযোগ করুন। নাসেনিয়া ডক ব্যবহার করার জন্য ধন্যবাদ। আপনার সুস্বাস্থ্য কামনা করি।"
6569,"হেলো, ডেইরি, আমি আপনার প্রশ্নটি দেখেছি। আমি আপনার উদ্বেগ বুঝতে পারছি। আপনার হার্নিয়া সার্জারির ইতিহাস রয়েছে এবং এখন অস্ত্রোপচার পরবর্তী সংক্রমণ হয়েছে। আপনি স্ট্রেপ্টোকক্কাল সংক্রমণে ভুগছেন। আপনার স্ট্রেপ্টোকক্কাল সংক্রমণ সাধারণ অ্যান্টিবায়োটিকের প্রতি প্রতিরোধী হতে পারে। আপনার কালচার এবং সেনসিটিভিটি পরীক্ষা করা উচিত। এটি অ্যান্টিবায়োটিক নির্বাচন করতে সাহায্য করবে। আপনার ডাক্তারের সাথে পরামর্শ করুন এবং সেই অনুযায়ী চিকিৎসা নিন। আশা করি আমি আপনার প্রশ্নের উত্তর দিতে পেরেছি, যদি আপনার কোনো সন্দেহ থাকে তবে আমার সাথে bit.ly/ Chat Doctor-এ যোগাযোগ করুন। নাসেনিয়া ডক ব্যবহার করার জন্য ধন্যবাদ। আপনার সুস্বাস্থ্য কামনা করি।"
79899,"হেলো, ডেইরি, আমি আপনার প্রশ্নটি দেখেছি। আমি আপনার উদ্বেগ বুঝতে পারছি। আপনার হার্নিয়া সার্জারির ইতিহাস রয়েছে এবং এখন অস্ত্রোপচার পরবর্তী সংক্রমণ হয়েছে। আপনি স্ট্রেপ্টোকক্কাল সংক্রমণে ভুগছেন। আপনার স্ট্রেপ্টোকক্কাল সংক্রমণ সাধারণ অ্যান্টিবায়োটিকের প্রতি প্রতিরোধী হতে পারে। আপনার কালচার এবং সেনসিটিভিটি পরীক্ষা করা উচিত। এটি অ্যান্টিবায়োটিক নির্বাচন করতে সাহায্য করবে। আপনার ডাক্তারের সাথে পরামর্শ করুন এবং সেই অনুযায়ী চিকিৎসা নিন। আশা করি আমি আপনার প্রশ্নের উত্তর দিতে পেরেছি, যদি আপনার কোনো সন্দেহ থাকে তবে আমার সাথে bit.ly/ Chat Doctor-এ যোগাযোগ করুন। নাসেনিয়া ডক ব্যবহার করার জন্য ধন্যবাদ। আপনার সুস্বাস্থ্য কামনা করি।"
44635,"হেলো, ডেইরি, আমি আপনার প্রশ্নটি দেখেছি। আমি আপনার উদ্বেগ বুঝতে পারছি। আপনার হার্নিয়া সার্জারির ইতিহাস রয়েছে এবং এখন অস্ত্রোপচার পরবর্তী সংক্রমণ হয়েছে। আপনি স্ট্রেপ্টোকক্কাল সংক্রমণে ভুগছেন। আপনার স্ট্রেপ্টোকক্কাল সংক্রমণ সাধারণ অ্যান্টিবায়োটিকের প্রতি প্রতিরোধী হতে পারে। আপনার কালচার এবং সেনসিটিভিটি পরীক্ষা করা উচিত। এটি অ্যান্টিবায়োটিক নির্বাচন করতে সাহায্য করবে। আপনার ডাক্তারের সাথে পরামর্শ করুন এবং সেই অনুযায়ী চিকিৎসা নিন। আশা করি আমি আপনার প্রশ্নের উত্তর দিতে পেরেছি, যদি আপনার কোনো সন্দেহ থাকে তবে আমার সাথে bit.ly/ Chat Doctor-এ যোগাযোগ করুন। নাসেনিয়া ডক ব্যবহার করার জন্য ধন্যবাদ। আপনার সুস্বাস্থ্য কামনা করি।"
25365,"হেলো, ডেইরি, আমি আপনার প্রশ্নটি দেখেছি। আমি আপনার উদ্বেগ বুঝতে পারছি। আপনার হার্নিয়া সার্জারির ইতিহাস রয়েছে এবং এখন অস্ত্রোপচার পরবর্তী সংক্রমণ হয়েছে। আপনি স্ট্রেপ্টোকক্কাল সংক্রমণে ভুগছেন। আপনার স্ট্রেপ্টোকক্কাল সংক্রমণ সাধারণ অ্যান্টিবায়োটিকের প্রতি প্রতিরোধী হতে পারে। আপনার কালচার এবং সেনসিটিভিটি পরীক্ষা করা উচিত। এটি অ্যান্টিবায়োটিক নির্বাচন করতে সাহায্য করবে। আপনার ডাক্তারের সাথে পরামর্শ করুন এবং সেই অনুযায়ী চিকিৎসা নিন। আশা করি আমি আপনার প্রশ্নের উত্তর দিতে পেরেছি, যদি আপনার কোনো সন্দেহ থাকে তবে আমার সাথে bit.ly/ Chat Doctor-এ যোগাযোগ করুন। নাসেনিয়া ডক ব্যবহার করার জন্য ধন্যবাদ। আপনার সুস্বাস্থ্য কামনা করি।"
36369,"হেলো, ডেইরি, আমি আপনার প্রশ্নটি দেখেছি। আমি আপনার উদ্বেগ বুঝতে পারছি। আপনার হার্নিয়া সার্জারির ইতিহাস রয়েছে এবং এখন অস্ত্রোপচার পরবর্তী সংক্রমণ হয়েছে। আপনি স্ট্রেপ্টোকক্কাল সংক্রমণে ভুগছেন। আপনার স্ট্রেপ্টোকক্কাল সংক্রমণ সাধারণ অ্যান্টিবায়োটিকের প্রতি প্রতিরোধী হতে পারে। আপনার কালচার এবং সেনসিটিভিটি পরীক্ষা করা উচিত। এটি অ্যান্টিবায়োটিক নির্বাচন করতে সাহায্য করবে। আপনার ডাক্তারের সাথে পরামর্শ করুন এবং সেই অনুযায়ী চিকিৎসা নিন। আশা করি আমি আপনার প্রশ্নের উত্তর দিতে পেরেছি, যদি আপনার কোনো সন্দেহ থাকে তবে আমার সাথে bit.ly/ Chat Doctor-এ যোগাযোগ করুন। নাসেনিয়া ডক ব্যবহার করার জন্য ধন্যবাদ। আপনার সুস্বাস্থ্য কামনা করি।"
7309,"হেলো, ডেইরি, আমি আপনার প্রশ্নটি দেখেছি। আমি আপনার উদ্বেগ বুঝতে পারছি। আপনার হার্নিয়া সার্জারির ইতিহাস রয়েছে এবং এখন অস্ত্রোপচার পরবর্তী সংক্রমণ হয়েছে। আপনি স্ট্রেপ্টোকক্কাল সংক্রমণে ভুগছেন। আপনার স্ট্রেপ্টোকক্কাল সংক্রমণ সাধারণ অ্যান্টিবায়োটিকের প্রতি প্রতিরোধী হতে পারে। আপনার কালচার এবং সেনসিটিভিটি পরীক্ষা করা উচিত। এটি অ্যান্টিবায়োটিক নির্বাচন করতে সাহায্য করবে। আপনার ডাক্তারের সাথে পরামর্শ করুন এবং সেই অনুযায়ী চিকিৎসা নিন। আশা করি আমি আপনার প্রশ্নের উত্তর দিতে পেরেছি, যদি আপনার কোনো সন্দেহ থাকে তবে আমার সাথে bit.ly/ Chat Doctor-এ যোগাযোগ করুন। নাসেনিয়া ডক ব্যবহার করার জন্য ধন্যবাদ। আপনার সুস্বাস্থ্য কামনা করি।"
59285,"হেলো, ডেইরি, আমি আপনার প্রশ্নটি দেখেছি। আমি আপনার উদ্বেগ বুঝতে পারছি। আপনার হার্নিয়া সার্জারির ইতিহাস রয়েছে এবং এখন অস্ত্রোপচার পরবর্তী সংক্রমণ হয়েছে। আপনি স্ট্রেপ্টোকক্কাল সংক্রমণে ভুগছেন। আপনার স্ট্রেপ্টোকক্কাল সংক্রমণ সাধারণ অ্যান্টিবায়োটিকের প্রতি প্রতিরোধী হতে পারে। আপনার কালচার এবং সেনসিটিভিটি পরীক্ষা করা উচিত। এটি অ্যান্টিবায়োটিক নির্বাচন করতে সাহায্য করবে। আপনার ডাক্তারের সাথে পরামর্শ করুন এবং সেই অনুযায়ী চিকিৎসা নিন। আশা করি আমি আপনার প্রশ্নের উত্তর দিতে পেরেছি, যদি আপনার কোনো সন্দেহ থাকে তবে আমার সাথে bit.ly/ Chat Doctor-এ যোগাযোগ করুন। নাসেনিয়া ডক ব্যবহার করার জন্য ধন্যবাদ। আপনার সুস্বাস্থ্য কামনা করি।"
82716,"হেলো, ডেইরি, আমি আপনার প্রশ্নটি দেখেছি। আমি আপনার উদ্বেগ বুঝতে পারছি। আপনার হার্নিয়া সার্জারির ইতিহাস রয়েছে এবং এখন অস্ত্রোপচার পরবর্তী সংক্রমণ হয়েছে। আপনি স্ট্রেপ্টোকক্কাল সংক্রমণে ভুগছেন। আপনার স্ট্রেপ্টোকক্কাল সংক্রমণ সাধারণ অ্যান্টিবায়োটিকের প্রতি প্রতিরোধী হতে পারে। আপনার কালচার এবং সেনসিটিভিটি পরীক্ষা করা উচিত। এটি অ্যান্টিবায়োটিক নির্বাচন করতে সাহায্য করবে। আপনার ডাক্তারের সাথে পরামর্শ করুন এবং সেই অনুযায়ী চিকিৎসা নিন। আশা করি আমি আপনার প্রশ্নের উত্তর দিতে পেরেছি, যদি আপনার কোনো সন্দেহ থাকে তবে আমার সাথে bit.ly/ Chat Doctor-এ যোগাযোগ করুন। নাসেনিয়া ডক ব্যবহার করার জন্য ধন্যবাদ। আপনার সুস্বাস্থ্য কামনা করি।"
47331,"হেলো, ডেইরি, আমি আপনার প্রশ্নটি দেখেছি। আমি আপনার উদ্বেগ বুঝতে পারছি। আপনার হার্নিয়া সার্জারির ইতিহাস রয়েছে এবং এখন অস্ত্রোপচার পরবর্তী সংক্রমণ হয়েছে। আপনি স্ট্রেপ্টোকক্কাল সংক্রমণে ভুগছেন। আপনার স্ট্রেপ্টোকক্কাল সংক্রমণ সাধারণ অ্যান্টিবায়োটিকের প্রতি প্রতিরোধী হতে পারে। আপনার কালচার এবং সেনসিটিভিটি পরীক্ষা করা উচিত। এটি অ্যান্টিবায়োটিক নির্বাচন করতে সাহায্য করবে। আপনার ডাক্তারের সাথে পরামর্শ করুন এবং সেই অনুযায়ী চিকিৎসা নিন। আশা করি আমি আপনার প্রশ্নের উত্তর দিতে পেরেছি, যদি আপনার কোনো সন্দেহ থাকে তবে আমার সাথে bit.ly/ Chat Doctor-এ যোগাযোগ করুন। নাসেনিয়া ডক ব্যবহার করার জন্য ধন্যবাদ। আপনার সুস্বাস্থ্য কামনা করি।"
97995,"হেলো, ডেইরি, আমি আপনার প্রশ্নটি দেখেছি। আমি আপনার উদ্বেগ বুঝতে পারছি। আপনার হার্নিয়া সার্জারির ইতিহাস রয়েছে এবং এখন অস্ত্রোপচার পরবর্তী সংক্রমণ হয়েছে। আপনি স্ট্রেপ্টোকক্কাল সংক্রমণে ভুগছেন। আপনার স্ট্রেপ্টোকক্কাল সংক্রমণ সাধারণ অ্যান্টিবায়োটিকের প্রতি প্রতিরোধী হতে পারে। আপনার কালচার এবং সেনসিটিভিটি পরীক্ষা করা উচিত। এটি অ্যান্টিবায়োটিক নির্বাচন করতে সাহায্য করবে। আপনার ডাক্তারের সাথে পরামর্শ করুন এবং সেই অনুযায়ী চিকিৎসা নিন। আশা করি আমি আপনার প্রশ্নের উত্তর দিতে পেরেছি, যদি আপনার কোনো সন্দেহ থাকে তবে আমার সাথে bit.ly/ Chat Doctor-এ যোগাযোগ করুন। নাসেনিয়া ডক ব্যবহার করার জন্য ধন্যবাদ। আপনার সুস্বাস্থ্য কামনা করি।"
8357,"হেলো, ডেইরি, আমি আপনার প্রশ্নটি দেখেছি। আমি আপনার উদ্বেগ বুঝতে পারছি। আপনার হার্নিয়া সার্জারির ইতিহাস রয়েছে এবং এখন অস্ত্রোপচার পরবর্তী সংক্রমণ হয়েছে। আপনি স্ট্রেপ্টোকক্কাল সংক্রমণে ভুগছেন। আপনার স্ট্রেপ্টোকক্কাল সংক্রমণ সাধারণ অ্যান্টিবায়োটিকের প্রতি প্রতিরোধী হতে পারে। আপনার কালচার এবং সেনসিটিভিটি পরীক্ষা করা উচিত। এটি অ্যান্টিবায়োটিক নির্বাচন করতে সাহায্য করবে। আপনার ডাক্তারের সাথে পরামর্শ করুন এবং সেই অনুযায়ী চিকিৎসা নিন। আশা করি আমি আপনার প্রশ্নের উত্তর দিতে পেরেছি, যদি আপনার কোনো সন্দেহ থাকে তবে আমার সাথে bit.ly/ Chat Doctor-এ যোগাযোগ করুন। নাসেনিয়া ডক ব্যবহার করার জন্য ধন্যবাদ। আপনার সুস্বাস্থ্য কামনা করি।"
64283,"হেলো, ডেইরি, আমি আপনার প্রশ্নটি দেখেছি। আমি আপনার উদ্বেগ বুঝতে পারছি। আপনার হার্নিয়া সার্জারির ইতিহাস রয়েছে এবং এখন অস্ত্রোপচার পরবর্তী সংক্রমণ হয়েছে। আপনি স্ট্রেপ্টোকক্কাল সংক্রমণে ভুগছেন। আপনার স্ট্রেপ্টোকক্কাল সংক্রমণ সাধারণ অ্যান্টিবায়োটিকের প্রতি প্রতিরোধী হতে পারে। আপনার কালচার এবং সেনসিটিভিটি পরীক্ষা করা উচিত। এটি অ্যান্টিবায়োটিক নির্বাচন করতে সাহায্য করবে। আপনার ডাক্তারের সাথে পরামর্শ করুন এবং সেই অনুযায়ী চিকিৎসা নিন। আশা করি আমি আপনার প্রশ্নের উত্তর দিতে পেরেছি, যদি আপনার কোনো সন্দেহ থাকে তবে আমার সাথে bit.ly/ Chat Doctor-এ যোগাযোগ করুন। নাসেনিয়া ডক ব্যবহার করার জন্য ধন্যবাদ। আপনার সুস্বাস্থ্য কামনা করি।"
62517,"হেলো, ডেইরি, আমি আপনার প্রশ্নটি দেখেছি। আমি আপনার উদ্বেগ বুঝতে পারছি। আপনার হার্নিয়া সার্জারির ইতিহাস রয়েছে এবং এখন অস্ত্রোপচার পরবর্তী সংক্রমণ হয়েছে। আপনি স্ট্রেপ্টোকক্কাল সংক্রমণে ভুগছেন। আপনার স্ট্রেপ্টোকক্কাল সংক্রমণ সাধারণ অ্যান্টিবায়োটিকের প্রতি প্রতিরোধী হতে পারে। আপনার কালচার এবং সেনসিটিভিটি পরীক্ষা করা উচিত। এটি অ্যান্টিবায়োটিক নির্বাচন করতে সাহায্য করবে। আপনার ডাক্তারের সাথে পরামর্শ করুন এবং সেই অনুযায়ী চিকিৎসা নিন। আশা করি আমি আপনার প্রশ্নের উত্তর দিতে পেরেছি, যদি আপনার কোনো সন্দেহ থাকে তবে আমার সাথে bit.ly/ Chat Doctor-এ যোগাযোগ করুন। নাসেনিয়া ডক ব্যবহার করার জন্য ধন্যবাদ। আপনার সুস্বাস্থ্য কামনা করি।"
70920,"হেলো, ডেইরি, আমি আপনার প্রশ্নটি দেখেছি। আমি আপনার উদ্বেগ বুঝতে পারছি। আপনার হার্নিয়া সার্জারির ইতিহাস রয়েছে এবং এখন অস্ত্রোপচার পরবর্তী সংক্রমণ হয়েছে। আপনি স্ট্রেপ্টোকক্কাল সংক্রমণে ভুগছেন। আপনার স্ট্রেপ্টোকক্কাল সংক্রমণ সাধারণ অ্যান্টিবায়োটিকের প্রতি প্রতিরোধী হতে পারে। আপনার কালচার এবং সেনসিটিভিটি পরীক্ষা করা উচিত। এটি অ্যান্টিবায়োটিক নির্বাচন করতে সাহায্য করবে। আপনার ডাক্তারের সাথে পরামর্শ করুন এবং সেই অনুযায়ী চিকিৎসা নিন। আশা করি আমি আপনার প্রশ্নের উত্তর দিতে পেরেছি, যদি আপনার কোনো সন্দেহ থাকে তবে আমার সাথে bit.ly/ Chat Doctor-এ যোগাযোগ করুন। নাসেনিয়া ডক ব্যবহার করার জন্য ধন্যবাদ। আপনার সুস্বাস্থ্য কামনা করি।"
51375,"হেলো, ডেইরি, আমি আপনার প্রশ্নটি দেখেছি। আমি আপনার উদ্বেগ বুঝতে পারছি। আপনার হার্নিয়া সার্জারির ইতিহাস রয়েছে এবং এখন অস্ত্রোপচার পরবর্তী সংক্রমণ হয়েছে। আপনি স্ট্রেপ্টোকক্কাল সংক্রমণে ভুগছেন। আপনার স্ট্রেপ্টোকক্কাল সংক্রমণ সাধারণ অ্যান্টিবায়োটিকের প্রতি প্রতিরোধী হতে পারে। আপনার কালচার এবং সেনসিটিভিটি পরীক্ষা করা উচিত। এটি অ্যান্টিবায়োটিক নির্বাচন করতে সাহায্য করবে। আপনার ডাক্তারের সাথে পরামর্শ করুন এবং সেই অনুযায়ী চিকিৎসা নিন। আশা করি আমি আপনার প্রশ্নের উত্তর দিতে পেরেছি, যদি আপনার কোনো সন্দেহ থাকে তবে আমার সাথে bit.ly/ Chat Doctor-এ যোগাযোগ করুন। নাসেনিয়া ডক ব্যবহার করার জন্য ধন্যবাদ। আপনার সুস্বাস্থ্য কামনা করি।"
65358,"হেলো, ডেইরি, আমি আপনার প্রশ্নটি দেখেছি। আমি আপনার উদ্বেগ বুঝতে পারছি। আপনার হার্নিয়া সার্জারির ইতিহাস রয়েছে এবং এখন অস্ত্রোপচার পরবর্তী সংক্রমণ হয়েছে। আপনি স্ট্রেপ্টোকক্কাল সংক্রমণে ভুগছেন। আপনার স্ট্রেপ্টোকক্কাল সংক্রমণ সাধারণ অ্যান্টিবায়োটিকের প্রতি প্রতিরোধী হতে পারে। আপনার কালচার এবং সেনসিটিভিটি পরীক্ষা করা উচিত। এটি অ্যান্টিবায়োটিক নির্বাচন করতে সাহায্য করবে। আপনার ডাক্তারের সাথে পরামর্শ করুন এবং সেই অনুযায়ী চিকিৎসা নিন। আশা করি আমি আপনার প্রশ্নের উত্তর দিতে পেরেছি, যদি আপনার কোনো সন্দেহ থাকে তবে আমার সাথে bit.ly/ Chat Doctor-এ যোগাযোগ করুন। নাসেনিয়া ডক ব্যবহার করার জন্য ধন্যবাদ। আপনার সুস্বাস্থ্য কামনা করি।"
25896,"হেলো, ডেইরি, আমি আপনার প্রশ্নটি দেখেছি। আমি আপনার উদ্বেগ বুঝতে পারছি। আপনার হার্নিয়া সার্জারির ইতিহাস রয়েছে এবং এখন অস্ত্রোপচার পরবর্তী সংক্রমণ হয়েছে। আপনি স্ট্রেপ্টোকক্কাল সংক্রমণে ভুগছেন। আপনার স্ট্রেপ্টোকক্কাল সংক্রমণ সাধারণ অ্যান্টিবায়োটিকের প্রতি প্রতিরোধী হতে পারে। আপনার কালচার এবং সেনসিটিভিটি পরীক্ষা করা উচিত। এটি অ্যান্টিবায়োটিক নির্বাচন করতে সাহায্য করবে। আপনার ডাক্তারের সাথে পরামর্শ করুন এবং সেই অনুযায়ী চিকিৎসা নিন। আশা করি আমি আপনার প্রশ্নের উত্তর দিতে পেরেছি, যদি আপনার কোনো সন্দেহ থাকে তবে আমার সাথে bit.ly/ Chat Doctor-এ যোগাযোগ করুন। নাসেনিয়া ডক ব্যবহার করার জন্য ধন্যবাদ। আপনার সুস্বাস্থ্য কামনা করি।"
65966,"হেলো, ডেইরি, আমি আপনার প্রশ্নটি দেখেছি। আমি আপনার উদ্বেগ বুঝতে পারছি। আপনার হার্নিয়া সার্জারির ইতিহাস রয়েছে এবং এখন অস্ত্রোপচার পরবর্তী সংক্রমণ হয়েছে। আপনি স্ট্রেপ্টোকক্কাল সংক্রমণে ভুগছেন। আপনার স্ট্রেপ্টোকক্কাল সংক্রমণ সাধারণ অ্যান্টিবায়োটিকের প্রতি প্রতিরোধী হতে পারে। আপনার কালচার এবং সেনসিটিভিটি পরীক্ষা করা উচিত। এটি অ্যান্টিবায়োটিক নির্বাচন করতে সাহায্য করবে। আপনার ডাক্তারের সাথে পরামর্শ করুন এবং সেই অনুযায়ী চিকিৎসা নিন। আশা করি আমি আপনার প্রশ্নের উত্তর দিতে পেরেছি, যদি আপনার কোনো সন্দেহ থাকে তবে আমার সাথে bit.ly/ Chat Doctor-এ যোগাযোগ করুন। নাসেনিয়া ডক ব্যবহার করার জন্য ধন্যবাদ। আপনার সুস্বাস্থ্য কামনা করি।"
107938,"হেলো, ডেইরি, আমি আপনার প্রশ্নটি দেখেছি। আমি আপনার উদ্বেগ বুঝতে পারছি। আপনার হার্নিয়া সার্জারির ইতিহাস রয়েছে এবং এখন অস্ত্রোপচার পরবর্তী সংক্রমণ হয়েছে। আপনি স্ট্রেপ্টোকক্কাল সংক্রমণে ভুগছেন। আপনার স্ট্রেপ্টোকক্কাল সংক্রমণ সাধারণ অ্যান্টিবায়োটিকের প্রতি প্রতিরোধী হতে পারে। আপনার কালচার এবং সেনসিটিভিটি পরীক্ষা করা উচিত। এটি অ্যান্টিবায়োটিক নির্বাচন করতে সাহায্য করবে। আপনার ডাক্তারের সাথে পরামর্শ করুন এবং সেই অনুযায়ী চিকিৎসা নিন। আশা করি আমি আপনার প্রশ্নের উত্তর দিতে পেরেছি, যদি আপনার কোনো সন্দেহ থাকে তবে আমার সাথে bit.ly/ Chat Doctor-এ যোগাযোগ করুন। নাসেনিয়া ডক ব্যবহার করার জন্য ধন্যবাদ। আপনার সুস্বাস্থ্য কামনা করি।"
42716,"হেলো, ডেইরি, আমি আপনার প্রশ্নটি দেখেছি। আমি আপনার উদ্বেগ বুঝতে পারছি। আপনার হার্নিয়া সার্জারির ইতিহাস রয়েছে এবং এখন অস্ত্রোপচার পরবর্তী সংক্রমণ হয়েছে। আপনি স্ট্রেপ্টোকক্কাল সংক্রমণে ভুগছেন। আপনার স্ট্রেপ্টোকক্কাল সংক্রমণ সাধারণ অ্যান্টিবায়োটিকের প্রতি প্রতিরোধী হতে পারে। আপনার কালচার এবং সেনসিটিভিটি পরীক্ষা করা উচিত। এটি অ্যান্টিবায়োটিক নির্বাচন করতে সাহায্য করবে। আপনার ডাক্তারের সাথে পরামর্শ করুন এবং সেই অনুযায়ী চিকিৎসা নিন। আশা করি আমি আপনার প্রশ্নের উত্তর দিতে পেরেছি, যদি আপনার কোনো সন্দেহ থাকে তবে আমার সাথে bit.ly/ Chat Doctor-এ যোগাযোগ করুন। নাসেনিয়া ডক ব্যবহার করার জন্য ধন্যবাদ। আপনার সুস্বাস্থ্য কামনা করি।"
68293,"হেলো, ডেইরি, আমি আপনার প্রশ্নটি দেখেছি। আমি আপনার উদ্বেগ বুঝতে পারছি। আপনার হার্নিয়া সার্জারির ইতিহাস রয়েছে এবং এখন অস্ত্রোপচার পরবর্তী সংক্রমণ হয়েছে। আপনি স্ট্রেপ্টোকক্কাল সংক্রমণে ভুগছেন। আপনার স্ট্রেপ্টোকক্কাল সংক্রমণ সাধারণ অ্যান্টিবায়োটিকের প্রতি প্রতিরোধী হতে পারে। আপনার কালচার এবং সেনসিটিভিটি পরীক্ষা করা উচিত। এটি অ্যান্টিবায়োটিক নির্বাচন করতে সাহায্য করবে। আপনার ডাক্তারের সাথে পরামর্শ করুন এবং সেই অনুযায়ী চিকিৎসা নিন। আশা করি আমি আপনার প্রশ্নের উত্তর দিতে পেরেছি, যদি আপনার কোনো সন্দেহ থাকে তবে আমার সাথে bit.ly/ Chat Doctor-এ যোগাযোগ করুন। নাসেনিয়া ডক ব্যবহার করার জন্য ধন্যবাদ। আপনার সুস্বাস্থ্য কামনা করি।"
106189,"হেলো, ডেইরি, আমি আপনার প্রশ্নটি দেখেছি। আমি আপনার উদ্বেগ বুঝতে পারছি। আপনার হার্নিয়া সার্জারির ইতিহাস রয়েছে এবং এখন অস্ত্রোপচার পরবর্তী সংক্রমণ হয়েছে। আপনি স্ট্রেপ্টোকক্কাল সংক্রমণে ভুগছেন। আপনার স্ট্রেপ্টোকক্কাল সংক্রমণ সাধারণ অ্যান্টিবায়োটিকের প্রতি প্রতিরোধী হতে পারে। আপনার কালচার এবং সেনসিটিভিটি পরীক্ষা করা উচিত। এটি অ্যান্টিবায়োটিক নির্বাচন করতে সাহায্য করবে। আপনার ডাক্তারের সাথে পরামর্শ করুন এবং সেই অনুযায়ী চিকিৎসা নিন। আশা করি আমি আপনার প্রশ্নের উত্তর দিতে পেরেছি, যদি আপনার কোনো সন্দেহ থাকে তবে আমার সাথে bit.ly/ Chat Doctor-এ যোগাযোগ করুন। নাসেনিয়া ডক ব্যবহার করার জন্য ধন্যবাদ। আপনার সুস্বাস্থ্য কামনা করি।"
27690,"হেলো, ডেইরি, আমি আপনার প্রশ্নটি দেখেছি। আমি আপনার উদ্বেগ বুঝতে পারছি। আপনার হার্নিয়া সার্জারির ইতিহাস রয়েছে এবং এখন অস্ত্রোপচার পরবর্তী সংক্রমণ হয়েছে। আপনি স্ট্রেপ্টোকক্কাল সংক্রমণে ভুগছেন। আপনার স্ট্রেপ্টোকক্কাল সংক্রমণ সাধারণ অ্যান্টিবায়োটিকের প্রতি প্রতিরোধী হতে পারে। আপনার কালচার এবং সেনসিটিভিটি পরীক্ষা করা উচিত। এটি অ্যান্টিবায়োটিক নির্বাচন করতে সাহায্য করবে। আপনার ডাক্তারের সাথে পরামর্শ করুন এবং সেই অনুযায়ী চিকিৎসা নিন। আশা করি আমি আপনার প্রশ্নের উত্তর দিতে পেরেছি, যদি আপনার কোনো সন্দেহ থাকে তবে আমার সাথে bit.ly/ Chat Doctor-এ যোগাযোগ করুন। নাসেনিয়া ডক ব্যবহার করার জন্য ধন্যবাদ। আপনার সুস্বাস্থ্য কামনা করি।"
85846,"হেলো, ডেইরি, আমি আপনার প্রশ্নটি দেখেছি। আমি আপনার উদ্বেগ বুঝতে পারছি। আপনার হার্নিয়া সার্জারির ইতিহাস রয়েছে এবং এখন অস্ত্রোপচার পরবর্তী সংক্রমণ হয়েছে। আপনি স্ট্রেপ্টোকক্কাল সংক্রমণে ভুগছেন। আপনার স্ট্রেপ্টোকক্কাল সংক্রমণ সাধারণ অ্যান্টিবায়োটিকের প্রতি প্রতিরোধী হতে পারে। আপনার কালচার এবং সেনসিটিভিটি পরীক্ষা করা উচিত। এটি অ্যান্টিবায়োটিক নির্বাচন করতে সাহায্য করবে। আপনার ডাক্তারের সাথে পরামর্শ করুন এবং সেই অনুযায়ী চিকিৎসা নিন। আশা করি আমি আপনার প্রশ্নের উত্তর দিতে পেরেছি, যদি আপনার কোনো সন্দেহ থাকে তবে আমার সাথে bit.ly/ Chat Doctor-এ যোগাযোগ করুন। নাসেনিয়া ডক ব্যবহার করার জন্য ধন্যবাদ। আপনার সুস্বাস্থ্য কামনা করি।"
85062,"হেলো, ডেইরি, আমি আপনার প্রশ্নটি দেখেছি। আমি আপনার উদ্বেগ বুঝতে পারছি। আপনার হার্নিয়া সার্জারির ইতিহাস রয়েছে এবং এখন অস্ত্রোপচার পরবর্তী সংক্রমণ হয়েছে। আপনি স্ট্রেপ্টোকক্কাল সংক্রমণে ভুগছেন। আপনার স্ট্রেপ্টোকক্কাল সংক্রমণ সাধারণ অ্যান্টিবায়োটিকের প্রতি প্রতিরোধী হতে পারে। আপনার কালচার এবং সেনসিটিভিটি পরীক্ষা করা উচিত। এটি অ্যান্টিবায়োটিক নির্বাচন করতে সাহায্য করবে। আপনার ডাক্তারের সাথে পরামর্শ করুন এবং সেই অনুযায়ী চিকিৎসা নিন। আশা করি আমি আপনার প্রশ্নের উত্তর দিতে পেরেছি, যদি আপনার কোনো সন্দেহ থাকে তবে আমার সাথে bit.ly/ Chat Doctor-এ যোগাযোগ করুন। নাসেনিয়া ডক ব্যবহার করার জন্য ধন্যবাদ। আপনার সুস্বাস্থ্য কামনা করি।"
42982,"হেলো, ডেইরি, আমি আপনার প্রশ্নটি দেখেছি। আমি আপনার উদ্বেগ বুঝতে পারছি। আপনার হার্নিয়া সার্জারির ইতিহাস রয়েছে এবং এখন অস্ত্রোপচার পরবর্তী সংক্রমণ হয়েছে। আপনি স্ট্রেপ্টোকক্কাল সংক্রমণে ভুগছেন। আপনার স্ট্রেপ্টোকক্কাল সংক্রমণ সাধারণ অ্যান্টিবায়োটিকের প্রতি প্রতিরোধী হতে পারে। আপনার কালচার এবং সেনসিটিভিটি পরীক্ষা করা উচিত। এটি অ্যান্টিবায়োটিক নির্বাচন করতে সাহায্য করবে। আপনার ডাক্তারের সাথে পরামর্শ করুন এবং সেই অনুযায়ী চিকিৎসা নিন। আশা করি আমি আপনার প্রশ্নের উত্তর দিতে পেরেছি, যদি আপনার কোনো সন্দেহ থাকে তবে আমার সাথে bit.ly/ Chat Doctor-এ যোগাযোগ করুন। নাসেনিয়া ডক ব্যবহার করার জন্য ধন্যবাদ। আপনার সুস্বাস্থ্য কামনা করি।"
105479,"হেলো, ডেইরি, আমি আপনার প্রশ্নটি দেখেছি। আমি আপনার উদ্বেগ বুঝতে পারছি। আপনার হার্নিয়া সার্জারির ইতিহাস রয়েছে এবং এখন অস্ত্রোপচার পরবর্তী সংক্রমণ হয়েছে। আপনি স্ট্রেপ্টোকক্কাল সংক্রমণে ভুগছেন। আপনার স্ট্রেপ্টোকক্কাল সংক্রমণ সাধারণ অ্যান্টিবায়োটিকের প্রতি প্রতিরোধী হতে পারে। আপনার কালচার এবং সেনসিটিভিটি পরীক্ষা করা উচিত। এটি অ্যান্টিবায়োটিক নির্বাচন করতে সাহায্য করবে। আপনার ডাক্তারের সাথে পরামর্শ করুন এবং সেই অনুযায়ী চিকিৎসা নিন। আশা করি আমি আপনার প্রশ্নের উত্তর দিতে পেরেছি, যদি আপনার কোনো সন্দেহ থাকে তবে আমার সাথে bit.ly/ Chat Doctor-এ যোগাযোগ করুন। নাসেনিয়া ডক ব্যবহার করার জন্য ধন্যবাদ। আপনার সুস্বাস্থ্য কামনা করি।"
68273,"হেলো, ডেইরি, আমি আপনার প্রশ্নটি দেখেছি। আমি আপনার উদ্বেগ বুঝতে পারছি। আপনার হার্নিয়া সার্জারির ইতিহাস রয়েছে এবং এখন অস্ত্রোপচার পরবর্তী সংক্রমণ হয়েছে। আপনি স্ট্রেপ্টোকক্কাল সংক্রমণে ভুগছেন। আপনার স্ট্রেপ্টোকক্কাল সংক্রমণ সাধারণ অ্যান্টিবায়োটিকের প্রতি প্রতিরোধী হতে পারে। আপনার কালচার এবং সেনসিটিভিটি পরীক্ষা করা উচিত। এটি অ্যান্টিবায়োটিক নির্বাচন করতে সাহায্য করবে। আপনার ডাক্তারের সাথে পরামর্শ করুন এবং সেই অনুযায়ী চিকিৎসা নিন। আশা করি আমি আপনার প্রশ্নের উত্তর দিতে পেরেছি, যদি আপনার কোনো সন্দেহ থাকে তবে আমার সাথে bit.ly/ Chat Doctor-এ যোগাযোগ করুন। নাসেনিয়া ডক ব্যবহার করার জন্য ধন্যবাদ। আপনার সুস্বাস্থ্য কামনা করি।"
4916,"হেলো, ডেইরি, আমি আপনার প্রশ্নটি দেখেছি। আমি আপনার উদ্বেগ বুঝতে পারছি। আপনার হার্নিয়া সার্জারির ইতিহাস রয়েছে এবং এখন অস্ত্রোপচার পরবর্তী সংক্রমণ হয়েছে। আপনি স্ট্রেপ্টোকক্কাল সংক্রমণে ভুগছেন। আপনার স্ট্রেপ্টোকক্কাল সংক্রমণ সাধারণ অ্যান্টিবায়োটিকের প্রতি প্রতিরোধী হতে পারে। আপনার কালচার এবং সেনসিটিভিটি পরীক্ষা করা উচিত। এটি অ্যান্টিবায়োটিক নির্বাচন করতে সাহায্য করবে। আপনার ডাক্তারের সাথে পরামর্শ করুন এবং সেই অনুযায়ী চিকিৎসা নিন। আশা করি আমি আপনার প্রশ্নের উত্তর দিতে পেরেছি, যদি আপনার কোনো সন্দেহ থাকে তবে আমার সাথে bit.ly/ Chat Doctor-এ যোগাযোগ করুন। নাসেনিয়া ডক ব্যবহার করার জন্য ধন্যবাদ। আপনার সুস্বাস্থ্য কামনা করি।"
53117,"হেলো, ডেইরি, আমি আপনার প্রশ্নটি দেখেছি। আমি আপনার উদ্বেগ বুঝতে পারছি। আপনার হার্নিয়া সার্জারির ইতিহাস রয়েছে এবং এখন অস্ত্রোপচার পরবর্তী সংক্রমণ হয়েছে। আপনি স্ট্রেপ্টোকক্কাল সংক্রমণে ভুগছেন। আপনার স্ট্রেপ্টোকক্কাল সংক্রমণ সাধারণ অ্যান্টিবায়োটিকের প্রতি প্রতিরোধী হতে পারে। আপনার কালচার এবং সেনসিটিভিটি পরীক্ষা করা উচিত। এটি অ্যান্টিবায়োটিক নির্বাচন করতে সাহায্য করবে। আপনার ডাক্তারের সাথে পরামর্শ করুন এবং সেই অনুযায়ী চিকিৎসা নিন। আশা করি আমি আপনার প্রশ্নের উত্তর দিতে পেরেছি, যদি আপনার কোনো সন্দেহ থাকে তবে আমার সাথে bit.ly/ Chat Doctor-এ যোগাযোগ করুন। নাসেনিয়া ডক ব্যবহার করার জন্য ধন্যবাদ। আপনার সুস্বাস্থ্য কামনা করি।"
100443,"হেলো, ডেইরি, আমি আপনার প্রশ্নটি দেখেছি। আমি আপনার উদ্বেগ বুঝতে পারছি। আপনার হার্নিয়া সার্জারির ইতিহাস রয়েছে এবং এখন অস্ত্রোপচার পরবর্তী সংক্রমণ হয়েছে। আপনি স্ট্রেপ্টোকক্কাল সংক্রমণে ভুগছেন। আপনার স্ট্রেপ্টোকক্কাল সংক্রমণ সাধারণ অ্যান্টিবায়োটিকের প্রতি প্রতিরোধী হতে পারে। আপনার কালচার এবং সেনসিটিভিটি পরীক্ষা করা উচিত। এটি অ্যান্টিবায়োটিক নির্বাচন করতে সাহায্য করবে। আপনার ডাক্তারের সাথে পরামর্শ করুন এবং সেই অনুযায়ী চিকিৎসা নিন। আশা করি আমি আপনার প্রশ্নের উত্তর দিতে পেরেছি, যদি আপনার কোনো সন্দেহ থাকে তবে আমার সাথে bit.ly/ Chat Doctor-এ যোগাযোগ করুন। নাসেনিয়া ডক ব্যবহার করার জন্য ধন্যবাদ। আপনার সুস্বাস্থ্য কামনা করি।"
40312,"হেলো, ডেইরি, আমি আপনার প্রশ্নটি দেখেছি। আমি আপনার উদ্বেগ বুঝতে পারছি। আপনার হার্নিয়া সার্জারির ইতিহাস রয়েছে এবং এখন অস্ত্রোপচার পরবর্তী সংক্রমণ হয়েছে। আপনি স্ট্রেপ্টোকক্কাল সংক্রমণে ভুগছেন। আপনার স্ট্রেপ্টোকক্কাল সংক্রমণ সাধারণ অ্যান্টিবায়োটিকের প্রতি প্রতিরোধী হতে পারে। আপনার কালচার এবং সেনসিটিভিটি পরীক্ষা করা উচিত। এটি অ্যান্টিবায়োটিক নির্বাচন করতে সাহায্য করবে। আপনার ডাক্তারের সাথে পরামর্শ করুন এবং সেই অনুযায়ী চিকিৎসা নিন। আশা করি আমি আপনার প্রশ্নের উত্তর দিতে পেরেছি, যদি আপনার কোনো সন্দেহ থাকে তবে আমার সাথে bit.ly/ Chat Doctor-এ যোগাযোগ করুন। নাসেনিয়া ডক ব্যবহার করার জন্য ধন্যবাদ। আপনার সুস্বাস্থ্য কামনা করি।"
100189,"হেলো, ডেইরি, আমি আপনার প্রশ্নটি দেখেছি। আমি আপনার উদ্বেগ বুঝতে পারছি। আপনার হার্নিয়া সার্জারির ইতিহাস রয়েছে এবং এখন অস্ত্রোপচার পরবর্তী সংক্রমণ হয়েছে। আপনি স্ট্রেপ্টোকক্কাল সংক্রমণে ভুগছেন। আপনার স্ট্রেপ্টোকক্কাল সংক্রমণ সাধারণ অ্যান্টিবায়োটিকের প্রতি প্রতিরোধী হতে পারে। আপনার কালচার এবং সেনসিটিভিটি পরীক্ষা করা উচিত। এটি অ্যান্টিবায়োটিক নির্বাচন করতে সাহায্য করবে। আপনার ডাক্তারের সাথে পরামর্শ করুন এবং সেই অনুযায়ী চিকিৎসা নিন। আশা করি আমি আপনার প্রশ্নের উত্তর দিতে পেরেছি, যদি আপনার কোনো সন্দেহ থাকে তবে আমার সাথে bit.ly/ Chat Doctor-এ যোগাযোগ করুন। নাসেনিয়া ডক ব্যবহার করার জন্য ধন্যবাদ। আপনার সুস্বাস্থ্য কামনা করি।"
54761,"হেলো, ডেইরি, আমি আপনার প্রশ্নটি দেখেছি। আমি আপনার উদ্বেগ বুঝতে পারছি। আপনার হার্নিয়া সার্জারির ইতিহাস রয়েছে এবং এখন অস্ত্রোপচার পরবর্তী সংক্রমণ হয়েছে। আপনি স্ট্রেপ্টোকক্কাল সংক্রমণে ভুগছেন। আপনার স্ট্রেপ্টোকক্কাল সংক্রমণ সাধারণ অ্যান্টিবায়োটিকের প্রতি প্রতিরোধী হতে পারে। আপনার কালচার এবং সেনসিটিভিটি পরীক্ষা করা উচিত। এটি অ্যান্টিবায়োটিক নির্বাচন করতে সাহায্য করবে। আপনার ডাক্তারের সাথে পরামর্শ করুন এবং সেই অনুযায়ী চিকিৎসা নিন। আশা করি আমি আপনার প্রশ্নের উত্তর দিতে পেরেছি, যদি আপনার কোনো সন্দেহ থাকে তবে আমার সাথে bit.ly/ Chat Doctor-এ যোগাযোগ করুন। নাসেনিয়া ডক ব্যবহার করার জন্য ধন্যবাদ। আপনার সুস্বাস্থ্য কামনা করি।"
99592,"হেলো, ডেইরি, আমি আপনার প্রশ্নটি দেখেছি। আমি আপনার উদ্বেগ বুঝতে পারছি। আপনার হার্নিয়া সার্জারির ইতিহাস রয়েছে এবং এখন অস্ত্রোপচার পরবর্তী সংক্রমণ হয়েছে। আপনি স্ট্রেপ্টোকক্কাল সংক্রমণে ভুগছেন। আপনার স্ট্রেপ্টোকক্কাল সংক্রমণ সাধারণ অ্যান্টিবায়োটিকের প্রতি প্রতিরোধী হতে পারে। আপনার কালচার এবং সেনসিটিভিটি পরীক্ষা করা উচিত। এটি অ্যান্টিবায়োটিক নির্বাচন করতে সাহায্য করবে। আপনার ডাক্তারের সাথে পরামর্শ করুন এবং সেই অনুযায়ী চিকিৎসা নিন। আশা করি আমি আপনার প্রশ্নের উত্তর দিতে পেরেছি, যদি আপনার কোনো সন্দেহ থাকে তবে আমার সাথে bit.ly/ Chat Doctor-এ যোগাযোগ করুন। নাসেনিয়া ডক ব্যবহার করার জন্য ধন্যবাদ। আপনার সুস্বাস্থ্য কামনা করি।"
1385,"হেলো, ডেইরি, আমি আপনার প্রশ্নটি দেখেছি। আমি আপনার উদ্বেগ বুঝতে পারছি। আপনার হার্নিয়া সার্জারির ইতিহাস রয়েছে এবং এখন অস্ত্রোপচার পরবর্তী সংক্রমণ হয়েছে। আপনি স্ট্রেপ্টোকক্কাল সংক্রমণে ভুগছেন। আপনার স্ট্রেপ্টোকক্কাল সংক্রমণ সাধারণ অ্যান্টিবায়োটিকের প্রতি প্রতিরোধী হতে পারে। আপনার কালচার এবং সেনসিটিভিটি পরীক্ষা করা উচিত। এটি অ্যান্টিবায়োটিক নির্বাচন করতে সাহায্য করবে। আপনার ডাক্তারের সাথে পরামর্শ করুন এবং সেই অনুযায়ী চিকিৎসা নিন। আশা করি আমি আপনার প্রশ্নের উত্তর দিতে পেরেছি, যদি আপনার কোনো সন্দেহ থাকে তবে আমার সাথে bit.ly/ Chat Doctor-এ যোগাযোগ করুন। নাসেনিয়া ডক ব্যবহার করার জন্য ধন্যবাদ। আপনার সুস্বাস্থ্য কামনা করি।"
1257,"হেলো, ডেইরি, আমি আপনার প্রশ্নটি দেখেছি। আমি আপনার উদ্বেগ বুঝতে পারছি। আপনার হার্নিয়া সার্জারির ইতিহাস রয়েছে এবং এখন অস্ত্রোপচার পরবর্তী সংক্রমণ হয়েছে। আপনি স্ট্রেপ্টোকক্কাল সংক্রমণে ভুগছেন। আপনার স্ট্রেপ্টোকক্কাল সংক্রমণ সাধারণ অ্যান্টিবায়োটিকের প্রতি প্রতিরোধী হতে পারে। আপনার কালচার এবং সেনসিটিভিটি পরীক্ষা করা উচিত। এটি অ্যান্টিবায়োটিক নির্বাচন করতে সাহায্য করবে। আপনার ডাক্তারের সাথে পরামর্শ করুন এবং সেই অনুযায়ী চিকিৎসা নিন। আশা করি আমি আপনার প্রশ্নের উত্তর দিতে পেরেছি, যদি আপনার কোনো সন্দেহ থাকে তবে আমার সাথে bit.ly/ Chat Doctor-এ যোগাযোগ করুন। নাসেনিয়া ডক ব্যবহার করার জন্য ধন্যবাদ। আপনার সুস্বাস্থ্য কামনা করি।"
85460,"হেলো, ডেইরি, আমি আপনার প্রশ্নটি দেখেছি। আমি আপনার উদ্বেগ বুঝতে পারছি। আপনার হার্নিয়া সার্জারির ইতিহাস রয়েছে এবং এখন অস্ত্রোপচার পরবর্তী সংক্রমণ হয়েছে। আপনি স্ট্রেপ্টোকক্কাল সংক্রমণে ভুগছেন। আপনার স্ট্রেপ্টোকক্কাল সংক্রমণ সাধারণ অ্যান্টিবায়োটিকের প্রতি প্রতিরোধী হতে পারে। আপনার কালচার এবং সেনসিটিভিটি পরীক্ষা করা উচিত। এটি অ্যান্টিবায়োটিক নির্বাচন করতে সাহায্য করবে। আপনার ডাক্তারের সাথে পরামর্শ করুন এবং সেই অনুযায়ী চিকিৎসা নিন। আশা করি আমি আপনার প্রশ্নের উত্তর দিতে পেরেছি, যদি আপনার কোনো সন্দেহ থাকে তবে আমার সাথে bit.ly/ Chat Doctor-এ যোগাযোগ করুন। নাসেনিয়া ডক ব্যবহার করার জন্য ধন্যবাদ। আপনার সুস্বাস্থ্য কামনা করি।"
25499,"হেলো, ডেইরি, আমি আপনার প্রশ্নটি দেখেছি। আমি আপনার উদ্বেগ বুঝতে পারছি। আপনার হার্নিয়া সার্জারির ইতিহাস রয়েছে এবং এখন অস্ত্রোপচার পরবর্তী সংক্রমণ হয়েছে। আপনি স্ট্রেপ্টোকক্কাল সংক্রমণে ভুগছেন। আপনার স্ট্রেপ্টোকক্কাল সংক্রমণ সাধারণ অ্যান্টিবায়োটিকের প্রতি প্রতিরোধী হতে পারে। আপনার কালচার এবং সেনসিটিভিটি পরীক্ষা করা উচিত। এটি অ্যান্টিবায়োটিক নির্বাচন করতে সাহায্য করবে। আপনার ডাক্তারের সাথে পরামর্শ করুন এবং সেই অনুযায়ী চিকিৎসা নিন। আশা করি আমি আপনার প্রশ্নের উত্তর দিতে পেরেছি, যদি আপনার কোনো সন্দেহ থাকে তবে আমার সাথে bit.ly/ Chat Doctor-এ যোগাযোগ করুন। নাসেনিয়া ডক ব্যবহার করার জন্য ধন্যবাদ। আপনার সুস্বাস্থ্য কামনা করি।"
75316,"হেলো, ডেইরি, আমি আপনার প্রশ্নটি দেখেছি। আমি আপনার উদ্বেগ বুঝতে পারছি। আপনার হার্নিয়া সার্জারির ইতিহাস রয়েছে এবং এখন অস্ত্রোপচার পরবর্তী সংক্রমণ হয়েছে। আপনি স্ট্রেপ্টোকক্কাল সংক্রমণে ভুগছেন। আপনার স্ট্রেপ্টোকক্কাল সংক্রমণ সাধারণ অ্যান্টিবায়োটিকের প্রতি প্রতিরোধী হতে পারে। আপনার কালচার এবং সেনসিটিভিটি পরীক্ষা করা উচিত। এটি অ্যান্টিবায়োটিক নির্বাচন করতে সাহায্য করবে। আপনার ডাক্তারের সাথে পরামর্শ করুন এবং সেই অনুযায়ী চিকিৎসা নিন। আশা করি আমি আপনার প্রশ্নের উত্তর দিতে পেরেছি, যদি আপনার কোনো সন্দেহ থাকে তবে আমার সাথে bit.ly/ Chat Doctor-এ যোগাযোগ করুন। নাসেনিয়া ডক ব্যবহার করার জন্য ধন্যবাদ। আপনার সুস্বাস্থ্য কামনা করি।"
27519,"হেলো, ডেইরি, আমি আপনার প্রশ্নটি দেখেছি। আমি আপনার উদ্বেগ বুঝতে পারছি। আপনার হার্নিয়া সার্জারির ইতিহাস রয়েছে এবং এখন অস্ত্রোপচার পরবর্তী সংক্রমণ হয়েছে। আপনি স্ট্রেপ্টোকক্কাল সংক্রমণে ভুগছেন। আপনার স্ট্রেপ্টোকক্কাল সংক্রমণ সাধারণ অ্যান্টিবায়োটিকের প্রতি প্রতিরোধী হতে পারে। আপনার কালচার এবং সেনসিটিভিটি পরীক্ষা করা উচিত। এটি অ্যান্টিবায়োটিক নির্বাচন করতে সাহায্য করবে। আপনার ডাক্তারের সাথে পরামর্শ করুন এবং সেই অনুযায়ী চিকিৎসা নিন। আশা করি আমি আপনার প্রশ্নের উত্তর দিতে পেরেছি, যদি আপনার কোনো সন্দেহ থাকে তবে আমার সাথে bit.ly/ Chat Doctor-এ যোগাযোগ করুন। নাসেনিয়া ডক ব্যবহার করার জন্য ধন্যবাদ। আপনার সুস্বাস্থ্য কামনা করি।"
50936,"হেলো, ডেইরি, আমি আপনার প্রশ্নটি দেখেছি। আমি আপনার উদ্বেগ বুঝতে পারছি। আপনার হার্নিয়া সার্জারির ইতিহাস রয়েছে এবং এখন অস্ত্রোপচার পরবর্তী সংক্রমণ হয়েছে। আপনি স্ট্রেপ্টোকক্কাল সংক্রমণে ভুগছেন। আপনার স্ট্রেপ্টোকক্কাল সংক্রমণ সাধারণ অ্যান্টিবায়োটিকের প্রতি প্রতিরোধী হতে পারে। আপনার কালচার এবং সেনসিটিভিটি পরীক্ষা করা উচিত। এটি অ্যান্টিবায়োটিক নির্বাচন করতে সাহায্য করবে। আপনার ডাক্তারের সাথে পরামর্শ করুন এবং সেই অনুযায়ী চিকিৎসা নিন। আশা করি আমি আপনার প্রশ্নের উত্তর দিতে পেরেছি, যদি আপনার কোনো সন্দেহ থাকে তবে আমার সাথে bit.ly/ Chat Doctor-এ যোগাযোগ করুন। নাসেনিয়া ডক ব্যবহার করার জন্য ধন্যবাদ। আপনার সুস্বাস্থ্য কামনা করি।"
52787,"হেলো, ডেইরি, আমি আপনার প্রশ্নটি দেখেছি। আমি আপনার উদ্বেগ বুঝতে পারছি। আপনার হার্নিয়া সার্জারির ইতিহাস রয়েছে এবং এখন অস্ত্রোপচার পরবর্তী সংক্রমণ হয়েছে। আপনি স্ট্রেপ্টোকক্কাল সংক্রমণে ভুগছেন। আপনার স্ট্রেপ্টোকক্কাল সংক্রমণ সাধারণ অ্যান্টিবায়োটিকের প্রতি প্রতিরোধী হতে পারে। আপনার কালচার এবং সেনসিটিভিটি পরীক্ষা করা উচিত। এটি অ্যান্টিবায়োটিক নির্বাচন করতে সাহায্য করবে। আপনার ডাক্তারের সাথে পরামর্শ করুন এবং সেই অনুযায়ী চিকিৎসা নিন। আশা করি আমি আপনার প্রশ্নের উত্তর দিতে পেরেছি, যদি আপনার কোনো সন্দেহ থাকে তবে আমার সাথে bit.ly/ Chat Doctor-এ যোগাযোগ করুন। নাসেনিয়া ডক ব্যবহার করার জন্য ধন্যবাদ। আপনার সুস্বাস্থ্য কামনা করি।"
86529,"হেলো, ডেইরি, আমি আপনার প্রশ্নটি দেখেছি। আমি আপনার উদ্বেগ বুঝতে পারছি। আপনার হার্নিয়া সার্জারির ইতিহাস রয়েছে এবং এখন অস্ত্রোপচার পরবর্তী সংক্রমণ হয়েছে। আপনি স্ট্রেপ্টোকক্কাল সংক্রমণে ভুগছেন। আপনার স্ট্রেপ্টোকক্কাল সংক্রমণ সাধারণ অ্যান্টিবায়োটিকের প্রতি প্রতিরোধী হতে পারে। আপনার কালচার এবং সেনসিটিভিটি পরীক্ষা করা উচিত। এটি অ্যান্টিবায়োটিক নির্বাচন করতে সাহায্য করবে। আপনার ডাক্তারের সাথে পরামর্শ করুন এবং সেই অনুযায়ী চিকিৎসা নিন। আশা করি আমি আপনার প্রশ্নের উত্তর দিতে পেরেছি, যদি আপনার কোনো সন্দেহ থাকে তবে আমার সাথে bit.ly/ Chat Doctor-এ যোগাযোগ করুন। নাসেনিয়া ডক ব্যবহার করার জন্য ধন্যবাদ। আপনার সুস্বাস্থ্য কামনা করি।"
24883,"হেলো, ডেইরি, আমি আপনার প্রশ্নটি দেখেছি। আমি আপনার উদ্বেগ বুঝতে পারছি। আপনার হার্নিয়া সার্জারির ইতিহাস রয়েছে এবং এখন অস্ত্রোপচার পরবর্তী সংক্রমণ হয়েছে। আপনি স্ট্রেপ্টোকক্কাল সংক্রমণে ভুগছেন। আপনার স্ট্রেপ্টোকক্কাল সংক্রমণ সাধারণ অ্যান্টিবায়োটিকের প্রতি প্রতিরোধী হতে পারে। আপনার কালচার এবং সেনসিটিভিটি পরীক্ষা করা উচিত। এটি অ্যান্টিবায়োটিক নির্বাচন করতে সাহায্য করবে। আপনার ডাক্তারের সাথে পরামর্শ করুন এবং সেই অনুযায়ী চিকিৎসা নিন। আশা করি আমি আপনার প্রশ্নের উত্তর দিতে পেরেছি, যদি আপনার কোনো সন্দেহ থাকে তবে আমার সাথে bit.ly/ Chat Doctor-এ যোগাযোগ করুন। নাসেনিয়া ডক ব্যবহার করার জন্য ধন্যবাদ। আপনার সুস্বাস্থ্য কামনা করি।"
73206,"হেলো, ডেইরি, আমি আপনার প্রশ্নটি দেখেছি। আমি আপনার উদ্বেগ বুঝতে পারছি। আপনার হার্নিয়া সার্জারির ইতিহাস রয়েছে এবং এখন অস্ত্রোপচার পরবর্তী সংক্রমণ হয়েছে। আপনি স্ট্রেপ্টোকক্কাল সংক্রমণে ভুগছেন। আপনার স্ট্রেপ্টোকক্কাল সংক্রমণ সাধারণ অ্যান্টিবায়োটিকের প্রতি প্রতিরোধী হতে পারে। আপনার কালচার এবং সেনসিটিভিটি পরীক্ষা করা উচিত। এটি অ্যান্টিবায়োটিক নির্বাচন করতে সাহায্য করবে। আপনার ডাক্তারের সাথে পরামর্শ করুন এবং সেই অনুযায়ী চিকিৎসা নিন। আশা করি আমি আপনার প্রশ্নের উত্তর দিতে পেরেছি, যদি আপনার কোনো সন্দেহ থাকে তবে আমার সাথে bit.ly/ Chat Doctor-এ যোগাযোগ করুন। নাসেনিয়া ডক ব্যবহার করার জন্য ধন্যবাদ। আপনার সুস্বাস্থ্য কামনা করি।"
25625,"হেলো, ডেইরি, আমি আপনার প্রশ্নটি দেখেছি। আমি আপনার উদ্বেগ বুঝতে পারছি। আপনার হার্নিয়া সার্জারির ইতিহাস রয়েছে এবং এখন অস্ত্রোপচার পরবর্তী সংক্রমণ হয়েছে। আপনি স্ট্রেপ্টোকক্কাল সংক্রমণে ভুগছেন। আপনার স্ট্রেপ্টোকক্কাল সংক্রমণ সাধারণ অ্যান্টিবায়োটিকের প্রতি প্রতিরোধী হতে পারে। আপনার কালচার এবং সেনসিটিভিটি পরীক্ষা করা উচিত। এটি অ্যান্টিবায়োটিক নির্বাচন করতে সাহায্য করবে। আপনার ডাক্তারের সাথে পরামর্শ করুন এবং সেই অনুযায়ী চিকিৎসা নিন। আশা করি আমি আপনার প্রশ্নের উত্তর দিতে পেরেছি, যদি আপনার কোনো সন্দেহ থাকে তবে আমার সাথে bit.ly/ Chat Doctor-এ যোগাযোগ করুন। নাসেনিয়া ডক ব্যবহার করার জন্য ধন্যবাদ। আপনার সুস্বাস্থ্য কামনা করি।"
15719,"হেলো, ডেইরি, আমি আপনার প্রশ্নটি দেখেছি। আমি আপনার উদ্বেগ বুঝতে পারছি। আপনার হার্নিয়া সার্জারির ইতিহাস রয়েছে এবং এখন অস্ত্রোপচার পরবর্তী সংক্রমণ হয়েছে। আপনি স্ট্রেপ্টোকক্কাল সংক্রমণে ভুগছেন। আপনার স্ট্রেপ্টোকক্কাল সংক্রমণ সাধারণ অ্যান্টিবায়োটিকের প্রতি প্রতিরোধী হতে পারে। আপনার কালচার এবং সেনসিটিভিটি পরীক্ষা করা উচিত। এটি অ্যান্টিবায়োটিক নির্বাচন করতে সাহায্য করবে। আপনার ডাক্তারের সাথে পরামর্শ করুন এবং সেই অনুযায়ী চিকিৎসা নিন। আশা করি আমি আপনার প্রশ্নের উত্তর দিতে পেরেছি, যদি আপনার কোনো সন্দেহ থাকে তবে আমার সাথে bit.ly/ Chat Doctor-এ যোগাযোগ করুন। নাসেনিয়া ডক ব্যবহার করার জন্য ধন্যবাদ। আপনার সুস্বাস্থ্য কামনা করি।"
67399,"হেলো, ডেইরি, আমি আপনার প্রশ্নটি দেখেছি। আমি আপনার উদ্বেগ বুঝতে পারছি। আপনার হার্নিয়া সার্জারির ইতিহাস রয়েছে এবং এখন অস্ত্রোপচার পরবর্তী সংক্রমণ হয়েছে। আপনি স্ট্রেপ্টোকক্কাল সংক্রমণে ভুগছেন। আপনার স্ট্রেপ্টোকক্কাল সংক্রমণ সাধারণ অ্যান্টিবায়োটিকের প্রতি প্রতিরোধী হতে পারে। আপনার কালচার এবং সেনসিটিভিটি পরীক্ষা করা উচিত। এটি অ্যান্টিবায়োটিক নির্বাচন করতে সাহায্য করবে। আপনার ডাক্তারের সাথে পরামর্শ করুন এবং সেই অনুযায়ী চিকিৎসা নিন। আশা করি আমি আপনার প্রশ্নের উত্তর দিতে পেরেছি, যদি আপনার কোনো সন্দেহ থাকে তবে আমার সাথে bit.ly/ Chat Doctor-এ যোগাযোগ করুন। নাসেনিয়া ডক ব্যবহার করার জন্য ধন্যবাদ। আপনার সুস্বাস্থ্য কামনা করি।"
51651,"হেলো, ডেইরি, আমি আপনার প্রশ্নটি দেখেছি। আমি আপনার উদ্বেগ বুঝতে পারছি। আপনার হার্নিয়া সার্জারির ইতিহাস রয়েছে এবং এখন অস্ত্রোপচার পরবর্তী সংক্রমণ হয়েছে। আপনি স্ট্রেপ্টোকক্কাল সংক্রমণে ভুগছেন। আপনার স্ট্রেপ্টোকক্কাল সংক্রমণ সাধারণ অ্যান্টিবায়োটিকের প্রতি প্রতিরোধী হতে পারে। আপনার কালচার এবং সেনসিটিভিটি পরীক্ষা করা উচিত। এটি অ্যান্টিবায়োটিক নির্বাচন করতে সাহায্য করবে। আপনার ডাক্তারের সাথে পরামর্শ করুন এবং সেই অনুযায়ী চিকিৎসা নিন। আশা করি আমি আপনার প্রশ্নের উত্তর দিতে পেরেছি, যদি আপনার কোনো সন্দেহ থাকে তবে আমার সাথে bit.ly/ Chat Doctor-এ যোগাযোগ করুন। নাসেনিয়া ডক ব্যবহার করার জন্য ধন্যবাদ। আপনার সুস্বাস্থ্য কামনা করি।"
3950,"হেলো, ডেইরি, আমি আপনার প্রশ্নটি দেখেছি। আমি আপনার উদ্বেগ বুঝতে পারছি। আপনার হার্নিয়া সার্জারির ইতিহাস রয়েছে এবং এখন অস্ত্রোপচার পরবর্তী সংক্রমণ হয়েছে। আপনি স্ট্রেপ্টোকক্কাল সংক্রমণে ভুগছেন। আপনার স্ট্রেপ্টোকক্কাল সংক্রমণ সাধারণ অ্যান্টিবায়োটিকের প্রতি প্রতিরোধী হতে পারে। আপনার কালচার এবং সেনসিটিভিটি পরীক্ষা করা উচিত। এটি অ্যান্টিবায়োটিক নির্বাচন করতে সাহায্য করবে। আপনার ডাক্তারের সাথে পরামর্শ করুন এবং সেই অনুযায়ী চিকিৎসা নিন। আশা করি আমি আপনার প্রশ্নের উত্তর দিতে পেরেছি, যদি আপনার কোনো সন্দেহ থাকে তবে আমার সাথে bit.ly/ Chat Doctor-এ যোগাযোগ করুন। নাসেনিয়া ডক ব্যবহার করার জন্য ধন্যবাদ। আপনার সুস্বাস্থ্য কামনা করি।"
22482,"হেলো, ডেইরি, আমি আপনার প্রশ্নটি দেখেছি। আমি আপনার উদ্বেগ বুঝতে পারছি। আপনার হার্নিয়া সার্জারির ইতিহাস রয়েছে এবং এখন অস্ত্রোপচার পরবর্তী সংক্রমণ হয়েছে। আপনি স্ট্রেপ্টোকক্কাল সংক্রমণে ভুগছেন। আপনার স্ট্রেপ্টোকক্কাল সংক্রমণ সাধারণ অ্যান্টিবায়োটিকের প্রতি প্রতিরোধী হতে পারে। আপনার কালচার এবং সেনসিটিভিটি পরীক্ষা করা উচিত। এটি অ্যান্টিবায়োটিক নির্বাচন করতে সাহায্য করবে। আপনার ডাক্তারের সাথে পরামর্শ করুন এবং সেই অনুযায়ী চিকিৎসা নিন। আশা করি আমি আপনার প্রশ্নের উত্তর দিতে পেরেছি, যদি আপনার কোনো সন্দেহ থাকে তবে আমার সাথে bit.ly/ Chat Doctor-এ যোগাযোগ করুন। নাসেনিয়া ডক ব্যবহার করার জন্য ধন্যবাদ। আপনার সুস্বাস্থ্য কামনা করি।"
98528,"হেলো, ডেইরি, আমি আপনার প্রশ্নটি দেখেছি। আমি আপনার উদ্বেগ বুঝতে পারছি। আপনার হার্নিয়া সার্জারির ইতিহাস রয়েছে এবং এখন অস্ত্রোপচার পরবর্তী সংক্রমণ হয়েছে। আপনি স্ট্রেপ্টোকক্কাল সংক্রমণে ভুগছেন। আপনার স্ট্রেপ্টোকক্কাল সংক্রমণ সাধারণ অ্যান্টিবায়োটিকের প্রতি প্রতিরোধী হতে পারে। আপনার কালচার এবং সেনসিটিভিটি পরীক্ষা করা উচিত। এটি অ্যান্টিবায়োটিক নির্বাচন করতে সাহায্য করবে। আপনার ডাক্তারের সাথে পরামর্শ করুন এবং সেই অনুযায়ী চিকিৎসা নিন। আশা করি আমি আপনার প্রশ্নের উত্তর দিতে পেরেছি, যদি আপনার কোনো সন্দেহ থাকে তবে আমার সাথে bit.ly/ Chat Doctor-এ যোগাযোগ করুন। নাসেনিয়া ডক ব্যবহার করার জন্য ধন্যবাদ। আপনার সুস্বাস্থ্য কামনা করি।"
80822,"হেলো, ডেইরি, আমি আপনার প্রশ্নটি দেখেছি। আমি আপনার উদ্বেগ বুঝতে পারছি। আপনার হার্নিয়া সার্জারির ইতিহাস রয়েছে এবং এখন অস্ত্রোপচার পরবর্তী সংক্রমণ হয়েছে। আপনি স্ট্রেপ্টোকক্কাল সংক্রমণে ভুগছেন। আপনার স্ট্রেপ্টোকক্কাল সংক্রমণ সাধারণ অ্যান্টিবায়োটিকের প্রতি প্রতিরোধী হতে পারে। আপনার কালচার এবং সেনসিটিভিটি পরীক্ষা করা উচিত। এটি অ্যান্টিবায়োটিক নির্বাচন করতে সাহায্য করবে। আপনার ডাক্তারের সাথে পরামর্শ করুন এবং সেই অনুযায়ী চিকিৎসা নিন। আশা করি আমি আপনার প্রশ্নের উত্তর দিতে পেরেছি, যদি আপনার কোনো সন্দেহ থাকে তবে আমার সাথে bit.ly/ Chat Doctor-এ যোগাযোগ করুন। নাসেনিয়া ডক ব্যবহার করার জন্য ধন্যবাদ। আপনার সুস্বাস্থ্য কামনা করি।"
70192,"হেলো, ডেইরি, আমি আপনার প্রশ্নটি দেখেছি। আমি আপনার উদ্বেগ বুঝতে পারছি। আপনার হার্নিয়া সার্জারির ইতিহাস রয়েছে এবং এখন অস্ত্রোপচার পরবর্তী সংক্রমণ হয়েছে। আপনি স্ট্রেপ্টোকক্কাল সংক্রমণে ভুগছেন। আপনার স্ট্রেপ্টোকক্কাল সংক্রমণ সাধারণ অ্যান্টিবায়োটিকের প্রতি প্রতিরোধী হতে পারে। আপনার কালচার এবং সেনসিটিভিটি পরীক্ষা করা উচিত। এটি অ্যান্টিবায়োটিক নির্বাচন করতে সাহায্য করবে। আপনার ডাক্তারের সাথে পরামর্শ করুন এবং সেই অনুযায়ী চিকিৎসা নিন। আশা করি আমি আপনার প্রশ্নের উত্তর দিতে পেরেছি, যদি আপনার কোনো সন্দেহ থাকে তবে আমার সাথে bit.ly/ Chat Doctor-এ যোগাযোগ করুন। নাসেনিয়া ডক ব্যবহার করার জন্য ধন্যবাদ। আপনার সুস্বাস্থ্য কামনা করি।"
73877,"হেলো, ডেইরি, আমি আপনার প্রশ্নটি দেখেছি। আমি আপনার উদ্বেগ বুঝতে পারছি। আপনার হার্নিয়া সার্জারির ইতিহাস রয়েছে এবং এখন অস্ত্রোপচার পরবর্তী সংক্রমণ হয়েছে। আপনি স্ট্রেপ্টোকক্কাল সংক্রমণে ভুগছেন। আপনার স্ট্রেপ্টোকক্কাল সংক্রমণ সাধারণ অ্যান্টিবায়োটিকের প্রতি প্রতিরোধী হতে পারে। আপনার কালচার এবং সেনসিটিভিটি পরীক্ষা করা উচিত। এটি অ্যান্টিবায়োটিক নির্বাচন করতে সাহায্য করবে। আপনার ডাক্তারের সাথে পরামর্শ করুন এবং সেই অনুযায়ী চিকিৎসা নিন। আশা করি আমি আপনার প্রশ্নের উত্তর দিতে পেরেছি, যদি আপনার কোনো সন্দেহ থাকে তবে আমার সাথে bit.ly/ Chat Doctor-এ যোগাযোগ করুন। নাসেনিয়া ডক ব্যবহার করার জন্য ধন্যবাদ। আপনার সুস্বাস্থ্য কামনা করি।"
32333,"হেলো, ডেইরি, আমি আপনার প্রশ্নটি দেখেছি। আমি আপনার উদ্বেগ বুঝতে পারছি। আপনার হার্নিয়া সার্জারির ইতিহাস রয়েছে এবং এখন অস্ত্রোপচার পরবর্তী সংক্রমণ হয়েছে। আপনি স্ট্রেপ্টোকক্কাল সংক্রমণে ভুগছেন। আপনার স্ট্রেপ্টোকক্কাল সংক্রমণ সাধারণ অ্যান্টিবায়োটিকের প্রতি প্রতিরোধী হতে পারে। আপনার কালচার এবং সেনসিটিভিটি পরীক্ষা করা উচিত। এটি অ্যান্টিবায়োটিক নির্বাচন করতে সাহায্য করবে। আপনার ডাক্তারের সাথে পরামর্শ করুন এবং সেই অনুযায়ী চিকিৎসা নিন। আশা করি আমি আপনার প্রশ্নের উত্তর দিতে পেরেছি, যদি আপনার কোনো সন্দেহ থাকে তবে আমার সাথে bit.ly/ Chat Doctor-এ যোগাযোগ করুন। নাসেনিয়া ডক ব্যবহার করার জন্য ধন্যবাদ। আপনার সুস্বাস্থ্য কামনা করি।"
98269,"হেলো, ডেইরি, আমি আপনার প্রশ্নটি দেখেছি। আমি আপনার উদ্বেগ বুঝতে পারছি। আপনার হার্নিয়া সার্জারির ইতিহাস রয়েছে এবং এখন অস্ত্রোপচার পরবর্তী সংক্রমণ হয়েছে। আপনি স্ট্রেপ্টোকক্কাল সংক্রমণে ভুগছেন। আপনার স্ট্রেপ্টোকক্কাল সংক্রমণ সাধারণ অ্যান্টিবায়োটিকের প্রতি প্রতিরোধী হতে পারে। আপনার কালচার এবং সেনসিটিভিটি পরীক্ষা করা উচিত। এটি অ্যান্টিবায়োটিক নির্বাচন করতে সাহায্য করবে। আপনার ডাক্তারের সাথে পরামর্শ করুন এবং সেই অনুযায়ী চিকিৎসা নিন। আশা করি আমি আপনার প্রশ্নের উত্তর দিতে পেরেছি, যদি আপনার কোনো সন্দেহ থাকে তবে আমার সাথে bit.ly/ Chat Doctor-এ যোগাযোগ করুন। নাসেনিয়া ডক ব্যবহার করার জন্য ধন্যবাদ। আপনার সুস্বাস্থ্য কামনা করি।"
89182,"হেলো, ডেইরি, আমি আপনার প্রশ্নটি দেখেছি। আমি আপনার উদ্বেগ বুঝতে পারছি। আপনার হার্নিয়া সার্জারির ইতিহাস রয়েছে এবং এখন অস্ত্রোপচার পরবর্তী সংক্রমণ হয়েছে। আপনি স্ট্রেপ্টোকক্কাল সংক্রমণে ভুগছেন। আপনার স্ট্রেপ্টোকক্কাল সংক্রমণ সাধারণ অ্যান্টিবায়োটিকের প্রতি প্রতিরোধী হতে পারে। আপনার কালচার এবং সেনসিটিভিটি পরীক্ষা করা উচিত। এটি অ্যান্টিবায়োটিক নির্বাচন করতে সাহায্য করবে। আপনার ডাক্তারের সাথে পরামর্শ করুন এবং সেই অনুযায়ী চিকিৎসা নিন। আশা করি আমি আপনার প্রশ্নের উত্তর দিতে পেরেছি, যদি আপনার কোনো সন্দেহ থাকে তবে আমার সাথে bit.ly/ Chat Doctor-এ যোগাযোগ করুন। নাসেনিয়া ডক ব্যবহার করার জন্য ধন্যবাদ। আপনার সুস্বাস্থ্য কামনা করি।"
34968,"হেলো, ডেইরি, আমি আপনার প্রশ্নটি দেখেছি। আমি আপনার উদ্বেগ বুঝতে পারছি। আপনার হার্নিয়া সার্জারির ইতিহাস রয়েছে এবং এখন অস্ত্রোপচার পরবর্তী সংক্রমণ হয়েছে। আপনি স্ট্রেপ্টোকক্কাল সংক্রমণে ভুগছেন। আপনার স্ট্রেপ্টোকক্কাল সংক্রমণ সাধারণ অ্যান্টিবায়োটিকের প্রতি প্রতিরোধী হতে পারে। আপনার কালচার এবং সেনসিটিভিটি পরীক্ষা করা উচিত। এটি অ্যান্টিবায়োটিক নির্বাচন করতে সাহায্য করবে। আপনার ডাক্তারের সাথে পরামর্শ করুন এবং সেই অনুযায়ী চিকিৎসা নিন। আশা করি আমি আপনার প্রশ্নের উত্তর দিতে পেরেছি, যদি আপনার কোনো সন্দেহ থাকে তবে আমার সাথে bit.ly/ Chat Doctor-এ যোগাযোগ করুন। নাসেনিয়া ডক ব্যবহার করার জন্য ধন্যবাদ। আপনার সুস্বাস্থ্য কামনা করি।"
75315,"হেলো, ডেইরি, আমি আপনার প্রশ্নটি দেখেছি। আমি আপনার উদ্বেগ বুঝতে পারছি। আপনার হার্নিয়া সার্জারির ইতিহাস রয়েছে এবং এখন অস্ত্রোপচার পরবর্তী সংক্রমণ হয়েছে। আপনি স্ট্রেপ্টোকক্কাল সংক্রমণে ভুগছেন। আপনার স্ট্রেপ্টোকক্কাল সংক্রমণ সাধারণ অ্যান্টিবায়োটিকের প্রতি প্রতিরোধী হতে পারে। আপনার কালচার এবং সেনসিটিভিটি পরীক্ষা করা উচিত। এটি অ্যান্টিবায়োটিক নির্বাচন করতে সাহায্য করবে। আপনার ডাক্তারের সাথে পরামর্শ করুন এবং সেই অনুযায়ী চিকিৎসা নিন। আশা করি আমি আপনার প্রশ্নের উত্তর দিতে পেরেছি, যদি আপনার কোনো সন্দেহ থাকে তবে আমার সাথে bit.ly/ Chat Doctor-এ যোগাযোগ করুন। নাসেনিয়া ডক ব্যবহার করার জন্য ধন্যবাদ। আপনার সুস্বাস্থ্য কামনা করি।"
16392,"হেলো, ডেইরি, আমি আপনার প্রশ্নটি দেখেছি। আমি আপনার উদ্বেগ বুঝতে পারছি। আপনার হার্নিয়া সার্জারির ইতিহাস রয়েছে এবং এখন অস্ত্রোপচার পরবর্তী সংক্রমণ হয়েছে। আপনি স্ট্রেপ্টোকক্কাল সংক্রমণে ভুগছেন। আপনার স্ট্রেপ্টোকক্কাল সংক্রমণ সাধারণ অ্যান্টিবায়োটিকের প্রতি প্রতিরোধী হতে পারে। আপনার কালচার এবং সেনসিটিভিটি পরীক্ষা করা উচিত। এটি অ্যান্টিবায়োটিক নির্বাচন করতে সাহায্য করবে। আপনার ডাক্তারের সাথে পরামর্শ করুন এবং সেই অনুযায়ী চিকিৎসা নিন। আশা করি আমি আপনার প্রশ্নের উত্তর দিতে পেরেছি, যদি আপনার কোনো সন্দেহ থাকে তবে আমার সাথে bit.ly/ Chat Doctor-এ যোগাযোগ করুন। নাসেনিয়া ডক ব্যবহার করার জন্য ধন্যবাদ। আপনার সুস্বাস্থ্য কামনা করি।"
74374,"হেলো, ডেইরি, আমি আপনার প্রশ্নটি দেখেছি। আমি আপনার উদ্বেগ বুঝতে পারছি। আপনার হার্নিয়া সার্জারির ইতিহাস রয়েছে এবং এখন অস্ত্রোপচার পরবর্তী সংক্রমণ হয়েছে। আপনি স্ট্রেপ্টোকক্কাল সংক্রমণে ভুগছেন। আপনার স্ট্রেপ্টোকক্কাল সংক্রমণ সাধারণ অ্যান্টিবায়োটিকের প্রতি প্রতিরোধী হতে পারে। আপনার কালচার এবং সেনসিটিভিটি পরীক্ষা করা উচিত। এটি অ্যান্টিবায়োটিক নির্বাচন করতে সাহায্য করবে। আপনার ডাক্তারের সাথে পরামর্শ করুন এবং সেই অনুযায়ী চিকিৎসা নিন। আশা করি আমি আপনার প্রশ্নের উত্তর দিতে পেরেছি, যদি আপনার কোনো সন্দেহ থাকে তবে আমার সাথে bit.ly/ Chat Doctor-এ যোগাযোগ করুন। নাসেনিয়া ডক ব্যবহার করার জন্য ধন্যবাদ। আপনার সুস্বাস্থ্য কামনা করি।"
15820,"হেলো, ডেইরি, আমি আপনার প্রশ্নটি দেখেছি। আমি আপনার উদ্বেগ বুঝতে পারছি। আপনার হার্নিয়া সার্জারির ইতিহাস রয়েছে এবং এখন অস্ত্রোপচার পরবর্তী সংক্রমণ হয়েছে। আপনি স্ট্রেপ্টোকক্কাল সংক্রমণে ভুগছেন। আপনার স্ট্রেপ্টোকক্কাল সংক্রমণ সাধারণ অ্যান্টিবায়োটিকের প্রতি প্রতিরোধী হতে পারে। আপনার কালচার এবং সেনসিটিভিটি পরীক্ষা করা উচিত। এটি অ্যান্টিবায়োটিক নির্বাচন করতে সাহায্য করবে। আপনার ডাক্তারের সাথে পরামর্শ করুন এবং সেই অনুযায়ী চিকিৎসা নিন। আশা করি আমি আপনার প্রশ্নের উত্তর দিতে পেরেছি, যদি আপনার কোনো সন্দেহ থাকে তবে আমার সাথে bit.ly/ Chat Doctor-এ যোগাযোগ করুন। নাসেনিয়া ডক ব্যবহার করার জন্য ধন্যবাদ। আপনার সুস্বাস্থ্য কামনা করি।"
7225,"হেলো, ডেইরি, আমি আপনার প্রশ্নটি দেখেছি। আমি আপনার উদ্বেগ বুঝতে পারছি। আপনার হার্নিয়া সার্জারির ইতিহাস রয়েছে এবং এখন অস্ত্রোপচার পরবর্তী সংক্রমণ হয়েছে। আপনি স্ট্রেপ্টোকক্কাল সংক্রমণে ভুগছেন। আপনার স্ট্রেপ্টোকক্কাল সংক্রমণ সাধারণ অ্যান্টিবায়োটিকের প্রতি প্রতিরোধী হতে পারে। আপনার কালচার এবং সেনসিটিভিটি পরীক্ষা করা উচিত। এটি অ্যান্টিবায়োটিক নির্বাচন করতে সাহায্য করবে। আপনার ডাক্তারের সাথে পরামর্শ করুন এবং সেই অনুযায়ী চিকিৎসা নিন। আশা করি আমি আপনার প্রশ্নের উত্তর দিতে পেরেছি, যদি আপনার কোনো সন্দেহ থাকে তবে আমার সাথে bit.ly/ Chat Doctor-এ যোগাযোগ করুন। নাসেনিয়া ডক ব্যবহার করার জন্য ধন্যবাদ। আপনার সুস্বাস্থ্য কামনা করি।"
56078,"হেলো, ডেইরি, আমি আপনার প্রশ্নটি দেখেছি। আমি আপনার উদ্বেগ বুঝতে পারছি। আপনার হার্নিয়া সার্জারির ইতিহাস রয়েছে এবং এখন অস্ত্রোপচার পরবর্তী সংক্রমণ হয়েছে। আপনি স্ট্রেপ্টোকক্কাল সংক্রমণে ভুগছেন। আপনার স্ট্রেপ্টোকক্কাল সংক্রমণ সাধারণ অ্যান্টিবায়োটিকের প্রতি প্রতিরোধী হতে পারে। আপনার কালচার এবং সেনসিটিভিটি পরীক্ষা করা উচিত। এটি অ্যান্টিবায়োটিক নির্বাচন করতে সাহায্য করবে। আপনার ডাক্তারের সাথে পরামর্শ করুন এবং সেই অনুযায়ী চিকিৎসা নিন। আশা করি আমি আপনার প্রশ্নের উত্তর দিতে পেরেছি, যদি আপনার কোনো সন্দেহ থাকে তবে আমার সাথে bit.ly/ Chat Doctor-এ যোগাযোগ করুন। নাসেনিয়া ডক ব্যবহার করার জন্য ধন্যবাদ। আপনার সুস্বাস্থ্য কামনা করি।"
86807,"হেলো, ডেইরি, আমি আপনার প্রশ্নটি দেখেছি। আমি আপনার উদ্বেগ বুঝতে পারছি। আপনার হার্নিয়া সার্জারির ইতিহাস রয়েছে এবং এখন অস্ত্রোপচার পরবর্তী সংক্রমণ হয়েছে। আপনি স্ট্রেপ্টোকক্কাল সংক্রমণে ভুগছেন। আপনার স্ট্রেপ্টোকক্কাল সংক্রমণ সাধারণ অ্যান্টিবায়োটিকের প্রতি প্রতিরোধী হতে পারে। আপনার কালচার এবং সেনসিটিভিটি পরীক্ষা করা উচিত। এটি অ্যান্টিবায়োটিক নির্বাচন করতে সাহায্য করবে। আপনার ডাক্তারের সাথে পরামর্শ করুন এবং সেই অনুযায়ী চিকিৎসা নিন। আশা করি আমি আপনার প্রশ্নের উত্তর দিতে পেরেছি, যদি আপনার কোনো সন্দেহ থাকে তবে আমার সাথে bit.ly/ Chat Doctor-এ যোগাযোগ করুন। নাসেনিয়া ডক ব্যবহার করার জন্য ধন্যবাদ। আপনার সুস্বাস্থ্য কামনা করি।"
12530,"হেলো, ডেইরি, আমি আপনার প্রশ্নটি দেখেছি। আমি আপনার উদ্বেগ বুঝতে পারছি। আপনার হার্নিয়া সার্জারির ইতিহাস রয়েছে এবং এখন অস্ত্রোপচার পরবর্তী সংক্রমণ হয়েছে। আপনি স্ট্রেপ্টোকক্কাল সংক্রমণে ভুগছেন। আপনার স্ট্রেপ্টোকক্কাল সংক্রমণ সাধারণ অ্যান্টিবায়োটিকের প্রতি প্রতিরোধী হতে পারে। আপনার কালচার এবং সেনসিটিভিটি পরীক্ষা করা উচিত। এটি অ্যান্টিবায়োটিক নির্বাচন করতে সাহায্য করবে। আপনার ডাক্তারের সাথে পরামর্শ করুন এবং সেই অনুযায়ী চিকিৎসা নিন। আশা করি আমি আপনার প্রশ্নের উত্তর দিতে পেরেছি, যদি আপনার কোনো সন্দেহ থাকে তবে আমার সাথে bit.ly/ Chat Doctor-এ যোগাযোগ করুন। নাসেনিয়া ডক ব্যবহার করার জন্য ধন্যবাদ। আপনার সুস্বাস্থ্য কামনা করি।"
36983,"হেলো, ডেইরি, আমি আপনার প্রশ্নটি দেখেছি। আমি আপনার উদ্বেগ বুঝতে পারছি। আপনার হার্নিয়া সার্জারির ইতিহাস রয়েছে এবং এখন অস্ত্রোপচার পরবর্তী সংক্রমণ হয়েছে। আপনি স্ট্রেপ্টোকক্কাল সংক্রমণে ভুগছেন। আপনার স্ট্রেপ্টোকক্কাল সংক্রমণ সাধারণ অ্যান্টিবায়োটিকের প্রতি প্রতিরোধী হতে পারে। আপনার কালচার এবং সেনসিটিভিটি পরীক্ষা করা উচিত। এটি অ্যান্টিবায়োটিক নির্বাচন করতে সাহায্য করবে। আপনার ডাক্তারের সাথে পরামর্শ করুন এবং সেই অনুযায়ী চিকিৎসা নিন। আশা করি আমি আপনার প্রশ্নের উত্তর দিতে পেরেছি, যদি আপনার কোনো সন্দেহ থাকে তবে আমার সাথে bit.ly/ Chat Doctor-এ যোগাযোগ করুন। নাসেনিয়া ডক ব্যবহার করার জন্য ধন্যবাদ। আপনার সুস্বাস্থ্য কামনা করি।"
93550,"হেলো, ডেইরি, আমি আপনার প্রশ্নটি দেখেছি। আমি আপনার উদ্বেগ বুঝতে পারছি। আপনার হার্নিয়া সার্জারির ইতিহাস রয়েছে এবং এখন অস্ত্রোপচার পরবর্তী সংক্রমণ হয়েছে। আপনি স্ট্রেপ্টোকক্কাল সংক্রমণে ভুগছেন। আপনার স্ট্রেপ্টোকক্কাল সংক্রমণ সাধারণ অ্যান্টিবায়োটিকের প্রতি প্রতিরোধী হতে পারে। আপনার কালচার এবং সেনসিটিভিটি পরীক্ষা করা উচিত। এটি অ্যান্টিবায়োটিক নির্বাচন করতে সাহায্য করবে। আপনার ডাক্তারের সাথে পরামর্শ করুন এবং সেই অনুযায়ী চিকিৎসা নিন। আশা করি আমি আপনার প্রশ্নের উত্তর দিতে পেরেছি, যদি আপনার কোনো সন্দেহ থাকে তবে আমার সাথে bit.ly/ Chat Doctor-এ যোগাযোগ করুন। নাসেনিয়া ডক ব্যবহার করার জন্য ধন্যবাদ। আপনার সুস্বাস্থ্য কামনা করি।"
94101,"হেলো, ডেইরি, আমি আপনার প্রশ্নটি দেখেছি। আমি আপনার উদ্বেগ বুঝতে পারছি। আপনার হার্নিয়া সার্জারির ইতিহাস রয়েছে এবং এখন অস্ত্রোপচার পরবর্তী সংক্রমণ হয়েছে। আপনি স্ট্রেপ্টোকক্কাল সংক্রমণে ভুগছেন। আপনার স্ট্রেপ্টোকক্কাল সংক্রমণ সাধারণ অ্যান্টিবায়োটিকের প্রতি প্রতিরোধী হতে পারে। আপনার কালচার এবং সেনসিটিভিটি পরীক্ষা করা উচিত। এটি অ্যান্টিবায়োটিক নির্বাচন করতে সাহায্য করবে। আপনার ডাক্তারের সাথে পরামর্শ করুন এবং সেই অনুযায়ী চিকিৎসা নিন। আশা করি আমি আপনার প্রশ্নের উত্তর দিতে পেরেছি, যদি আপনার কোনো সন্দেহ থাকে তবে আমার সাথে bit.ly/ Chat Doctor-এ যোগাযোগ করুন। নাসেনিয়া ডক ব্যবহার করার জন্য ধন্যবাদ। আপনার সুস্বাস্থ্য কামনা করি।"
80024,"হেলো, ডেইরি, আমি আপনার প্রশ্নটি দেখেছি। আমি আপনার উদ্বেগ বুঝতে পারছি। আপনার হার্নিয়া সার্জারির ইতিহাস রয়েছে এবং এখন অস্ত্রোপচার পরবর্তী সংক্রমণ হয়েছে। আপনি স্ট্রেপ্টোকক্কাল সংক্রমণে ভুগছেন। আপনার স্ট্রেপ্টোকক্কাল সংক্রমণ সাধারণ অ্যান্টিবায়োটিকের প্রতি প্রতিরোধী হতে পারে। আপনার কালচার এবং সেনসিটিভিটি পরীক্ষা করা উচিত। এটি অ্যান্টিবায়োটিক নির্বাচন করতে সাহায্য করবে। আপনার ডাক্তারের সাথে পরামর্শ করুন এবং সেই অনুযায়ী চিকিৎসা নিন। আশা করি আমি আপনার প্রশ্নের উত্তর দিতে পেরেছি, যদি আপনার কোনো সন্দেহ থাকে তবে আমার সাথে bit.ly/ Chat Doctor-এ যোগাযোগ করুন। নাসেনিয়া ডক ব্যবহার করার জন্য ধন্যবাদ। আপনার সুস্বাস্থ্য কামনা করি।"
43000,"হেলো, ডেইরি, আমি আপনার প্রশ্নটি দেখেছি। আমি আপনার উদ্বেগ বুঝতে পারছি। আপনার হার্নিয়া সার্জারির ইতিহাস রয়েছে এবং এখন অস্ত্রোপচার পরবর্তী সংক্রমণ হয়েছে। আপনি স্ট্রেপ্টোকক্কাল সংক্রমণে ভুগছেন। আপনার স্ট্রেপ্টোকক্কাল সংক্রমণ সাধারণ অ্যান্টিবায়োটিকের প্রতি প্রতিরোধী হতে পারে। আপনার কালচার এবং সেনসিটিভিটি পরীক্ষা করা উচিত। এটি অ্যান্টিবায়োটিক নির্বাচন করতে সাহায্য করবে। আপনার ডাক্তারের সাথে পরামর্শ করুন এবং সেই অনুযায়ী চিকিৎসা নিন। আশা করি আমি আপনার প্রশ্নের উত্তর দিতে পেরেছি, যদি আপনার কোনো সন্দেহ থাকে তবে আমার সাথে bit.ly/ Chat Doctor-এ যোগাযোগ করুন। নাসেনিয়া ডক ব্যবহার করার জন্য ধন্যবাদ। আপনার সুস্বাস্থ্য কামনা করি।"
10836,"হেলো, ডেইরি, আমি আপনার প্রশ্নটি দেখেছি। আমি আপনার উদ্বেগ বুঝতে পারছি। আপনার হার্নিয়া সার্জারির ইতিহাস রয়েছে এবং এখন অস্ত্রোপচার পরবর্তী সংক্রমণ হয়েছে। আপনি স্ট্রেপ্টোকক্কাল সংক্রমণে ভুগছেন। আপনার স্ট্রেপ্টোকক্কাল সংক্রমণ সাধারণ অ্যান্টিবায়োটিকের প্রতি প্রতিরোধী হতে পারে। আপনার কালচার এবং সেনসিটিভিটি পরীক্ষা করা উচিত। এটি অ্যান্টিবায়োটিক নির্বাচন করতে সাহায্য করবে। আপনার ডাক্তারের সাথে পরামর্শ করুন এবং সেই অনুযায়ী চিকিৎসা নিন। আশা করি আমি আপনার প্রশ্নের উত্তর দিতে পেরেছি, যদি আপনার কোনো সন্দেহ থাকে তবে আমার সাথে bit.ly/ Chat Doctor-এ যোগাযোগ করুন। নাসেনিয়া ডক ব্যবহার করার জন্য ধন্যবাদ। আপনার সুস্বাস্থ্য কামনা করি।"
62068,"হেলো, ডেইরি, আমি আপনার প্রশ্নটি দেখেছি। আমি আপনার উদ্বেগ বুঝতে পারছি। আপনার হার্নিয়া সার্জারির ইতিহাস রয়েছে এবং এখন অস্ত্রোপচার পরবর্তী সংক্রমণ হয়েছে। আপনি স্ট্রেপ্টোকক্কাল সংক্রমণে ভুগছেন। আপনার স্ট্রেপ্টোকক্কাল সংক্রমণ সাধারণ অ্যান্টিবায়োটিকের প্রতি প্রতিরোধী হতে পারে। আপনার কালচার এবং সেনসিটিভিটি পরীক্ষা করা উচিত। এটি অ্যান্টিবায়োটিক নির্বাচন করতে সাহায্য করবে। আপনার ডাক্তারের সাথে পরামর্শ করুন এবং সেই অনুযায়ী চিকিৎসা নিন। আশা করি আমি আপনার প্রশ্নের উত্তর দিতে পেরেছি, যদি আপনার কোনো সন্দেহ থাকে তবে আমার সাথে bit.ly/ Chat Doctor-এ যোগাযোগ করুন। নাসেনিয়া ডক ব্যবহার করার জন্য ধন্যবাদ। আপনার সুস্বাস্থ্য কামনা করি।"
97122,"হেলো, ডেইরি, আমি আপনার প্রশ্নটি দেখেছি। আমি আপনার উদ্বেগ বুঝতে পারছি। আপনার হার্নিয়া সার্জারির ইতিহাস রয়েছে এবং এখন অস্ত্রোপচার পরবর্তী সংক্রমণ হয়েছে। আপনি স্ট্রেপ্টোকক্কাল সংক্রমণে ভুগছেন। আপনার স্ট্রেপ্টোকক্কাল সংক্রমণ সাধারণ অ্যান্টিবায়োটিকের প্রতি প্রতিরোধী হতে পারে। আপনার কালচার এবং সেনসিটিভিটি পরীক্ষা করা উচিত। এটি অ্যান্টিবায়োটিক নির্বাচন করতে সাহায্য করবে। আপনার ডাক্তারের সাথে পরামর্শ করুন এবং সেই অনুযায়ী চিকিৎসা নিন। আশা করি আমি আপনার প্রশ্নের উত্তর দিতে পেরেছি, যদি আপনার কোনো সন্দেহ থাকে তবে আমার সাথে bit.ly/ Chat Doctor-এ যোগাযোগ করুন। নাসেনিয়া ডক ব্যবহার করার জন্য ধন্যবাদ। আপনার সুস্বাস্থ্য কামনা করি।"
46348,"হেলো, ডেইরি, আমি আপনার প্রশ্নটি দেখেছি। আমি আপনার উদ্বেগ বুঝতে পারছি। আপনার হার্নিয়া সার্জারির ইতিহাস রয়েছে এবং এখন অস্ত্রোপচার পরবর্তী সংক্রমণ হয়েছে। আপনি স্ট্রেপ্টোকক্কাল সংক্রমণে ভুগছেন। আপনার স্ট্রেপ্টোকক্কাল সংক্রমণ সাধারণ অ্যান্টিবায়োটিকের প্রতি প্রতিরোধী হতে পারে। আপনার কালচার এবং সেনসিটিভিটি পরীক্ষা করা উচিত। এটি অ্যান্টিবায়োটিক নির্বাচন করতে সাহায্য করবে। আপনার ডাক্তারের সাথে পরামর্শ করুন এবং সেই অনুযায়ী চিকিৎসা নিন। আশা করি আমি আপনার প্রশ্নের উত্তর দিতে পেরেছি, যদি আপনার কোনো সন্দেহ থাকে তবে আমার সাথে bit.ly/ Chat Doctor-এ যোগাযোগ করুন। নাসেনিয়া ডক ব্যবহার করার জন্য ধন্যবাদ। আপনার সুস্বাস্থ্য কামনা করি।"
15775,"হেলো, ডেইরি, আমি আপনার প্রশ্নটি দেখেছি। আমি আপনার উদ্বেগ বুঝতে পারছি। আপনার হার্নিয়া সার্জারির ইতিহাস রয়েছে এবং এখন অস্ত্রোপচার পরবর্তী সংক্রমণ হয়েছে। আপনি স্ট্রেপ্টোকক্কাল সংক্রমণে ভুগছেন। আপনার স্ট্রেপ্টোকক্কাল সংক্রমণ সাধারণ অ্যান্টিবায়োটিকের প্রতি প্রতিরোধী হতে পারে। আপনার কালচার এবং সেনসিটিভিটি পরীক্ষা করা উচিত। এটি অ্যান্টিবায়োটিক নির্বাচন করতে সাহায্য করবে। আপনার ডাক্তারের সাথে পরামর্শ করুন এবং সেই অনুযায়ী চিকিৎসা নিন। আশা করি আমি আপনার প্রশ্নের উত্তর দিতে পেরেছি, যদি আপনার কোনো সন্দেহ থাকে তবে আমার সাথে bit.ly/ Chat Doctor-এ যোগাযোগ করুন। নাসেনিয়া ডক ব্যবহার করার জন্য ধন্যবাদ। আপনার সুস্বাস্থ্য কামনা করি।"
98054,"হেলো, ডেইরি, আমি আপনার প্রশ্নটি দেখেছি। আমি আপনার উদ্বেগ বুঝতে পারছি। আপনার হার্নিয়া সার্জারির ইতিহাস রয়েছে এবং এখন অস্ত্রোপচার পরবর্তী সংক্রমণ হয়েছে। আপনি স্ট্রেপ্টোকক্কাল সংক্রমণে ভুগছেন। আপনার স্ট্রেপ্টোকক্কাল সংক্রমণ সাধারণ অ্যান্টিবায়োটিকের প্রতি প্রতিরোধী হতে পারে। আপনার কালচার এবং সেনসিটিভিটি পরীক্ষা করা উচিত। এটি অ্যান্টিবায়োটিক নির্বাচন করতে সাহায্য করবে। আপনার ডাক্তারের সাথে পরামর্শ করুন এবং সেই অনুযায়ী চিকিৎসা নিন। আশা করি আমি আপনার প্রশ্নের উত্তর দিতে পেরেছি, যদি আপনার কোনো সন্দেহ থাকে তবে আমার সাথে bit.ly/ Chat Doctor-এ যোগাযোগ করুন। নাসেনিয়া ডক ব্যবহার করার জন্য ধন্যবাদ। আপনার সুস্বাস্থ্য কামনা করি।"
55537,"হেলো, ডেইরি, আমি আপনার প্রশ্নটি দেখেছি। আমি আপনার উদ্বেগ বুঝতে পারছি। আপনার হার্নিয়া সার্জারির ইতিহাস রয়েছে এবং এখন অস্ত্রোপচার পরবর্তী সংক্রমণ হয়েছে। আপনি স্ট্রেপ্টোকক্কাল সংক্রমণে ভুগছেন। আপনার স্ট্রেপ্টোকক্কাল সংক্রমণ সাধারণ অ্যান্টিবায়োটিকের প্রতি প্রতিরোধী হতে পারে। আপনার কালচার এবং সেনসিটিভিটি পরীক্ষা করা উচিত। এটি অ্যান্টিবায়োটিক নির্বাচন করতে সাহায্য করবে। আপনার ডাক্তারের সাথে পরামর্শ করুন এবং সেই অনুযায়ী চিকিৎসা নিন। আশা করি আমি আপনার প্রশ্নের উত্তর দিতে পেরেছি, যদি আপনার কোনো সন্দেহ থাকে তবে আমার সাথে bit.ly/ Chat Doctor-এ যোগাযোগ করুন। নাসেনিয়া ডক ব্যবহার করার জন্য ধন্যবাদ। আপনার সুস্বাস্থ্য কামনা করি।"
68490,"হেলো, ডেইরি, আমি আপনার প্রশ্নটি দেখেছি। আমি আপনার উদ্বেগ বুঝতে পারছি। আপনার হার্নিয়া সার্জারির ইতিহাস রয়েছে এবং এখন অস্ত্রোপচার পরবর্তী সংক্রমণ হয়েছে। আপনি স্ট্রেপ্টোকক্কাল সংক্রমণে ভুগছেন। আপনার স্ট্রেপ্টোকক্কাল সংক্রমণ সাধারণ অ্যান্টিবায়োটিকের প্রতি প্রতিরোধী হতে পারে। আপনার কালচার এবং সেনসিটিভিটি পরীক্ষা করা উচিত। এটি অ্যান্টিবায়োটিক নির্বাচন করতে সাহায্য করবে। আপনার ডাক্তারের সাথে পরামর্শ করুন এবং সেই অনুযায়ী চিকিৎসা নিন। আশা করি আমি আপনার প্রশ্নের উত্তর দিতে পেরেছি, যদি আপনার কোনো সন্দেহ থাকে তবে আমার সাথে bit.ly/ Chat Doctor-এ যোগাযোগ করুন। নাসেনিয়া ডক ব্যবহার করার জন্য ধন্যবাদ। আপনার সুস্বাস্থ্য কামনা করি।"
42976,"হেলো, ডেইরি, আমি আপনার প্রশ্নটি দেখেছি। আমি আপনার উদ্বেগ বুঝতে পারছি। আপনার হার্নিয়া সার্জারির ইতিহাস রয়েছে এবং এখন অস্ত্রোপচার পরবর্তী সংক্রমণ হয়েছে। আপনি স্ট্রেপ্টোকক্কাল সংক্রমণে ভুগছেন। আপনার স্ট্রেপ্টোকক্কাল সংক্রমণ সাধারণ অ্যান্টিবায়োটিকের প্রতি প্রতিরোধী হতে পারে। আপনার কালচার এবং সেনসিটিভিটি পরীক্ষা করা উচিত। এটি অ্যান্টিবায়োটিক নির্বাচন করতে সাহায্য করবে। আপনার ডাক্তারের সাথে পরামর্শ করুন এবং সেই অনুযায়ী চিকিৎসা নিন। আশা করি আমি আপনার প্রশ্নের উত্তর দিতে পেরেছি, যদি আপনার কোনো সন্দেহ থাকে তবে আমার সাথে bit.ly/ Chat Doctor-এ যোগাযোগ করুন। নাসেনিয়া ডক ব্যবহার করার জন্য ধন্যবাদ। আপনার সুস্বাস্থ্য কামনা করি।"
23997,"হেলো, ডেইরি, আমি আপনার প্রশ্নটি দেখেছি। আমি আপনার উদ্বেগ বুঝতে পারছি। আপনার হার্নিয়া সার্জারির ইতিহাস রয়েছে এবং এখন অস্ত্রোপচার পরবর্তী সংক্রমণ হয়েছে। আপনি স্ট্রেপ্টোকক্কাল সংক্রমণে ভুগছেন। আপনার স্ট্রেপ্টোকক্কাল সংক্রমণ সাধারণ অ্যান্টিবায়োটিকের প্রতি প্রতিরোধী হতে পারে। আপনার কালচার এবং সেনসিটিভিটি পরীক্ষা করা উচিত। এটি অ্যান্টিবায়োটিক নির্বাচন করতে সাহায্য করবে। আপনার ডাক্তারের সাথে পরামর্শ করুন এবং সেই অনুযায়ী চিকিৎসা নিন। আশা করি আমি আপনার প্রশ্নের উত্তর দিতে পেরেছি, যদি আপনার কোনো সন্দেহ থাকে তবে আমার সাথে bit.ly/ Chat Doctor-এ যোগাযোগ করুন। নাসেনিয়া ডক ব্যবহার করার জন্য ধন্যবাদ। আপনার সুস্বাস্থ্য কামনা করি।"
14552,"হেলো, ডেইরি, আমি আপনার প্রশ্নটি দেখেছি। আমি আপনার উদ্বেগ বুঝতে পারছি। আপনার হার্নিয়া সার্জারির ইতিহাস রয়েছে এবং এখন অস্ত্রোপচার পরবর্তী সংক্রমণ হয়েছে। আপনি স্ট্রেপ্টোকক্কাল সংক্রমণে ভুগছেন। আপনার স্ট্রেপ্টোকক্কাল সংক্রমণ সাধারণ অ্যান্টিবায়োটিকের প্রতি প্রতিরোধী হতে পারে। আপনার কালচার এবং সেনসিটিভিটি পরীক্ষা করা উচিত। এটি অ্যান্টিবায়োটিক নির্বাচন করতে সাহায্য করবে। আপনার ডাক্তারের সাথে পরামর্শ করুন এবং সেই অনুযায়ী চিকিৎসা নিন। আশা করি আমি আপনার প্রশ্নের উত্তর দিতে পেরেছি, যদি আপনার কোনো সন্দেহ থাকে তবে আমার সাথে bit.ly/ Chat Doctor-এ যোগাযোগ করুন। নাসেনিয়া ডক ব্যবহার করার জন্য ধন্যবাদ। আপনার সুস্বাস্থ্য কামনা করি।"
40271,"হেলো, ডেইরি, আমি আপনার প্রশ্নটি দেখেছি। আমি আপনার উদ্বেগ বুঝতে পারছি। আপনার হার্নিয়া সার্জারির ইতিহাস রয়েছে এবং এখন অস্ত্রোপচার পরবর্তী সংক্রমণ হয়েছে। আপনি স্ট্রেপ্টোকক্কাল সংক্রমণে ভুগছেন। আপনার স্ট্রেপ্টোকক্কাল সংক্রমণ সাধারণ অ্যান্টিবায়োটিকের প্রতি প্রতিরোধী হতে পারে। আপনার কালচার এবং সেনসিটিভিটি পরীক্ষা করা উচিত। এটি অ্যান্টিবায়োটিক নির্বাচন করতে সাহায্য করবে। আপনার ডাক্তারের সাথে পরামর্শ করুন এবং সেই অনুযায়ী চিকিৎসা নিন। আশা করি আমি আপনার প্রশ্নের উত্তর দিতে পেরেছি, যদি আপনার কোনো সন্দেহ থাকে তবে আমার সাথে bit.ly/ Chat Doctor-এ যোগাযোগ করুন। নাসেনিয়া ডক ব্যবহার করার জন্য ধন্যবাদ। আপনার সুস্বাস্থ্য কামনা করি।"
981,"হেলো, ডেইরি, আমি আপনার প্রশ্নটি দেখেছি। আমি আপনার উদ্বেগ বুঝতে পারছি। আপনার হার্নিয়া সার্জারির ইতিহাস রয়েছে এবং এখন অস্ত্রোপচার পরবর্তী সংক্রমণ হয়েছে। আপনি স্ট্রেপ্টোকক্কাল সংক্রমণে ভুগছেন। আপনার স্ট্রেপ্টোকক্কাল সংক্রমণ সাধারণ অ্যান্টিবায়োটিকের প্রতি প্রতিরোধী হতে পারে। আপনার কালচার এবং সেনসিটিভিটি পরীক্ষা করা উচিত। এটি অ্যান্টিবায়োটিক নির্বাচন করতে সাহায্য করবে। আপনার ডাক্তারের সাথে পরামর্শ করুন এবং সেই অনুযায়ী চিকিৎসা নিন। আশা করি আমি আপনার প্রশ্নের উত্তর দিতে পেরেছি, যদি আপনার কোনো সন্দেহ থাকে তবে আমার সাথে bit.ly/ Chat Doctor-এ যোগাযোগ করুন। নাসেনিয়া ডক ব্যবহার করার জন্য ধন্যবাদ। আপনার সুস্বাস্থ্য কামনা করি।"
101238,"হেলো, ডেইরি, আমি আপনার প্রশ্নটি দেখেছি। আমি আপনার উদ্বেগ বুঝতে পারছি। আপনার হার্নিয়া সার্জারির ইতিহাস রয়েছে এবং এখন অস্ত্রোপচার পরবর্তী সংক্রমণ হয়েছে। আপনি স্ট্রেপ্টোকক্কাল সংক্রমণে ভুগছেন। আপনার স্ট্রেপ্টোকক্কাল সংক্রমণ সাধারণ অ্যান্টিবায়োটিকের প্রতি প্রতিরোধী হতে পারে। আপনার কালচার এবং সেনসিটিভিটি পরীক্ষা করা উচিত। এটি অ্যান্টিবায়োটিক নির্বাচন করতে সাহায্য করবে। আপনার ডাক্তারের সাথে পরামর্শ করুন এবং সেই অনুযায়ী চিকিৎসা নিন। আশা করি আমি আপনার প্রশ্নের উত্তর দিতে পেরেছি, যদি আপনার কোনো সন্দেহ থাকে তবে আমার সাথে bit.ly/ Chat Doctor-এ যোগাযোগ করুন। নাসেনিয়া ডক ব্যবহার করার জন্য ধন্যবাদ। আপনার সুস্বাস্থ্য কামনা করি।"
105077,"হেলো, ডেইরি, আমি আপনার প্রশ্নটি দেখেছি। আমি আপনার উদ্বেগ বুঝতে পারছি। আপনার হার্নিয়া সার্জারির ইতিহাস রয়েছে এবং এখন অস্ত্রোপচার পরবর্তী সংক্রমণ হয়েছে। আপনি স্ট্রেপ্টোকক্কাল সংক্রমণে ভুগছেন। আপনার স্ট্রেপ্টোকক্কাল সংক্রমণ সাধারণ অ্যান্টিবায়োটিকের প্রতি প্রতিরোধী হতে পারে। আপনার কালচার এবং সেনসিটিভিটি পরীক্ষা করা উচিত। এটি অ্যান্টিবায়োটিক নির্বাচন করতে সাহায্য করবে। আপনার ডাক্তারের সাথে পরামর্শ করুন এবং সেই অনুযায়ী চিকিৎসা নিন। আশা করি আমি আপনার প্রশ্নের উত্তর দিতে পেরেছি, যদি আপনার কোনো সন্দেহ থাকে তবে আমার সাথে bit.ly/ Chat Doctor-এ যোগাযোগ করুন। নাসেনিয়া ডক ব্যবহার করার জন্য ধন্যবাদ। আপনার সুস্বাস্থ্য কামনা করি।"
84121,"হেলো, ডেইরি, আমি আপনার প্রশ্নটি দেখেছি। আমি আপনার উদ্বেগ বুঝতে পারছি। আপনার হার্নিয়া সার্জারির ইতিহাস রয়েছে এবং এখন অস্ত্রোপচার পরবর্তী সংক্রমণ হয়েছে। আপনি স্ট্রেপ্টোকক্কাল সংক্রমণে ভুগছেন। আপনার স্ট্রেপ্টোকক্কাল সংক্রমণ সাধারণ অ্যান্টিবায়োটিকের প্রতি প্রতিরোধী হতে পারে। আপনার কালচার এবং সেনসিটিভিটি পরীক্ষা করা উচিত। এটি অ্যান্টিবায়োটিক নির্বাচন করতে সাহায্য করবে। আপনার ডাক্তারের সাথে পরামর্শ করুন এবং সেই অনুযায়ী চিকিৎসা নিন। আশা করি আমি আপনার প্রশ্নের উত্তর দিতে পেরেছি, যদি আপনার কোনো সন্দেহ থাকে তবে আমার সাথে bit.ly/ Chat Doctor-এ যোগাযোগ করুন। নাসেনিয়া ডক ব্যবহার করার জন্য ধন্যবাদ। আপনার সুস্বাস্থ্য কামনা করি।"
44433,"হেলো, ডেইরি, আমি আপনার প্রশ্নটি দেখেছি। আমি আপনার উদ্বেগ বুঝতে পারছি। আপনার হার্নিয়া সার্জারির ইতিহাস রয়েছে এবং এখন অস্ত্রোপচার পরবর্তী সংক্রমণ হয়েছে। আপনি স্ট্রেপ্টোকক্কাল সংক্রমণে ভুগছেন। আপনার স্ট্রেপ্টোকক্কাল সংক্রমণ সাধারণ অ্যান্টিবায়োটিকের প্রতি প্রতিরোধী হতে পারে। আপনার কালচার এবং সেনসিটিভিটি পরীক্ষা করা উচিত। এটি অ্যান্টিবায়োটিক নির্বাচন করতে সাহায্য করবে। আপনার ডাক্তারের সাথে পরামর্শ করুন এবং সেই অনুযায়ী চিকিৎসা নিন। আশা করি আমি আপনার প্রশ্নের উত্তর দিতে পেরেছি, যদি আপনার কোনো সন্দেহ থাকে তবে আমার সাথে bit.ly/ Chat Doctor-এ যোগাযোগ করুন। নাসেনিয়া ডক ব্যবহার করার জন্য ধন্যবাদ। আপনার সুস্বাস্থ্য কামনা করি।"
37726,"হেলো, ডেইরি, আমি আপনার প্রশ্নটি দেখেছি। আমি আপনার উদ্বেগ বুঝতে পারছি। আপনার হার্নিয়া সার্জারির ইতিহাস রয়েছে এবং এখন অস্ত্রোপচার পরবর্তী সংক্রমণ হয়েছে। আপনি স্ট্রেপ্টোকক্কাল সংক্রমণে ভুগছেন। আপনার স্ট্রেপ্টোকক্কাল সংক্রমণ সাধারণ অ্যান্টিবায়োটিকের প্রতি প্রতিরোধী হতে পারে। আপনার কালচার এবং সেনসিটিভিটি পরীক্ষা করা উচিত। এটি অ্যান্টিবায়োটিক নির্বাচন করতে সাহায্য করবে। আপনার ডাক্তারের সাথে পরামর্শ করুন এবং সেই অনুযায়ী চিকিৎসা নিন। আশা করি আমি আপনার প্রশ্নের উত্তর দিতে পেরেছি, যদি আপনার কোনো সন্দেহ থাকে তবে আমার সাথে bit.ly/ Chat Doctor-এ যোগাযোগ করুন। নাসেনিয়া ডক ব্যবহার করার জন্য ধন্যবাদ। আপনার সুস্বাস্থ্য কামনা করি।"
40921,"হেলো, ডেইরি, আমি আপনার প্রশ্নটি দেখেছি। আমি আপনার উদ্বেগ বুঝতে পারছি। আপনার হার্নিয়া সার্জারির ইতিহাস রয়েছে এবং এখন অস্ত্রোপচার পরবর্তী সংক্রমণ হয়েছে। আপনি স্ট্রেপ্টোকক্কাল সংক্রমণে ভুগছেন। আপনার স্ট্রেপ্টোকক্কাল সংক্রমণ সাধারণ অ্যান্টিবায়োটিকের প্রতি প্রতিরোধী হতে পারে। আপনার কালচার এবং সেনসিটিভিটি পরীক্ষা করা উচিত। এটি অ্যান্টিবায়োটিক নির্বাচন করতে সাহায্য করবে। আপনার ডাক্তারের সাথে পরামর্শ করুন এবং সেই অনুযায়ী চিকিৎসা নিন। আশা করি আমি আপনার প্রশ্নের উত্তর দিতে পেরেছি, যদি আপনার কোনো সন্দেহ থাকে তবে আমার সাথে bit.ly/ Chat Doctor-এ যোগাযোগ করুন। নাসেনিয়া ডক ব্যবহার করার জন্য ধন্যবাদ। আপনার সুস্বাস্থ্য কামনা করি।"
50357,"হেলো, ডেইরি, আমি আপনার প্রশ্নটি দেখেছি। আমি আপনার উদ্বেগ বুঝতে পারছি। আপনার হার্নিয়া সার্জারির ইতিহাস রয়েছে এবং এখন অস্ত্রোপচার পরবর্তী সংক্রমণ হয়েছে। আপনি স্ট্রেপ্টোকক্কাল সংক্রমণে ভুগছেন। আপনার স্ট্রেপ্টোকক্কাল সংক্রমণ সাধারণ অ্যান্টিবায়োটিকের প্রতি প্রতিরোধী হতে পারে। আপনার কালচার এবং সেনসিটিভিটি পরীক্ষা করা উচিত। এটি অ্যান্টিবায়োটিক নির্বাচন করতে সাহায্য করবে। আপনার ডাক্তারের সাথে পরামর্শ করুন এবং সেই অনুযায়ী চিকিৎসা নিন। আশা করি আমি আপনার প্রশ্নের উত্তর দিতে পেরেছি, যদি আপনার কোনো সন্দেহ থাকে তবে আমার সাথে bit.ly/ Chat Doctor-এ যোগাযোগ করুন। নাসেনিয়া ডক ব্যবহার করার জন্য ধন্যবাদ। আপনার সুস্বাস্থ্য কামনা করি।"
86628,"হেলো, ডেইরি, আমি আপনার প্রশ্নটি দেখেছি। আমি আপনার উদ্বেগ বুঝতে পারছি। আপনার হার্নিয়া সার্জারির ইতিহাস রয়েছে এবং এখন অস্ত্রোপচার পরবর্তী সংক্রমণ হয়েছে। আপনি স্ট্রেপ্টোকক্কাল সংক্রমণে ভুগছেন। আপনার স্ট্রেপ্টোকক্কাল সংক্রমণ সাধারণ অ্যান্টিবায়োটিকের প্রতি প্রতিরোধী হতে পারে। আপনার কালচার এবং সেনসিটিভিটি পরীক্ষা করা উচিত। এটি অ্যান্টিবায়োটিক নির্বাচন করতে সাহায্য করবে। আপনার ডাক্তারের সাথে পরামর্শ করুন এবং সেই অনুযায়ী চিকিৎসা নিন। আশা করি আমি আপনার প্রশ্নের উত্তর দিতে পেরেছি, যদি আপনার কোনো সন্দেহ থাকে তবে আমার সাথে bit.ly/ Chat Doctor-এ যোগাযোগ করুন। নাসেনিয়া ডক ব্যবহার করার জন্য ধন্যবাদ। আপনার সুস্বাস্থ্য কামনা করি।"
101637,"হেলো, ডেইরি, আমি আপনার প্রশ্নটি দেখেছি। আমি আপনার উদ্বেগ বুঝতে পারছি। আপনার হার্নিয়া সার্জারির ইতিহাস রয়েছে এবং এখন অস্ত্রোপচার পরবর্তী সংক্রমণ হয়েছে। আপনি স্ট্রেপ্টোকক্কাল সংক্রমণে ভুগছেন। আপনার স্ট্রেপ্টোকক্কাল সংক্রমণ সাধারণ অ্যান্টিবায়োটিকের প্রতি প্রতিরোধী হতে পারে। আপনার কালচার এবং সেনসিটিভিটি পরীক্ষা করা উচিত। এটি অ্যান্টিবায়োটিক নির্বাচন করতে সাহায্য করবে। আপনার ডাক্তারের সাথে পরামর্শ করুন এবং সেই অনুযায়ী চিকিৎসা নিন। আশা করি আমি আপনার প্রশ্নের উত্তর দিতে পেরেছি, যদি আপনার কোনো সন্দেহ থাকে তবে আমার সাথে bit.ly/ Chat Doctor-এ যোগাযোগ করুন। নাসেনিয়া ডক ব্যবহার করার জন্য ধন্যবাদ। আপনার সুস্বাস্থ্য কামনা করি।"
32693,"হেলো, ডেইরি, আমি আপনার প্রশ্নটি দেখেছি। আমি আপনার উদ্বেগ বুঝতে পারছি। আপনার হার্নিয়া সার্জারির ইতিহাস রয়েছে এবং এখন অস্ত্রোপচার পরবর্তী সংক্রমণ হয়েছে। আপনি স্ট্রেপ্টোকক্কাল সংক্রমণে ভুগছেন। আপনার স্ট্রেপ্টোকক্কাল সংক্রমণ সাধারণ অ্যান্টিবায়োটিকের প্রতি প্রতিরোধী হতে পারে। আপনার কালচার এবং সেনসিটিভিটি পরীক্ষা করা উচিত। এটি অ্যান্টিবায়োটিক নির্বাচন করতে সাহায্য করবে। আপনার ডাক্তারের সাথে পরামর্শ করুন এবং সেই অনুযায়ী চিকিৎসা নিন। আশা করি আমি আপনার প্রশ্নের উত্তর দিতে পেরেছি, যদি আপনার কোনো সন্দেহ থাকে তবে আমার সাথে bit.ly/ Chat Doctor-এ যোগাযোগ করুন। নাসেনিয়া ডক ব্যবহার করার জন্য ধন্যবাদ। আপনার সুস্বাস্থ্য কামনা করি।"
44939,"হেলো, ডেইরি, আমি আপনার প্রশ্নটি দেখেছি। আমি আপনার উদ্বেগ বুঝতে পারছি। আপনার হার্নিয়া সার্জারির ইতিহাস রয়েছে এবং এখন অস্ত্রোপচার পরবর্তী সংক্রমণ হয়েছে। আপনি স্ট্রেপ্টোকক্কাল সংক্রমণে ভুগছেন। আপনার স্ট্রেপ্টোকক্কাল সংক্রমণ সাধারণ অ্যান্টিবায়োটিকের প্রতি প্রতিরোধী হতে পারে। আপনার কালচার এবং সেনসিটিভিটি পরীক্ষা করা উচিত। এটি অ্যান্টিবায়োটিক নির্বাচন করতে সাহায্য করবে। আপনার ডাক্তারের সাথে পরামর্শ করুন এবং সেই অনুযায়ী চিকিৎসা নিন। আশা করি আমি আপনার প্রশ্নের উত্তর দিতে পেরেছি, যদি আপনার কোনো সন্দেহ থাকে তবে আমার সাথে bit.ly/ Chat Doctor-এ যোগাযোগ করুন। নাসেনিয়া ডক ব্যবহার করার জন্য ধন্যবাদ। আপনার সুস্বাস্থ্য কামনা করি।"
3285,"হেলো, ডেইরি, আমি আপনার প্রশ্নটি দেখেছি। আমি আপনার উদ্বেগ বুঝতে পারছি। আপনার হার্নিয়া সার্জারির ইতিহাস রয়েছে এবং এখন অস্ত্রোপচার পরবর্তী সংক্রমণ হয়েছে। আপনি স্ট্রেপ্টোকক্কাল সংক্রমণে ভুগছেন। আপনার স্ট্রেপ্টোকক্কাল সংক্রমণ সাধারণ অ্যান্টিবায়োটিকের প্রতি প্রতিরোধী হতে পারে। আপনার কালচার এবং সেনসিটিভিটি পরীক্ষা করা উচিত। এটি অ্যান্টিবায়োটিক নির্বাচন করতে সাহায্য করবে। আপনার ডাক্তারের সাথে পরামর্শ করুন এবং সেই অনুযায়ী চিকিৎসা নিন। আশা করি আমি আপনার প্রশ্নের উত্তর দিতে পেরেছি, যদি আপনার কোনো সন্দেহ থাকে তবে আমার সাথে bit.ly/ Chat Doctor-এ যোগাযোগ করুন। নাসেনিয়া ডক ব্যবহার করার জন্য ধন্যবাদ। আপনার সুস্বাস্থ্য কামনা করি।"
63425,"হেলো, ডেইরি, আমি আপনার প্রশ্নটি দেখেছি। আমি আপনার উদ্বেগ বুঝতে পারছি। আপনার হার্নিয়া সার্জারির ইতিহাস রয়েছে এবং এখন অস্ত্রোপচার পরবর্তী সংক্রমণ হয়েছে। আপনি স্ট্রেপ্টোকক্কাল সংক্রমণে ভুগছেন। আপনার স্ট্রেপ্টোকক্কাল সংক্রমণ সাধারণ অ্যান্টিবায়োটিকের প্রতি প্রতিরোধী হতে পারে। আপনার কালচার এবং সেনসিটিভিটি পরীক্ষা করা উচিত। এটি অ্যান্টিবায়োটিক নির্বাচন করতে সাহায্য করবে। আপনার ডাক্তারের সাথে পরামর্শ করুন এবং সেই অনুযায়ী চিকিৎসা নিন। আশা করি আমি আপনার প্রশ্নের উত্তর দিতে পেরেছি, যদি আপনার কোনো সন্দেহ থাকে তবে আমার সাথে bit.ly/ Chat Doctor-এ যোগাযোগ করুন। নাসেনিয়া ডক ব্যবহার করার জন্য ধন্যবাদ। আপনার সুস্বাস্থ্য কামনা করি।"
23145,"হেলো, ডেইরি, আমি আপনার প্রশ্নটি দেখেছি। আমি আপনার উদ্বেগ বুঝতে পারছি। আপনার হার্নিয়া সার্জারির ইতিহাস রয়েছে এবং এখন অস্ত্রোপচার পরবর্তী সংক্রমণ হয়েছে। আপনি স্ট্রেপ্টোকক্কাল সংক্রমণে ভুগছেন। আপনার স্ট্রেপ্টোকক্কাল সংক্রমণ সাধারণ অ্যান্টিবায়োটিকের প্রতি প্রতিরোধী হতে পারে। আপনার কালচার এবং সেনসিটিভিটি পরীক্ষা করা উচিত। এটি অ্যান্টিবায়োটিক নির্বাচন করতে সাহায্য করবে। আপনার ডাক্তারের সাথে পরামর্শ করুন এবং সেই অনুযায়ী চিকিৎসা নিন। আশা করি আমি আপনার প্রশ্নের উত্তর দিতে পেরেছি, যদি আপনার কোনো সন্দেহ থাকে তবে আমার সাথে bit.ly/ Chat Doctor-এ যোগাযোগ করুন। নাসেনিয়া ডক ব্যবহার করার জন্য ধন্যবাদ। আপনার সুস্বাস্থ্য কামনা করি।"
109517,"হেলো, ডেইরি, আমি আপনার প্রশ্নটি দেখেছি। আমি আপনার উদ্বেগ বুঝতে পারছি। আপনার হার্নিয়া সার্জারির ইতিহাস রয়েছে এবং এখন অস্ত্রোপচার পরবর্তী সংক্রমণ হয়েছে। আপনি স্ট্রেপ্টোকক্কাল সংক্রমণে ভুগছেন। আপনার স্ট্রেপ্টোকক্কাল সংক্রমণ সাধারণ অ্যান্টিবায়োটিকের প্রতি প্রতিরোধী হতে পারে। আপনার কালচার এবং সেনসিটিভিটি পরীক্ষা করা উচিত। এটি অ্যান্টিবায়োটিক নির্বাচন করতে সাহায্য করবে। আপনার ডাক্তারের সাথে পরামর্শ করুন এবং সেই অনুযায়ী চিকিৎসা নিন। আশা করি আমি আপনার প্রশ্নের উত্তর দিতে পেরেছি, যদি আপনার কোনো সন্দেহ থাকে তবে আমার সাথে bit.ly/ Chat Doctor-এ যোগাযোগ করুন। নাসেনিয়া ডক ব্যবহার করার জন্য ধন্যবাদ। আপনার সুস্বাস্থ্য কামনা করি।"
93307,"হেলো, ডেইরি, আমি আপনার প্রশ্নটি দেখেছি। আমি আপনার উদ্বেগ বুঝতে পারছি। আপনার হার্নিয়া সার্জারির ইতিহাস রয়েছে এবং এখন অস্ত্রোপচার পরবর্তী সংক্রমণ হয়েছে। আপনি স্ট্রেপ্টোকক্কাল সংক্রমণে ভুগছেন। আপনার স্ট্রেপ্টোকক্কাল সংক্রমণ সাধারণ অ্যান্টিবায়োটিকের প্রতি প্রতিরোধী হতে পারে। আপনার কালচার এবং সেনসিটিভিটি পরীক্ষা করা উচিত। এটি অ্যান্টিবায়োটিক নির্বাচন করতে সাহায্য করবে। আপনার ডাক্তারের সাথে পরামর্শ করুন এবং সেই অনুযায়ী চিকিৎসা নিন। আশা করি আমি আপনার প্রশ্নের উত্তর দিতে পেরেছি, যদি আপনার কোনো সন্দেহ থাকে তবে আমার সাথে bit.ly/ Chat Doctor-এ যোগাযোগ করুন। নাসেনিয়া ডক ব্যবহার করার জন্য ধন্যবাদ। আপনার সুস্বাস্থ্য কামনা করি।"
62680,"হেলো, ডেইরি, আমি আপনার প্রশ্নটি দেখেছি। আমি আপনার উদ্বেগ বুঝতে পারছি। আপনার হার্নিয়া সার্জারির ইতিহাস রয়েছে এবং এখন অস্ত্রোপচার পরবর্তী সংক্রমণ হয়েছে। আপনি স্ট্রেপ্টোকক্কাল সংক্রমণে ভুগছেন। আপনার স্ট্রেপ্টোকক্কাল সংক্রমণ সাধারণ অ্যান্টিবায়োটিকের প্রতি প্রতিরোধী হতে পারে। আপনার কালচার এবং সেনসিটিভিটি পরীক্ষা করা উচিত। এটি অ্যান্টিবায়োটিক নির্বাচন করতে সাহায্য করবে। আপনার ডাক্তারের সাথে পরামর্শ করুন এবং সেই অনুযায়ী চিকিৎসা নিন। আশা করি আমি আপনার প্রশ্নের উত্তর দিতে পেরেছি, যদি আপনার কোনো সন্দেহ থাকে তবে আমার সাথে bit.ly/ Chat Doctor-এ যোগাযোগ করুন। নাসেনিয়া ডক ব্যবহার করার জন্য ধন্যবাদ। আপনার সুস্বাস্থ্য কামনা করি।"
83602,"হেলো, ডেইরি, আমি আপনার প্রশ্নটি দেখেছি। আমি আপনার উদ্বেগ বুঝতে পারছি। আপনার হার্নিয়া সার্জারির ইতিহাস রয়েছে এবং এখন অস্ত্রোপচার পরবর্তী সংক্রমণ হয়েছে। আপনি স্ট্রেপ্টোকক্কাল সংক্রমণে ভুগছেন। আপনার স্ট্রেপ্টোকক্কাল সংক্রমণ সাধারণ অ্যান্টিবায়োটিকের প্রতি প্রতিরোধী হতে পারে। আপনার কালচার এবং সেনসিটিভিটি পরীক্ষা করা উচিত। এটি অ্যান্টিবায়োটিক নির্বাচন করতে সাহায্য করবে। আপনার ডাক্তারের সাথে পরামর্শ করুন এবং সেই অনুযায়ী চিকিৎসা নিন। আশা করি আমি আপনার প্রশ্নের উত্তর দিতে পেরেছি, যদি আপনার কোনো সন্দেহ থাকে তবে আমার সাথে bit.ly/ Chat Doctor-এ যোগাযোগ করুন। নাসেনিয়া ডক ব্যবহার করার জন্য ধন্যবাদ। আপনার সুস্বাস্থ্য কামনা করি।"
60260,"হেলো, ডেইরি, আমি আপনার প্রশ্নটি দেখেছি। আমি আপনার উদ্বেগ বুঝতে পারছি। আপনার হার্নিয়া সার্জারির ইতিহাস রয়েছে এবং এখন অস্ত্রোপচার পরবর্তী সংক্রমণ হয়েছে। আপনি স্ট্রেপ্টোকক্কাল সংক্রমণে ভুগছেন। আপনার স্ট্রেপ্টোকক্কাল সংক্রমণ সাধারণ অ্যান্টিবায়োটিকের প্রতি প্রতিরোধী হতে পারে। আপনার কালচার এবং সেনসিটিভিটি পরীক্ষা করা উচিত। এটি অ্যান্টিবায়োটিক নির্বাচন করতে সাহায্য করবে। আপনার ডাক্তারের সাথে পরামর্শ করুন এবং সেই অনুযায়ী চিকিৎসা নিন। আশা করি আমি আপনার প্রশ্নের উত্তর দিতে পেরেছি, যদি আপনার কোনো সন্দেহ থাকে তবে আমার সাথে bit.ly/ Chat Doctor-এ যোগাযোগ করুন। নাসেনিয়া ডক ব্যবহার করার জন্য ধন্যবাদ। আপনার সুস্বাস্থ্য কামনা করি।"
108357,"হেলো, ডেইরি, আমি আপনার প্রশ্নটি দেখেছি। আমি আপনার উদ্বেগ বুঝতে পারছি। আপনার হার্নিয়া সার্জারির ইতিহাস রয়েছে এবং এখন অস্ত্রোপচার পরবর্তী সংক্রমণ হয়েছে। আপনি স্ট্রেপ্টোকক্কাল সংক্রমণে ভুগছেন। আপনার স্ট্রেপ্টোকক্কাল সংক্রমণ সাধারণ অ্যান্টিবায়োটিকের প্রতি প্রতিরোধী হতে পারে। আপনার কালচার এবং সেনসিটিভিটি পরীক্ষা করা উচিত। এটি অ্যান্টিবায়োটিক নির্বাচন করতে সাহায্য করবে। আপনার ডাক্তারের সাথে পরামর্শ করুন এবং সেই অনুযায়ী চিকিৎসা নিন। আশা করি আমি আপনার প্রশ্নের উত্তর দিতে পেরেছি, যদি আপনার কোনো সন্দেহ থাকে তবে আমার সাথে bit.ly/ Chat Doctor-এ যোগাযোগ করুন। নাসেনিয়া ডক ব্যবহার করার জন্য ধন্যবাদ। আপনার সুস্বাস্থ্য কামনা করি।"
32329,"হেলো, ডেইরি, আমি আপনার প্রশ্নটি দেখেছি। আমি আপনার উদ্বেগ বুঝতে পারছি। আপনার হার্নিয়া সার্জারির ইতিহাস রয়েছে এবং এখন অস্ত্রোপচার পরবর্তী সংক্রমণ হয়েছে। আপনি স্ট্রেপ্টোকক্কাল সংক্রমণে ভুগছেন। আপনার স্ট্রেপ্টোকক্কাল সংক্রমণ সাধারণ অ্যান্টিবায়োটিকের প্রতি প্রতিরোধী হতে পারে। আপনার কালচার এবং সেনসিটিভিটি পরীক্ষা করা উচিত। এটি অ্যান্টিবায়োটিক নির্বাচন করতে সাহায্য করবে। আপনার ডাক্তারের সাথে পরামর্শ করুন এবং সেই অনুযায়ী চিকিৎসা নিন। আশা করি আমি আপনার প্রশ্নের উত্তর দিতে পেরেছি, যদি আপনার কোনো সন্দেহ থাকে তবে আমার সাথে bit.ly/ Chat Doctor-এ যোগাযোগ করুন। নাসেনিয়া ডক ব্যবহার করার জন্য ধন্যবাদ। আপনার সুস্বাস্থ্য কামনা করি।"
27759,"হেলো, ডেইরি, আমি আপনার প্রশ্নটি দেখেছি। আমি আপনার উদ্বেগ বুঝতে পারছি। আপনার হার্নিয়া সার্জারির ইতিহাস রয়েছে এবং এখন অস্ত্রোপচার পরবর্তী সংক্রমণ হয়েছে। আপনি স্ট্রেপ্টোকক্কাল সংক্রমণে ভুগছেন। আপনার স্ট্রেপ্টোকক্কাল সংক্রমণ সাধারণ অ্যান্টিবায়োটিকের প্রতি প্রতিরোধী হতে পারে। আপনার কালচার এবং সেনসিটিভিটি পরীক্ষা করা উচিত। এটি অ্যান্টিবায়োটিক নির্বাচন করতে সাহায্য করবে। আপনার ডাক্তারের সাথে পরামর্শ করুন এবং সেই অনুযায়ী চিকিৎসা নিন। আশা করি আমি আপনার প্রশ্নের উত্তর দিতে পেরেছি, যদি আপনার কোনো সন্দেহ থাকে তবে আমার সাথে bit.ly/ Chat Doctor-এ যোগাযোগ করুন। নাসেনিয়া ডক ব্যবহার করার জন্য ধন্যবাদ। আপনার সুস্বাস্থ্য কামনা করি।"
32680,"হেলো, ডেইরি, আমি আপনার প্রশ্নটি দেখেছি। আমি আপনার উদ্বেগ বুঝতে পারছি। আপনার হার্নিয়া সার্জারির ইতিহাস রয়েছে এবং এখন অস্ত্রোপচার পরবর্তী সংক্রমণ হয়েছে। আপনি স্ট্রেপ্টোকক্কাল সংক্রমণে ভুগছেন। আপনার স্ট্রেপ্টোকক্কাল সংক্রমণ সাধারণ অ্যান্টিবায়োটিকের প্রতি প্রতিরোধী হতে পারে। আপনার কালচার এবং সেনসিটিভিটি পরীক্ষা করা উচিত। এটি অ্যান্টিবায়োটিক নির্বাচন করতে সাহায্য করবে। আপনার ডাক্তারের সাথে পরামর্শ করুন এবং সেই অনুযায়ী চিকিৎসা নিন। আশা করি আমি আপনার প্রশ্নের উত্তর দিতে পেরেছি, যদি আপনার কোনো সন্দেহ থাকে তবে আমার সাথে bit.ly/ Chat Doctor-এ যোগাযোগ করুন। নাসেনিয়া ডক ব্যবহার করার জন্য ধন্যবাদ। আপনার সুস্বাস্থ্য কামনা করি।"
22287,"হেলো, ডেইরি, আমি আপনার প্রশ্নটি দেখেছি। আমি আপনার উদ্বেগ বুঝতে পারছি। আপনার হার্নিয়া সার্জারির ইতিহাস রয়েছে এবং এখন অস্ত্রোপচার পরবর্তী সংক্রমণ হয়েছে। আপনি স্ট্রেপ্টোকক্কাল সংক্রমণে ভুগছেন। আপনার স্ট্রেপ্টোকক্কাল সংক্রমণ সাধারণ অ্যান্টিবায়োটিকের প্রতি প্রতিরোধী হতে পারে। আপনার কালচার এবং সেনসিটিভিটি পরীক্ষা করা উচিত। এটি অ্যান্টিবায়োটিক নির্বাচন করতে সাহায্য করবে। আপনার ডাক্তারের সাথে পরামর্শ করুন এবং সেই অনুযায়ী চিকিৎসা নিন। আশা করি আমি আপনার প্রশ্নের উত্তর দিতে পেরেছি, যদি আপনার কোনো সন্দেহ থাকে তবে আমার সাথে bit.ly/ Chat Doctor-এ যোগাযোগ করুন। নাসেনিয়া ডক ব্যবহার করার জন্য ধন্যবাদ। আপনার সুস্বাস্থ্য কামনা করি।"
44136,"হেলো, ডেইরি, আমি আপনার প্রশ্নটি দেখেছি। আমি আপনার উদ্বেগ বুঝতে পারছি। আপনার হার্নিয়া সার্জারির ইতিহাস রয়েছে এবং এখন অস্ত্রোপচার পরবর্তী সংক্রমণ হয়েছে। আপনি স্ট্রেপ্টোকক্কাল সংক্রমণে ভুগছেন। আপনার স্ট্রেপ্টোকক্কাল সংক্রমণ সাধারণ অ্যান্টিবায়োটিকের প্রতি প্রতিরোধী হতে পারে। আপনার কালচার এবং সেনসিটিভিটি পরীক্ষা করা উচিত। এটি অ্যান্টিবায়োটিক নির্বাচন করতে সাহায্য করবে। আপনার ডাক্তারের সাথে পরামর্শ করুন এবং সেই অনুযায়ী চিকিৎসা নিন। আশা করি আমি আপনার প্রশ্নের উত্তর দিতে পেরেছি, যদি আপনার কোনো সন্দেহ থাকে তবে আমার সাথে bit.ly/ Chat Doctor-এ যোগাযোগ করুন। নাসেনিয়া ডক ব্যবহার করার জন্য ধন্যবাদ। আপনার সুস্বাস্থ্য কামনা করি।"
29580,"হেলো, ডেইরি, আমি আপনার প্রশ্নটি দেখেছি। আমি আপনার উদ্বেগ বুঝতে পারছি। আপনার হার্নিয়া সার্জারির ইতিহাস রয়েছে এবং এখন অস্ত্রোপচার পরবর্তী সংক্রমণ হয়েছে। আপনি স্ট্রেপ্টোকক্কাল সংক্রমণে ভুগছেন। আপনার স্ট্রেপ্টোকক্কাল সংক্রমণ সাধারণ অ্যান্টিবায়োটিকের প্রতি প্রতিরোধী হতে পারে। আপনার কালচার এবং সেনসিটিভিটি পরীক্ষা করা উচিত। এটি অ্যান্টিবায়োটিক নির্বাচন করতে সাহায্য করবে। আপনার ডাক্তারের সাথে পরামর্শ করুন এবং সেই অনুযায়ী চিকিৎসা নিন। আশা করি আমি আপনার প্রশ্নের উত্তর দিতে পেরেছি, যদি আপনার কোনো সন্দেহ থাকে তবে আমার সাথে bit.ly/ Chat Doctor-এ যোগাযোগ করুন। নাসেনিয়া ডক ব্যবহার করার জন্য ধন্যবাদ। আপনার সুস্বাস্থ্য কামনা করি।"
51518,"হেলো, ডেইরি, আমি আপনার প্রশ্নটি দেখেছি। আমি আপনার উদ্বেগ বুঝতে পারছি। আপনার হার্নিয়া সার্জারির ইতিহাস রয়েছে এবং এখন অস্ত্রোপচার পরবর্তী সংক্রমণ হয়েছে। আপনি স্ট্রেপ্টোকক্কাল সংক্রমণে ভুগছেন। আপনার স্ট্রেপ্টোকক্কাল সংক্রমণ সাধারণ অ্যান্টিবায়োটিকের প্রতি প্রতিরোধী হতে পারে। আপনার কালচার এবং সেনসিটিভিটি পরীক্ষা করা উচিত। এটি অ্যান্টিবায়োটিক নির্বাচন করতে সাহায্য করবে। আপনার ডাক্তারের সাথে পরামর্শ করুন এবং সেই অনুযায়ী চিকিৎসা নিন। আশা করি আমি আপনার প্রশ্নের উত্তর দিতে পেরেছি, যদি আপনার কোনো সন্দেহ থাকে তবে আমার সাথে bit.ly/ Chat Doctor-এ যোগাযোগ করুন। নাসেনিয়া ডক ব্যবহার করার জন্য ধন্যবাদ। আপনার সুস্বাস্থ্য কামনা করি।"
52774,"হেলো, ডেইরি, আমি আপনার প্রশ্নটি দেখেছি। আমি আপনার উদ্বেগ বুঝতে পারছি। আপনার হার্নিয়া সার্জারির ইতিহাস রয়েছে এবং এখন অস্ত্রোপচার পরবর্তী সংক্রমণ হয়েছে। আপনি স্ট্রেপ্টোকক্কাল সংক্রমণে ভুগছেন। আপনার স্ট্রেপ্টোকক্কাল সংক্রমণ সাধারণ অ্যান্টিবায়োটিকের প্রতি প্রতিরোধী হতে পারে। আপনার কালচার এবং সেনসিটিভিটি পরীক্ষা করা উচিত। এটি অ্যান্টিবায়োটিক নির্বাচন করতে সাহায্য করবে। আপনার ডাক্তারের সাথে পরামর্শ করুন এবং সেই অনুযায়ী চিকিৎসা নিন। আশা করি আমি আপনার প্রশ্নের উত্তর দিতে পেরেছি, যদি আপনার কোনো সন্দেহ থাকে তবে আমার সাথে bit.ly/ Chat Doctor-এ যোগাযোগ করুন। নাসেনিয়া ডক ব্যবহার করার জন্য ধন্যবাদ। আপনার সুস্বাস্থ্য কামনা করি।"
5216,"হেলো, ডেইরি, আমি আপনার প্রশ্নটি দেখেছি। আমি আপনার উদ্বেগ বুঝতে পারছি। আপনার হার্নিয়া সার্জারির ইতিহাস রয়েছে এবং এখন অস্ত্রোপচার পরবর্তী সংক্রমণ হয়েছে। আপনি স্ট্রেপ্টোকক্কাল সংক্রমণে ভুগছেন। আপনার স্ট্রেপ্টোকক্কাল সংক্রমণ সাধারণ অ্যান্টিবায়োটিকের প্রতি প্রতিরোধী হতে পারে। আপনার কালচার এবং সেনসিটিভিটি পরীক্ষা করা উচিত। এটি অ্যান্টিবায়োটিক নির্বাচন করতে সাহায্য করবে। আপনার ডাক্তারের সাথে পরামর্শ করুন এবং সেই অনুযায়ী চিকিৎসা নিন। আশা করি আমি আপনার প্রশ্নের উত্তর দিতে পেরেছি, যদি আপনার কোনো সন্দেহ থাকে তবে আমার সাথে bit.ly/ Chat Doctor-এ যোগাযোগ করুন। নাসেনিয়া ডক ব্যবহার করার জন্য ধন্যবাদ। আপনার সুস্বাস্থ্য কামনা করি।"
877,"হেলো, ডেইরি, আমি আপনার প্রশ্নটি দেখেছি। আমি আপনার উদ্বেগ বুঝতে পারছি। আপনার হার্নিয়া সার্জারির ইতিহাস রয়েছে এবং এখন অস্ত্রোপচার পরবর্তী সংক্রমণ হয়েছে। আপনি স্ট্রেপ্টোকক্কাল সংক্রমণে ভুগছেন। আপনার স্ট্রেপ্টোকক্কাল সংক্রমণ সাধারণ অ্যান্টিবায়োটিকের প্রতি প্রতিরোধী হতে পারে। আপনার কালচার এবং সেনসিটিভিটি পরীক্ষা করা উচিত। এটি অ্যান্টিবায়োটিক নির্বাচন করতে সাহায্য করবে। আপনার ডাক্তারের সাথে পরামর্শ করুন এবং সেই অনুযায়ী চিকিৎসা নিন। আশা করি আমি আপনার প্রশ্নের উত্তর দিতে পেরেছি, যদি আপনার কোনো সন্দেহ থাকে তবে আমার সাথে bit.ly/ Chat Doctor-এ যোগাযোগ করুন। নাসেনিয়া ডক ব্যবহার করার জন্য ধন্যবাদ। আপনার সুস্বাস্থ্য কামনা করি।"
99051,"হেলো, ডেইরি, আমি আপনার প্রশ্নটি দেখেছি। আমি আপনার উদ্বেগ বুঝতে পারছি। আপনার হার্নিয়া সার্জারির ইতিহাস রয়েছে এবং এখন অস্ত্রোপচার পরবর্তী সংক্রমণ হয়েছে। আপনি স্ট্রেপ্টোকক্কাল সংক্রমণে ভুগছেন। আপনার স্ট্রেপ্টোকক্কাল সংক্রমণ সাধারণ অ্যান্টিবায়োটিকের প্রতি প্রতিরোধী হতে পারে। আপনার কালচার এবং সেনসিটিভিটি পরীক্ষা করা উচিত। এটি অ্যান্টিবায়োটিক নির্বাচন করতে সাহায্য করবে। আপনার ডাক্তারের সাথে পরামর্শ করুন এবং সেই অনুযায়ী চিকিৎসা নিন। আশা করি আমি আপনার প্রশ্নের উত্তর দিতে পেরেছি, যদি আপনার কোনো সন্দেহ থাকে তবে আমার সাথে bit.ly/ Chat Doctor-এ যোগাযোগ করুন। নাসেনিয়া ডক ব্যবহার করার জন্য ধন্যবাদ। আপনার সুস্বাস্থ্য কামনা করি।"
75550,"হেলো, ডেইরি, আমি আপনার প্রশ্নটি দেখেছি। আমি আপনার উদ্বেগ বুঝতে পারছি। আপনার হার্নিয়া সার্জারির ইতিহাস রয়েছে এবং এখন অস্ত্রোপচার পরবর্তী সংক্রমণ হয়েছে। আপনি স্ট্রেপ্টোকক্কাল সংক্রমণে ভুগছেন। আপনার স্ট্রেপ্টোকক্কাল সংক্রমণ সাধারণ অ্যান্টিবায়োটিকের প্রতি প্রতিরোধী হতে পারে। আপনার কালচার এবং সেনসিটিভিটি পরীক্ষা করা উচিত। এটি অ্যান্টিবায়োটিক নির্বাচন করতে সাহায্য করবে। আপনার ডাক্তারের সাথে পরামর্শ করুন এবং সেই অনুযায়ী চিকিৎসা নিন। আশা করি আমি আপনার প্রশ্নের উত্তর দিতে পেরেছি, যদি আপনার কোনো সন্দেহ থাকে তবে আমার সাথে bit.ly/ Chat Doctor-এ যোগাযোগ করুন। নাসেনিয়া ডক ব্যবহার করার জন্য ধন্যবাদ। আপনার সুস্বাস্থ্য কামনা করি।"
72124,"হেলো, ডেইরি, আমি আপনার প্রশ্নটি দেখেছি। আমি আপনার উদ্বেগ বুঝতে পারছি। আপনার হার্নিয়া সার্জারির ইতিহাস রয়েছে এবং এখন অস্ত্রোপচার পরবর্তী সংক্রমণ হয়েছে। আপনি স্ট্রেপ্টোকক্কাল সংক্রমণে ভুগছেন। আপনার স্ট্রেপ্টোকক্কাল সংক্রমণ সাধারণ অ্যান্টিবায়োটিকের প্রতি প্রতিরোধী হতে পারে। আপনার কালচার এবং সেনসিটিভিটি পরীক্ষা করা উচিত। এটি অ্যান্টিবায়োটিক নির্বাচন করতে সাহায্য করবে। আপনার ডাক্তারের সাথে পরামর্শ করুন এবং সেই অনুযায়ী চিকিৎসা নিন। আশা করি আমি আপনার প্রশ্নের উত্তর দিতে পেরেছি, যদি আপনার কোনো সন্দেহ থাকে তবে আমার সাথে bit.ly/ Chat Doctor-এ যোগাযোগ করুন। নাসেনিয়া ডক ব্যবহার করার জন্য ধন্যবাদ। আপনার সুস্বাস্থ্য কামনা করি।"
80510,"হেলো, ডেইরি, আমি আপনার প্রশ্নটি দেখেছি। আমি আপনার উদ্বেগ বুঝতে পারছি। আপনার হার্নিয়া সার্জারির ইতিহাস রয়েছে এবং এখন অস্ত্রোপচার পরবর্তী সংক্রমণ হয়েছে। আপনি স্ট্রেপ্টোকক্কাল সংক্রমণে ভুগছেন। আপনার স্ট্রেপ্টোকক্কাল সংক্রমণ সাধারণ অ্যান্টিবায়োটিকের প্রতি প্রতিরোধী হতে পারে। আপনার কালচার এবং সেনসিটিভিটি পরীক্ষা করা উচিত। এটি অ্যান্টিবায়োটিক নির্বাচন করতে সাহায্য করবে। আপনার ডাক্তারের সাথে পরামর্শ করুন এবং সেই অনুযায়ী চিকিৎসা নিন। আশা করি আমি আপনার প্রশ্নের উত্তর দিতে পেরেছি, যদি আপনার কোনো সন্দেহ থাকে তবে আমার সাথে bit.ly/ Chat Doctor-এ যোগাযোগ করুন। নাসেনিয়া ডক ব্যবহার করার জন্য ধন্যবাদ। আপনার সুস্বাস্থ্য কামনা করি।"
47374,"হেলো, ডেইরি, আমি আপনার প্রশ্নটি দেখেছি। আমি আপনার উদ্বেগ বুঝতে পারছি। আপনার হার্নিয়া সার্জারির ইতিহাস রয়েছে এবং এখন অস্ত্রোপচার পরবর্তী সংক্রমণ হয়েছে। আপনি স্ট্রেপ্টোকক্কাল সংক্রমণে ভুগছেন। আপনার স্ট্রেপ্টোকক্কাল সংক্রমণ সাধারণ অ্যান্টিবায়োটিকের প্রতি প্রতিরোধী হতে পারে। আপনার কালচার এবং সেনসিটিভিটি পরীক্ষা করা উচিত। এটি অ্যান্টিবায়োটিক নির্বাচন করতে সাহায্য করবে। আপনার ডাক্তারের সাথে পরামর্শ করুন এবং সেই অনুযায়ী চিকিৎসা নিন। আশা করি আমি আপনার প্রশ্নের উত্তর দিতে পেরেছি, যদি আপনার কোনো সন্দেহ থাকে তবে আমার সাথে bit.ly/ Chat Doctor-এ যোগাযোগ করুন। নাসেনিয়া ডক ব্যবহার করার জন্য ধন্যবাদ। আপনার সুস্বাস্থ্য কামনা করি।"
26276,"হেলো, ডেইরি, আমি আপনার প্রশ্নটি দেখেছি। আমি আপনার উদ্বেগ বুঝতে পারছি। আপনার হার্নিয়া সার্জারির ইতিহাস রয়েছে এবং এখন অস্ত্রোপচার পরবর্তী সংক্রমণ হয়েছে। আপনি স্ট্রেপ্টোকক্কাল সংক্রমণে ভুগছেন। আপনার স্ট্রেপ্টোকক্কাল সংক্রমণ সাধারণ অ্যান্টিবায়োটিকের প্রতি প্রতিরোধী হতে পারে। আপনার কালচার এবং সেনসিটিভিটি পরীক্ষা করা উচিত। এটি অ্যান্টিবায়োটিক নির্বাচন করতে সাহায্য করবে। আপনার ডাক্তারের সাথে পরামর্শ করুন এবং সেই অনুযায়ী চিকিৎসা নিন। আশা করি আমি আপনার প্রশ্নের উত্তর দিতে পেরেছি, যদি আপনার কোনো সন্দেহ থাকে তবে আমার সাথে bit.ly/ Chat Doctor-এ যোগাযোগ করুন। নাসেনিয়া ডক ব্যবহার করার জন্য ধন্যবাদ। আপনার সুস্বাস্থ্য কামনা করি।"
43925,"হেলো, ডেইরি, আমি আপনার প্রশ্নটি দেখেছি। আমি আপনার উদ্বেগ বুঝতে পারছি। আপনার হার্নিয়া সার্জারির ইতিহাস রয়েছে এবং এখন অস্ত্রোপচার পরবর্তী সংক্রমণ হয়েছে। আপনি স্ট্রেপ্টোকক্কাল সংক্রমণে ভুগছেন। আপনার স্ট্রেপ্টোকক্কাল সংক্রমণ সাধারণ অ্যান্টিবায়োটিকের প্রতি প্রতিরোধী হতে পারে। আপনার কালচার এবং সেনসিটিভিটি পরীক্ষা করা উচিত। এটি অ্যান্টিবায়োটিক নির্বাচন করতে সাহায্য করবে। আপনার ডাক্তারের সাথে পরামর্শ করুন এবং সেই অনুযায়ী চিকিৎসা নিন। আশা করি আমি আপনার প্রশ্নের উত্তর দিতে পেরেছি, যদি আপনার কোনো সন্দেহ থাকে তবে আমার সাথে bit.ly/ Chat Doctor-এ যোগাযোগ করুন। নাসেনিয়া ডক ব্যবহার করার জন্য ধন্যবাদ। আপনার সুস্বাস্থ্য কামনা করি।"
90634,"হেলো, ডেইরি, আমি আপনার প্রশ্নটি দেখেছি। আমি আপনার উদ্বেগ বুঝতে পারছি। আপনার হার্নিয়া সার্জারির ইতিহাস রয়েছে এবং এখন অস্ত্রোপচার পরবর্তী সংক্রমণ হয়েছে। আপনি স্ট্রেপ্টোকক্কাল সংক্রমণে ভুগছেন। আপনার স্ট্রেপ্টোকক্কাল সংক্রমণ সাধারণ অ্যান্টিবায়োটিকের প্রতি প্রতিরোধী হতে পারে। আপনার কালচার এবং সেনসিটিভিটি পরীক্ষা করা উচিত। এটি অ্যান্টিবায়োটিক নির্বাচন করতে সাহায্য করবে। আপনার ডাক্তারের সাথে পরামর্শ করুন এবং সেই অনুযায়ী চিকিৎসা নিন। আশা করি আমি আপনার প্রশ্নের উত্তর দিতে পেরেছি, যদি আপনার কোনো সন্দেহ থাকে তবে আমার সাথে bit.ly/ Chat Doctor-এ যোগাযোগ করুন। নাসেনিয়া ডক ব্যবহার করার জন্য ধন্যবাদ। আপনার সুস্বাস্থ্য কামনা করি।"
103466,"হেলো, ডেইরি, আমি আপনার প্রশ্নটি দেখেছি। আমি আপনার উদ্বেগ বুঝতে পারছি। আপনার হার্নিয়া সার্জারির ইতিহাস রয়েছে এবং এখন অস্ত্রোপচার পরবর্তী সংক্রমণ হয়েছে। আপনি স্ট্রেপ্টোকক্কাল সংক্রমণে ভুগছেন। আপনার স্ট্রেপ্টোকক্কাল সংক্রমণ সাধারণ অ্যান্টিবায়োটিকের প্রতি প্রতিরোধী হতে পারে। আপনার কালচার এবং সেনসিটিভিটি পরীক্ষা করা উচিত। এটি অ্যান্টিবায়োটিক নির্বাচন করতে সাহায্য করবে। আপনার ডাক্তারের সাথে পরামর্শ করুন এবং সেই অনুযায়ী চিকিৎসা নিন। আশা করি আমি আপনার প্রশ্নের উত্তর দিতে পেরেছি, যদি আপনার কোনো সন্দেহ থাকে তবে আমার সাথে bit.ly/ Chat Doctor-এ যোগাযোগ করুন। নাসেনিয়া ডক ব্যবহার করার জন্য ধন্যবাদ। আপনার সুস্বাস্থ্য কামনা করি।"
3919,"হেলো, ডেইরি, আমি আপনার প্রশ্নটি দেখেছি। আমি আপনার উদ্বেগ বুঝতে পারছি। আপনার হার্নিয়া সার্জারির ইতিহাস রয়েছে এবং এখন অস্ত্রোপচার পরবর্তী সংক্রমণ হয়েছে। আপনি স্ট্রেপ্টোকক্কাল সংক্রমণে ভুগছেন। আপনার স্ট্রেপ্টোকক্কাল সংক্রমণ সাধারণ অ্যান্টিবায়োটিকের প্রতি প্রতিরোধী হতে পারে। আপনার কালচার এবং সেনসিটিভিটি পরীক্ষা করা উচিত। এটি অ্যান্টিবায়োটিক নির্বাচন করতে সাহায্য করবে। আপনার ডাক্তারের সাথে পরামর্শ করুন এবং সেই অনুযায়ী চিকিৎসা নিন। আশা করি আমি আপনার প্রশ্নের উত্তর দিতে পেরেছি, যদি আপনার কোনো সন্দেহ থাকে তবে আমার সাথে bit.ly/ Chat Doctor-এ যোগাযোগ করুন। নাসেনিয়া ডক ব্যবহার করার জন্য ধন্যবাদ। আপনার সুস্বাস্থ্য কামনা করি।"
87856,"হেলো, ডেইরি, আমি আপনার প্রশ্নটি দেখেছি। আমি আপনার উদ্বেগ বুঝতে পারছি। আপনার হার্নিয়া সার্জারির ইতিহাস রয়েছে এবং এখন অস্ত্রোপচার পরবর্তী সংক্রমণ হয়েছে। আপনি স্ট্রেপ্টোকক্কাল সংক্রমণে ভুগছেন। আপনার স্ট্রেপ্টোকক্কাল সংক্রমণ সাধারণ অ্যান্টিবায়োটিকের প্রতি প্রতিরোধী হতে পারে। আপনার কালচার এবং সেনসিটিভিটি পরীক্ষা করা উচিত। এটি অ্যান্টিবায়োটিক নির্বাচন করতে সাহায্য করবে। আপনার ডাক্তারের সাথে পরামর্শ করুন এবং সেই অনুযায়ী চিকিৎসা নিন। আশা করি আমি আপনার প্রশ্নের উত্তর দিতে পেরেছি, যদি আপনার কোনো সন্দেহ থাকে তবে আমার সাথে bit.ly/ Chat Doctor-এ যোগাযোগ করুন। নাসেনিয়া ডক ব্যবহার করার জন্য ধন্যবাদ। আপনার সুস্বাস্থ্য কামনা করি।"
25224,"হেলো, ডেইরি, আমি আপনার প্রশ্নটি দেখেছি। আমি আপনার উদ্বেগ বুঝতে পারছি। আপনার হার্নিয়া সার্জারির ইতিহাস রয়েছে এবং এখন অস্ত্রোপচার পরবর্তী সংক্রমণ হয়েছে। আপনি স্ট্রেপ্টোকক্কাল সংক্রমণে ভুগছেন। আপনার স্ট্রেপ্টোকক্কাল সংক্রমণ সাধারণ অ্যান্টিবায়োটিকের প্রতি প্রতিরোধী হতে পারে। আপনার কালচার এবং সেনসিটিভিটি পরীক্ষা করা উচিত। এটি অ্যান্টিবায়োটিক নির্বাচন করতে সাহায্য করবে। আপনার ডাক্তারের সাথে পরামর্শ করুন এবং সেই অনুযায়ী চিকিৎসা নিন। আশা করি আমি আপনার প্রশ্নের উত্তর দিতে পেরেছি, যদি আপনার কোনো সন্দেহ থাকে তবে আমার সাথে bit.ly/ Chat Doctor-এ যোগাযোগ করুন। নাসেনিয়া ডক ব্যবহার করার জন্য ধন্যবাদ। আপনার সুস্বাস্থ্য কামনা করি।"
92736,"হেলো, ডেইরি, আমি আপনার প্রশ্নটি দেখেছি। আমি আপনার উদ্বেগ বুঝতে পারছি। আপনার হার্নিয়া সার্জারির ইতিহাস রয়েছে এবং এখন অস্ত্রোপচার পরবর্তী সংক্রমণ হয়েছে। আপনি স্ট্রেপ্টোকক্কাল সংক্রমণে ভুগছেন। আপনার স্ট্রেপ্টোকক্কাল সংক্রমণ সাধারণ অ্যান্টিবায়োটিকের প্রতি প্রতিরোধী হতে পারে। আপনার কালচার এবং সেনসিটিভিটি পরীক্ষা করা উচিত। এটি অ্যান্টিবায়োটিক নির্বাচন করতে সাহায্য করবে। আপনার ডাক্তারের সাথে পরামর্শ করুন এবং সেই অনুযায়ী চিকিৎসা নিন। আশা করি আমি আপনার প্রশ্নের উত্তর দিতে পেরেছি, যদি আপনার কোনো সন্দেহ থাকে তবে আমার সাথে bit.ly/ Chat Doctor-এ যোগাযোগ করুন। নাসেনিয়া ডক ব্যবহার করার জন্য ধন্যবাদ। আপনার সুস্বাস্থ্য কামনা করি।"
42433,"হেলো, ডেইরি, আমি আপনার প্রশ্নটি দেখেছি। আমি আপনার উদ্বেগ বুঝতে পারছি। আপনার হার্নিয়া সার্জারির ইতিহাস রয়েছে এবং এখন অস্ত্রোপচার পরবর্তী সংক্রমণ হয়েছে। আপনি স্ট্রেপ্টোকক্কাল সংক্রমণে ভুগছেন। আপনার স্ট্রেপ্টোকক্কাল সংক্রমণ সাধারণ অ্যান্টিবায়োটিকের প্রতি প্রতিরোধী হতে পারে। আপনার কালচার এবং সেনসিটিভিটি পরীক্ষা করা উচিত। এটি অ্যান্টিবায়োটিক নির্বাচন করতে সাহায্য করবে। আপনার ডাক্তারের সাথে পরামর্শ করুন এবং সেই অনুযায়ী চিকিৎসা নিন। আশা করি আমি আপনার প্রশ্নের উত্তর দিতে পেরেছি, যদি আপনার কোনো সন্দেহ থাকে তবে আমার সাথে bit.ly/ Chat Doctor-এ যোগাযোগ করুন। নাসেনিয়া ডক ব্যবহার করার জন্য ধন্যবাদ। আপনার সুস্বাস্থ্য কামনা করি।"
63434,"হেলো, ডেইরি, আমি আপনার প্রশ্নটি দেখেছি। আমি আপনার উদ্বেগ বুঝতে পারছি। আপনার হার্নিয়া সার্জারির ইতিহাস রয়েছে এবং এখন অস্ত্রোপচার পরবর্তী সংক্রমণ হয়েছে। আপনি স্ট্রেপ্টোকক্কাল সংক্রমণে ভুগছেন। আপনার স্ট্রেপ্টোকক্কাল সংক্রমণ সাধারণ অ্যান্টিবায়োটিকের প্রতি প্রতিরোধী হতে পারে। আপনার কালচার এবং সেনসিটিভিটি পরীক্ষা করা উচিত। এটি অ্যান্টিবায়োটিক নির্বাচন করতে সাহায্য করবে। আপনার ডাক্তারের সাথে পরামর্শ করুন এবং সেই অনুযায়ী চিকিৎসা নিন। আশা করি আমি আপনার প্রশ্নের উত্তর দিতে পেরেছি, যদি আপনার কোনো সন্দেহ থাকে তবে আমার সাথে bit.ly/ Chat Doctor-এ যোগাযোগ করুন। নাসেনিয়া ডক ব্যবহার করার জন্য ধন্যবাদ। আপনার সুস্বাস্থ্য কামনা করি।"
19890,"হেলো, ডেইরি, আমি আপনার প্রশ্নটি দেখেছি। আমি আপনার উদ্বেগ বুঝতে পারছি। আপনার হার্নিয়া সার্জারির ইতিহাস রয়েছে এবং এখন অস্ত্রোপচার পরবর্তী সংক্রমণ হয়েছে। আপনি স্ট্রেপ্টোকক্কাল সংক্রমণে ভুগছেন। আপনার স্ট্রেপ্টোকক্কাল সংক্রমণ সাধারণ অ্যান্টিবায়োটিকের প্রতি প্রতিরোধী হতে পারে। আপনার কালচার এবং সেনসিটিভিটি পরীক্ষা করা উচিত। এটি অ্যান্টিবায়োটিক নির্বাচন করতে সাহায্য করবে। আপনার ডাক্তারের সাথে পরামর্শ করুন এবং সেই অনুযায়ী চিকিৎসা নিন। আশা করি আমি আপনার প্রশ্নের উত্তর দিতে পেরেছি, যদি আপনার কোনো সন্দেহ থাকে তবে আমার সাথে bit.ly/ Chat Doctor-এ যোগাযোগ করুন। নাসেনিয়া ডক ব্যবহার করার জন্য ধন্যবাদ। আপনার সুস্বাস্থ্য কামনা করি।"
37996,"হেলো, ডেইরি, আমি আপনার প্রশ্নটি দেখেছি। আমি আপনার উদ্বেগ বুঝতে পারছি। আপনার হার্নিয়া সার্জারির ইতিহাস রয়েছে এবং এখন অস্ত্রোপচার পরবর্তী সংক্রমণ হয়েছে। আপনি স্ট্রেপ্টোকক্কাল সংক্রমণে ভুগছেন। আপনার স্ট্রেপ্টোকক্কাল সংক্রমণ সাধারণ অ্যান্টিবায়োটিকের প্রতি প্রতিরোধী হতে পারে। আপনার কালচার এবং সেনসিটিভিটি পরীক্ষা করা উচিত। এটি অ্যান্টিবায়োটিক নির্বাচন করতে সাহায্য করবে। আপনার ডাক্তারের সাথে পরামর্শ করুন এবং সেই অনুযায়ী চিকিৎসা নিন। আশা করি আমি আপনার প্রশ্নের উত্তর দিতে পেরেছি, যদি আপনার কোনো সন্দেহ থাকে তবে আমার সাথে bit.ly/ Chat Doctor-এ যোগাযোগ করুন। নাসেনিয়া ডক ব্যবহার করার জন্য ধন্যবাদ। আপনার সুস্বাস্থ্য কামনা করি।"
6812,"হেলো, ডেইরি, আমি আপনার প্রশ্নটি দেখেছি। আমি আপনার উদ্বেগ বুঝতে পারছি। আপনার হার্নিয়া সার্জারির ইতিহাস রয়েছে এবং এখন অস্ত্রোপচার পরবর্তী সংক্রমণ হয়েছে। আপনি স্ট্রেপ্টোকক্কাল সংক্রমণে ভুগছেন। আপনার স্ট্রেপ্টোকক্কাল সংক্রমণ সাধারণ অ্যান্টিবায়োটিকের প্রতি প্রতিরোধী হতে পারে। আপনার কালচার এবং সেনসিটিভিটি পরীক্ষা করা উচিত। এটি অ্যান্টিবায়োটিক নির্বাচন করতে সাহায্য করবে। আপনার ডাক্তারের সাথে পরামর্শ করুন এবং সেই অনুযায়ী চিকিৎসা নিন। আশা করি আমি আপনার প্রশ্নের উত্তর দিতে পেরেছি, যদি আপনার কোনো সন্দেহ থাকে তবে আমার সাথে bit.ly/ Chat Doctor-এ যোগাযোগ করুন। নাসেনিয়া ডক ব্যবহার করার জন্য ধন্যবাদ। আপনার সুস্বাস্থ্য কামনা করি।"
36888,"হেলো, ডেইরি, আমি আপনার প্রশ্নটি দেখেছি। আমি আপনার উদ্বেগ বুঝতে পারছি। আপনার হার্নিয়া সার্জারির ইতিহাস রয়েছে এবং এখন অস্ত্রোপচার পরবর্তী সংক্রমণ হয়েছে। আপনি স্ট্রেপ্টোকক্কাল সংক্রমণে ভুগছেন। আপনার স্ট্রেপ্টোকক্কাল সংক্রমণ সাধারণ অ্যান্টিবায়োটিকের প্রতি প্রতিরোধী হতে পারে। আপনার কালচার এবং সেনসিটিভিটি পরীক্ষা করা উচিত। এটি অ্যান্টিবায়োটিক নির্বাচন করতে সাহায্য করবে। আপনার ডাক্তারের সাথে পরামর্শ করুন এবং সেই অনুযায়ী চিকিৎসা নিন। আশা করি আমি আপনার প্রশ্নের উত্তর দিতে পেরেছি, যদি আপনার কোনো সন্দেহ থাকে তবে আমার সাথে bit.ly/ Chat Doctor-এ যোগাযোগ করুন। নাসেনিয়া ডক ব্যবহার করার জন্য ধন্যবাদ। আপনার সুস্বাস্থ্য কামনা করি।"
81720,"হেলো, ডেইরি, আমি আপনার প্রশ্নটি দেখেছি। আমি আপনার উদ্বেগ বুঝতে পারছি। আপনার হার্নিয়া সার্জারির ইতিহাস রয়েছে এবং এখন অস্ত্রোপচার পরবর্তী সংক্রমণ হয়েছে। আপনি স্ট্রেপ্টোকক্কাল সংক্রমণে ভুগছেন। আপনার স্ট্রেপ্টোকক্কাল সংক্রমণ সাধারণ অ্যান্টিবায়োটিকের প্রতি প্রতিরোধী হতে পারে। আপনার কালচার এবং সেনসিটিভিটি পরীক্ষা করা উচিত। এটি অ্যান্টিবায়োটিক নির্বাচন করতে সাহায্য করবে। আপনার ডাক্তারের সাথে পরামর্শ করুন এবং সেই অনুযায়ী চিকিৎসা নিন। আশা করি আমি আপনার প্রশ্নের উত্তর দিতে পেরেছি, যদি আপনার কোনো সন্দেহ থাকে তবে আমার সাথে bit.ly/ Chat Doctor-এ যোগাযোগ করুন। নাসেনিয়া ডক ব্যবহার করার জন্য ধন্যবাদ। আপনার সুস্বাস্থ্য কামনা করি।"
9673,"হেলো, ডেইরি, আমি আপনার প্রশ্নটি দেখেছি। আমি আপনার উদ্বেগ বুঝতে পারছি। আপনার হার্নিয়া সার্জারির ইতিহাস রয়েছে এবং এখন অস্ত্রোপচার পরবর্তী সংক্রমণ হয়েছে। আপনি স্ট্রেপ্টোকক্কাল সংক্রমণে ভুগছেন। আপনার স্ট্রেপ্টোকক্কাল সংক্রমণ সাধারণ অ্যান্টিবায়োটিকের প্রতি প্রতিরোধী হতে পারে। আপনার কালচার এবং সেনসিটিভিটি পরীক্ষা করা উচিত। এটি অ্যান্টিবায়োটিক নির্বাচন করতে সাহায্য করবে। আপনার ডাক্তারের সাথে পরামর্শ করুন এবং সেই অনুযায়ী চিকিৎসা নিন। আশা করি আমি আপনার প্রশ্নের উত্তর দিতে পেরেছি, যদি আপনার কোনো সন্দেহ থাকে তবে আমার সাথে bit.ly/ Chat Doctor-এ যোগাযোগ করুন। নাসেনিয়া ডক ব্যবহার করার জন্য ধন্যবাদ। আপনার সুস্বাস্থ্য কামনা করি।"
69939,"হেলো, ডেইরি, আমি আপনার প্রশ্নটি দেখেছি। আমি আপনার উদ্বেগ বুঝতে পারছি। আপনার হার্নিয়া সার্জারির ইতিহাস রয়েছে এবং এখন অস্ত্রোপচার পরবর্তী সংক্রমণ হয়েছে। আপনি স্ট্রেপ্টোকক্কাল সংক্রমণে ভুগছেন। আপনার স্ট্রেপ্টোকক্কাল সংক্রমণ সাধারণ অ্যান্টিবায়োটিকের প্রতি প্রতিরোধী হতে পারে। আপনার কালচার এবং সেনসিটিভিটি পরীক্ষা করা উচিত। এটি অ্যান্টিবায়োটিক নির্বাচন করতে সাহায্য করবে। আপনার ডাক্তারের সাথে পরামর্শ করুন এবং সেই অনুযায়ী চিকিৎসা নিন। আশা করি আমি আপনার প্রশ্নের উত্তর দিতে পেরেছি, যদি আপনার কোনো সন্দেহ থাকে তবে আমার সাথে bit.ly/ Chat Doctor-এ যোগাযোগ করুন। নাসেনিয়া ডক ব্যবহার করার জন্য ধন্যবাদ। আপনার সুস্বাস্থ্য কামনা করি।"
24471,"হেলো, ডেইরি, আমি আপনার প্রশ্নটি দেখেছি। আমি আপনার উদ্বেগ বুঝতে পারছি। আপনার হার্নিয়া সার্জারির ইতিহাস রয়েছে এবং এখন অস্ত্রোপচার পরবর্তী সংক্রমণ হয়েছে। আপনি স্ট্রেপ্টোকক্কাল সংক্রমণে ভুগছেন। আপনার স্ট্রেপ্টোকক্কাল সংক্রমণ সাধারণ অ্যান্টিবায়োটিকের প্রতি প্রতিরোধী হতে পারে। আপনার কালচার এবং সেনসিটিভিটি পরীক্ষা করা উচিত। এটি অ্যান্টিবায়োটিক নির্বাচন করতে সাহায্য করবে। আপনার ডাক্তারের সাথে পরামর্শ করুন এবং সেই অনুযায়ী চিকিৎসা নিন। আশা করি আমি আপনার প্রশ্নের উত্তর দিতে পেরেছি, যদি আপনার কোনো সন্দেহ থাকে তবে আমার সাথে bit.ly/ Chat Doctor-এ যোগাযোগ করুন। নাসেনিয়া ডক ব্যবহার করার জন্য ধন্যবাদ। আপনার সুস্বাস্থ্য কামনা করি।"
78640,"হেলো, ডেইরি, আমি আপনার প্রশ্নটি দেখেছি। আমি আপনার উদ্বেগ বুঝতে পারছি। আপনার হার্নিয়া সার্জারির ইতিহাস রয়েছে এবং এখন অস্ত্রোপচার পরবর্তী সংক্রমণ হয়েছে। আপনি স্ট্রেপ্টোকক্কাল সংক্রমণে ভুগছেন। আপনার স্ট্রেপ্টোকক্কাল সংক্রমণ সাধারণ অ্যান্টিবায়োটিকের প্রতি প্রতিরোধী হতে পারে। আপনার কালচার এবং সেনসিটিভিটি পরীক্ষা করা উচিত। এটি অ্যান্টিবায়োটিক নির্বাচন করতে সাহায্য করবে। আপনার ডাক্তারের সাথে পরামর্শ করুন এবং সেই অনুযায়ী চিকিৎসা নিন। আশা করি আমি আপনার প্রশ্নের উত্তর দিতে পেরেছি, যদি আপনার কোনো সন্দেহ থাকে তবে আমার সাথে bit.ly/ Chat Doctor-এ যোগাযোগ করুন। নাসেনিয়া ডক ব্যবহার করার জন্য ধন্যবাদ। আপনার সুস্বাস্থ্য কামনা করি।"
25259,"হেলো, ডেইরি, আমি আপনার প্রশ্নটি দেখেছি। আমি আপনার উদ্বেগ বুঝতে পারছি। আপনার হার্নিয়া সার্জারির ইতিহাস রয়েছে এবং এখন অস্ত্রোপচার পরবর্তী সংক্রমণ হয়েছে। আপনি স্ট্রেপ্টোকক্কাল সংক্রমণে ভুগছেন। আপনার স্ট্রেপ্টোকক্কাল সংক্রমণ সাধারণ অ্যান্টিবায়োটিকের প্রতি প্রতিরোধী হতে পারে। আপনার কালচার এবং সেনসিটিভিটি পরীক্ষা করা উচিত। এটি অ্যান্টিবায়োটিক নির্বাচন করতে সাহায্য করবে। আপনার ডাক্তারের সাথে পরামর্শ করুন এবং সেই অনুযায়ী চিকিৎসা নিন। আশা করি আমি আপনার প্রশ্নের উত্তর দিতে পেরেছি, যদি আপনার কোনো সন্দেহ থাকে তবে আমার সাথে bit.ly/ Chat Doctor-এ যোগাযোগ করুন। নাসেনিয়া ডক ব্যবহার করার জন্য ধন্যবাদ। আপনার সুস্বাস্থ্য কামনা করি।"
78723,"হেলো, ডেইরি, আমি আপনার প্রশ্নটি দেখেছি। আমি আপনার উদ্বেগ বুঝতে পারছি। আপনার হার্নিয়া সার্জারির ইতিহাস রয়েছে এবং এখন অস্ত্রোপচার পরবর্তী সংক্রমণ হয়েছে। আপনি স্ট্রেপ্টোকক্কাল সংক্রমণে ভুগছেন। আপনার স্ট্রেপ্টোকক্কাল সংক্রমণ সাধারণ অ্যান্টিবায়োটিকের প্রতি প্রতিরোধী হতে পারে। আপনার কালচার এবং সেনসিটিভিটি পরীক্ষা করা উচিত। এটি অ্যান্টিবায়োটিক নির্বাচন করতে সাহায্য করবে। আপনার ডাক্তারের সাথে পরামর্শ করুন এবং সেই অনুযায়ী চিকিৎসা নিন। আশা করি আমি আপনার প্রশ্নের উত্তর দিতে পেরেছি, যদি আপনার কোনো সন্দেহ থাকে তবে আমার সাথে bit.ly/ Chat Doctor-এ যোগাযোগ করুন। নাসেনিয়া ডক ব্যবহার করার জন্য ধন্যবাদ। আপনার সুস্বাস্থ্য কামনা করি।"
85295,"হেলো, ডেইরি, আমি আপনার প্রশ্নটি দেখেছি। আমি আপনার উদ্বেগ বুঝতে পারছি। আপনার হার্নিয়া সার্জারির ইতিহাস রয়েছে এবং এখন অস্ত্রোপচার পরবর্তী সংক্রমণ হয়েছে। আপনি স্ট্রেপ্টোকক্কাল সংক্রমণে ভুগছেন। আপনার স্ট্রেপ্টোকক্কাল সংক্রমণ সাধারণ অ্যান্টিবায়োটিকের প্রতি প্রতিরোধী হতে পারে। আপনার কালচার এবং সেনসিটিভিটি পরীক্ষা করা উচিত। এটি অ্যান্টিবায়োটিক নির্বাচন করতে সাহায্য করবে। আপনার ডাক্তারের সাথে পরামর্শ করুন এবং সেই অনুযায়ী চিকিৎসা নিন। আশা করি আমি আপনার প্রশ্নের উত্তর দিতে পেরেছি, যদি আপনার কোনো সন্দেহ থাকে তবে আমার সাথে bit.ly/ Chat Doctor-এ যোগাযোগ করুন। নাসেনিয়া ডক ব্যবহার করার জন্য ধন্যবাদ। আপনার সুস্বাস্থ্য কামনা করি।"
36035,"হেলো, ডেইরি, আমি আপনার প্রশ্নটি দেখেছি। আমি আপনার উদ্বেগ বুঝতে পারছি। আপনার হার্নিয়া সার্জারির ইতিহাস রয়েছে এবং এখন অস্ত্রোপচার পরবর্তী সংক্রমণ হয়েছে। আপনি স্ট্রেপ্টোকক্কাল সংক্রমণে ভুগছেন। আপনার স্ট্রেপ্টোকক্কাল সংক্রমণ সাধারণ অ্যান্টিবায়োটিকের প্রতি প্রতিরোধী হতে পারে। আপনার কালচার এবং সেনসিটিভিটি পরীক্ষা করা উচিত। এটি অ্যান্টিবায়োটিক নির্বাচন করতে সাহায্য করবে। আপনার ডাক্তারের সাথে পরামর্শ করুন এবং সেই অনুযায়ী চিকিৎসা নিন। আশা করি আমি আপনার প্রশ্নের উত্তর দিতে পেরেছি, যদি আপনার কোনো সন্দেহ থাকে তবে আমার সাথে bit.ly/ Chat Doctor-এ যোগাযোগ করুন। নাসেনিয়া ডক ব্যবহার করার জন্য ধন্যবাদ। আপনার সুস্বাস্থ্য কামনা করি।"
66729,"হেলো, ডেইরি, আমি আপনার প্রশ্নটি দেখেছি। আমি আপনার উদ্বেগ বুঝতে পারছি। আপনার হার্নিয়া সার্জারির ইতিহাস রয়েছে এবং এখন অস্ত্রোপচার পরবর্তী সংক্রমণ হয়েছে। আপনি স্ট্রেপ্টোকক্কাল সংক্রমণে ভুগছেন। আপনার স্ট্রেপ্টোকক্কাল সংক্রমণ সাধারণ অ্যান্টিবায়োটিকের প্রতি প্রতিরোধী হতে পারে। আপনার কালচার এবং সেনসিটিভিটি পরীক্ষা করা উচিত। এটি অ্যান্টিবায়োটিক নির্বাচন করতে সাহায্য করবে। আপনার ডাক্তারের সাথে পরামর্শ করুন এবং সেই অনুযায়ী চিকিৎসা নিন। আশা করি আমি আপনার প্রশ্নের উত্তর দিতে পেরেছি, যদি আপনার কোনো সন্দেহ থাকে তবে আমার সাথে bit.ly/ Chat Doctor-এ যোগাযোগ করুন। নাসেনিয়া ডক ব্যবহার করার জন্য ধন্যবাদ। আপনার সুস্বাস্থ্য কামনা করি।"
73725,"হেলো, ডেইরি, আমি আপনার প্রশ্নটি দেখেছি। আমি আপনার উদ্বেগ বুঝতে পারছি। আপনার হার্নিয়া সার্জারির ইতিহাস রয়েছে এবং এখন অস্ত্রোপচার পরবর্তী সংক্রমণ হয়েছে। আপনি স্ট্রেপ্টোকক্কাল সংক্রমণে ভুগছেন। আপনার স্ট্রেপ্টোকক্কাল সংক্রমণ সাধারণ অ্যান্টিবায়োটিকের প্রতি প্রতিরোধী হতে পারে। আপনার কালচার এবং সেনসিটিভিটি পরীক্ষা করা উচিত। এটি অ্যান্টিবায়োটিক নির্বাচন করতে সাহায্য করবে। আপনার ডাক্তারের সাথে পরামর্শ করুন এবং সেই অনুযায়ী চিকিৎসা নিন। আশা করি আমি আপনার প্রশ্নের উত্তর দিতে পেরেছি, যদি আপনার কোনো সন্দেহ থাকে তবে আমার সাথে bit.ly/ Chat Doctor-এ যোগাযোগ করুন। নাসেনিয়া ডক ব্যবহার করার জন্য ধন্যবাদ। আপনার সুস্বাস্থ্য কামনা করি।"
1117,"হেলো, ডেইরি, আমি আপনার প্রশ্নটি দেখেছি। আমি আপনার উদ্বেগ বুঝতে পারছি। আপনার হার্নিয়া সার্জারির ইতিহাস রয়েছে এবং এখন অস্ত্রোপচার পরবর্তী সংক্রমণ হয়েছে। আপনি স্ট্রেপ্টোকক্কাল সংক্রমণে ভুগছেন। আপনার স্ট্রেপ্টোকক্কাল সংক্রমণ সাধারণ অ্যান্টিবায়োটিকের প্রতি প্রতিরোধী হতে পারে। আপনার কালচার এবং সেনসিটিভিটি পরীক্ষা করা উচিত। এটি অ্যান্টিবায়োটিক নির্বাচন করতে সাহায্য করবে। আপনার ডাক্তারের সাথে পরামর্শ করুন এবং সেই অনুযায়ী চিকিৎসা নিন। আশা করি আমি আপনার প্রশ্নের উত্তর দিতে পেরেছি, যদি আপনার কোনো সন্দেহ থাকে তবে আমার সাথে bit.ly/ Chat Doctor-এ যোগাযোগ করুন। নাসেনিয়া ডক ব্যবহার করার জন্য ধন্যবাদ। আপনার সুস্বাস্থ্য কামনা করি।"
105809,"হেলো, ডেইরি, আমি আপনার প্রশ্নটি দেখেছি। আমি আপনার উদ্বেগ বুঝতে পারছি। আপনার হার্নিয়া সার্জারির ইতিহাস রয়েছে এবং এখন অস্ত্রোপচার পরবর্তী সংক্রমণ হয়েছে। আপনি স্ট্রেপ্টোকক্কাল সংক্রমণে ভুগছেন। আপনার স্ট্রেপ্টোকক্কাল সংক্রমণ সাধারণ অ্যান্টিবায়োটিকের প্রতি প্রতিরোধী হতে পারে। আপনার কালচার এবং সেনসিটিভিটি পরীক্ষা করা উচিত। এটি অ্যান্টিবায়োটিক নির্বাচন করতে সাহায্য করবে। আপনার ডাক্তারের সাথে পরামর্শ করুন এবং সেই অনুযায়ী চিকিৎসা নিন। আশা করি আমি আপনার প্রশ্নের উত্তর দিতে পেরেছি, যদি আপনার কোনো সন্দেহ থাকে তবে আমার সাথে bit.ly/ Chat Doctor-এ যোগাযোগ করুন। নাসেনিয়া ডক ব্যবহার করার জন্য ধন্যবাদ। আপনার সুস্বাস্থ্য কামনা করি।"
54478,"হেলো, ডেইরি, আমি আপনার প্রশ্নটি দেখেছি। আমি আপনার উদ্বেগ বুঝতে পারছি। আপনার হার্নিয়া সার্জারির ইতিহাস রয়েছে এবং এখন অস্ত্রোপচার পরবর্তী সংক্রমণ হয়েছে। আপনি স্ট্রেপ্টোকক্কাল সংক্রমণে ভুগছেন। আপনার স্ট্রেপ্টোকক্কাল সংক্রমণ সাধারণ অ্যান্টিবায়োটিকের প্রতি প্রতিরোধী হতে পারে। আপনার কালচার এবং সেনসিটিভিটি পরীক্ষা করা উচিত। এটি অ্যান্টিবায়োটিক নির্বাচন করতে সাহায্য করবে। আপনার ডাক্তারের সাথে পরামর্শ করুন এবং সেই অনুযায়ী চিকিৎসা নিন। আশা করি আমি আপনার প্রশ্নের উত্তর দিতে পেরেছি, যদি আপনার কোনো সন্দেহ থাকে তবে আমার সাথে bit.ly/ Chat Doctor-এ যোগাযোগ করুন। নাসেনিয়া ডক ব্যবহার করার জন্য ধন্যবাদ। আপনার সুস্বাস্থ্য কামনা করি।"
50524,"হেলো, ডেইরি, আমি আপনার প্রশ্নটি দেখেছি। আমি আপনার উদ্বেগ বুঝতে পারছি। আপনার হার্নিয়া সার্জারির ইতিহাস রয়েছে এবং এখন অস্ত্রোপচার পরবর্তী সংক্রমণ হয়েছে। আপনি স্ট্রেপ্টোকক্কাল সংক্রমণে ভুগছেন। আপনার স্ট্রেপ্টোকক্কাল সংক্রমণ সাধারণ অ্যান্টিবায়োটিকের প্রতি প্রতিরোধী হতে পারে। আপনার কালচার এবং সেনসিটিভিটি পরীক্ষা করা উচিত। এটি অ্যান্টিবায়োটিক নির্বাচন করতে সাহায্য করবে। আপনার ডাক্তারের সাথে পরামর্শ করুন এবং সেই অনুযায়ী চিকিৎসা নিন। আশা করি আমি আপনার প্রশ্নের উত্তর দিতে পেরেছি, যদি আপনার কোনো সন্দেহ থাকে তবে আমার সাথে bit.ly/ Chat Doctor-এ যোগাযোগ করুন। নাসেনিয়া ডক ব্যবহার করার জন্য ধন্যবাদ। আপনার সুস্বাস্থ্য কামনা করি।"
104414,"হেলো, ডেইরি, আমি আপনার প্রশ্নটি দেখেছি। আমি আপনার উদ্বেগ বুঝতে পারছি। আপনার হার্নিয়া সার্জারির ইতিহাস রয়েছে এবং এখন অস্ত্রোপচার পরবর্তী সংক্রমণ হয়েছে। আপনি স্ট্রেপ্টোকক্কাল সংক্রমণে ভুগছেন। আপনার স্ট্রেপ্টোকক্কাল সংক্রমণ সাধারণ অ্যান্টিবায়োটিকের প্রতি প্রতিরোধী হতে পারে। আপনার কালচার এবং সেনসিটিভিটি পরীক্ষা করা উচিত। এটি অ্যান্টিবায়োটিক নির্বাচন করতে সাহায্য করবে। আপনার ডাক্তারের সাথে পরামর্শ করুন এবং সেই অনুযায়ী চিকিৎসা নিন। আশা করি আমি আপনার প্রশ্নের উত্তর দিতে পেরেছি, যদি আপনার কোনো সন্দেহ থাকে তবে আমার সাথে bit.ly/ Chat Doctor-এ যোগাযোগ করুন। নাসেনিয়া ডক ব্যবহার করার জন্য ধন্যবাদ। আপনার সুস্বাস্থ্য কামনা করি।"
8511,"হেলো, ডেইরি, আমি আপনার প্রশ্নটি দেখেছি। আমি আপনার উদ্বেগ বুঝতে পারছি। আপনার হার্নিয়া সার্জারির ইতিহাস রয়েছে এবং এখন অস্ত্রোপচার পরবর্তী সংক্রমণ হয়েছে। আপনি স্ট্রেপ্টোকক্কাল সংক্রমণে ভুগছেন। আপনার স্ট্রেপ্টোকক্কাল সংক্রমণ সাধারণ অ্যান্টিবায়োটিকের প্রতি প্রতিরোধী হতে পারে। আপনার কালচার এবং সেনসিটিভিটি পরীক্ষা করা উচিত। এটি অ্যান্টিবায়োটিক নির্বাচন করতে সাহায্য করবে। আপনার ডাক্তারের সাথে পরামর্শ করুন এবং সেই অনুযায়ী চিকিৎসা নিন। আশা করি আমি আপনার প্রশ্নের উত্তর দিতে পেরেছি, যদি আপনার কোনো সন্দেহ থাকে তবে আমার সাথে bit.ly/ Chat Doctor-এ যোগাযোগ করুন। নাসেনিয়া ডক ব্যবহার করার জন্য ধন্যবাদ। আপনার সুস্বাস্থ্য কামনা করি।"
80769,"হেলো, ডেইরি, আমি আপনার প্রশ্নটি দেখেছি। আমি আপনার উদ্বেগ বুঝতে পারছি। আপনার হার্নিয়া সার্জারির ইতিহাস রয়েছে এবং এখন অস্ত্রোপচার পরবর্তী সংক্রমণ হয়েছে। আপনি স্ট্রেপ্টোকক্কাল সংক্রমণে ভুগছেন। আপনার স্ট্রেপ্টোকক্কাল সংক্রমণ সাধারণ অ্যান্টিবায়োটিকের প্রতি প্রতিরোধী হতে পারে। আপনার কালচার এবং সেনসিটিভিটি পরীক্ষা করা উচিত। এটি অ্যান্টিবায়োটিক নির্বাচন করতে সাহায্য করবে। আপনার ডাক্তারের সাথে পরামর্শ করুন এবং সেই অনুযায়ী চিকিৎসা নিন। আশা করি আমি আপনার প্রশ্নের উত্তর দিতে পেরেছি, যদি আপনার কোনো সন্দেহ থাকে তবে আমার সাথে bit.ly/ Chat Doctor-এ যোগাযোগ করুন। নাসেনিয়া ডক ব্যবহার করার জন্য ধন্যবাদ। আপনার সুস্বাস্থ্য কামনা করি।"
81368,"হেলো, ডেইরি, আমি আপনার প্রশ্নটি দেখেছি। আমি আপনার উদ্বেগ বুঝতে পারছি। আপনার হার্নিয়া সার্জারির ইতিহাস রয়েছে এবং এখন অস্ত্রোপচার পরবর্তী সংক্রমণ হয়েছে। আপনি স্ট্রেপ্টোকক্কাল সংক্রমণে ভুগছেন। আপনার স্ট্রেপ্টোকক্কাল সংক্রমণ সাধারণ অ্যান্টিবায়োটিকের প্রতি প্রতিরোধী হতে পারে। আপনার কালচার এবং সেনসিটিভিটি পরীক্ষা করা উচিত। এটি অ্যান্টিবায়োটিক নির্বাচন করতে সাহায্য করবে। আপনার ডাক্তারের সাথে পরামর্শ করুন এবং সেই অনুযায়ী চিকিৎসা নিন। আশা করি আমি আপনার প্রশ্নের উত্তর দিতে পেরেছি, যদি আপনার কোনো সন্দেহ থাকে তবে আমার সাথে bit.ly/ Chat Doctor-এ যোগাযোগ করুন। নাসেনিয়া ডক ব্যবহার করার জন্য ধন্যবাদ। আপনার সুস্বাস্থ্য কামনা করি।"
100429,"হেলো, ডেইরি, আমি আপনার প্রশ্নটি দেখেছি। আমি আপনার উদ্বেগ বুঝতে পারছি। আপনার হার্নিয়া সার্জারির ইতিহাস রয়েছে এবং এখন অস্ত্রোপচার পরবর্তী সংক্রমণ হয়েছে। আপনি স্ট্রেপ্টোকক্কাল সংক্রমণে ভুগছেন। আপনার স্ট্রেপ্টোকক্কাল সংক্রমণ সাধারণ অ্যান্টিবায়োটিকের প্রতি প্রতিরোধী হতে পারে। আপনার কালচার এবং সেনসিটিভিটি পরীক্ষা করা উচিত। এটি অ্যান্টিবায়োটিক নির্বাচন করতে সাহায্য করবে। আপনার ডাক্তারের সাথে পরামর্শ করুন এবং সেই অনুযায়ী চিকিৎসা নিন। আশা করি আমি আপনার প্রশ্নের উত্তর দিতে পেরেছি, যদি আপনার কোনো সন্দেহ থাকে তবে আমার সাথে bit.ly/ Chat Doctor-এ যোগাযোগ করুন। নাসেনিয়া ডক ব্যবহার করার জন্য ধন্যবাদ। আপনার সুস্বাস্থ্য কামনা করি।"
187,"হেলো, ডেইরি, আমি আপনার প্রশ্নটি দেখেছি। আমি আপনার উদ্বেগ বুঝতে পারছি। আপনার হার্নিয়া সার্জারির ইতিহাস রয়েছে এবং এখন অস্ত্রোপচার পরবর্তী সংক্রমণ হয়েছে। আপনি স্ট্রেপ্টোকক্কাল সংক্রমণে ভুগছেন। আপনার স্ট্রেপ্টোকক্কাল সংক্রমণ সাধারণ অ্যান্টিবায়োটিকের প্রতি প্রতিরোধী হতে পারে। আপনার কালচার এবং সেনসিটিভিটি পরীক্ষা করা উচিত। এটি অ্যান্টিবায়োটিক নির্বাচন করতে সাহায্য করবে। আপনার ডাক্তারের সাথে পরামর্শ করুন এবং সেই অনুযায়ী চিকিৎসা নিন। আশা করি আমি আপনার প্রশ্নের উত্তর দিতে পেরেছি, যদি আপনার কোনো সন্দেহ থাকে তবে আমার সাথে bit.ly/ Chat Doctor-এ যোগাযোগ করুন। নাসেনিয়া ডক ব্যবহার করার জন্য ধন্যবাদ। আপনার সুস্বাস্থ্য কামনা করি।"
79916,"হেলো, ডেইরি, আমি আপনার প্রশ্নটি দেখেছি। আমি আপনার উদ্বেগ বুঝতে পারছি। আপনার হার্নিয়া সার্জারির ইতিহাস রয়েছে এবং এখন অস্ত্রোপচার পরবর্তী সংক্রমণ হয়েছে। আপনি স্ট্রেপ্টোকক্কাল সংক্রমণে ভুগছেন। আপনার স্ট্রেপ্টোকক্কাল সংক্রমণ সাধারণ অ্যান্টিবায়োটিকের প্রতি প্রতিরোধী হতে পারে। আপনার কালচার এবং সেনসিটিভিটি পরীক্ষা করা উচিত। এটি অ্যান্টিবায়োটিক নির্বাচন করতে সাহায্য করবে। আপনার ডাক্তারের সাথে পরামর্শ করুন এবং সেই অনুযায়ী চিকিৎসা নিন। আশা করি আমি আপনার প্রশ্নের উত্তর দিতে পেরেছি, যদি আপনার কোনো সন্দেহ থাকে তবে আমার সাথে bit.ly/ Chat Doctor-এ যোগাযোগ করুন। নাসেনিয়া ডক ব্যবহার করার জন্য ধন্যবাদ। আপনার সুস্বাস্থ্য কামনা করি।"
95084,"হেলো, ডেইরি, আমি আপনার প্রশ্নটি দেখেছি। আমি আপনার উদ্বেগ বুঝতে পারছি। আপনার হার্নিয়া সার্জারির ইতিহাস রয়েছে এবং এখন অস্ত্রোপচার পরবর্তী সংক্রমণ হয়েছে। আপনি স্ট্রেপ্টোকক্কাল সংক্রমণে ভুগছেন। আপনার স্ট্রেপ্টোকক্কাল সংক্রমণ সাধারণ অ্যান্টিবায়োটিকের প্রতি প্রতিরোধী হতে পারে। আপনার কালচার এবং সেনসিটিভিটি পরীক্ষা করা উচিত। এটি অ্যান্টিবায়োটিক নির্বাচন করতে সাহায্য করবে। আপনার ডাক্তারের সাথে পরামর্শ করুন এবং সেই অনুযায়ী চিকিৎসা নিন। আশা করি আমি আপনার প্রশ্নের উত্তর দিতে পেরেছি, যদি আপনার কোনো সন্দেহ থাকে তবে আমার সাথে bit.ly/ Chat Doctor-এ যোগাযোগ করুন। নাসেনিয়া ডক ব্যবহার করার জন্য ধন্যবাদ। আপনার সুস্বাস্থ্য কামনা করি।"
45131,"হেলো, ডেইরি, আমি আপনার প্রশ্নটি দেখেছি। আমি আপনার উদ্বেগ বুঝতে পারছি। আপনার হার্নিয়া সার্জারির ইতিহাস রয়েছে এবং এখন অস্ত্রোপচার পরবর্তী সংক্রমণ হয়েছে। আপনি স্ট্রেপ্টোকক্কাল সংক্রমণে ভুগছেন। আপনার স্ট্রেপ্টোকক্কাল সংক্রমণ সাধারণ অ্যান্টিবায়োটিকের প্রতি প্রতিরোধী হতে পারে। আপনার কালচার এবং সেনসিটিভিটি পরীক্ষা করা উচিত। এটি অ্যান্টিবায়োটিক নির্বাচন করতে সাহায্য করবে। আপনার ডাক্তারের সাথে পরামর্শ করুন এবং সেই অনুযায়ী চিকিৎসা নিন। আশা করি আমি আপনার প্রশ্নের উত্তর দিতে পেরেছি, যদি আপনার কোনো সন্দেহ থাকে তবে আমার সাথে bit.ly/ Chat Doctor-এ যোগাযোগ করুন। নাসেনিয়া ডক ব্যবহার করার জন্য ধন্যবাদ। আপনার সুস্বাস্থ্য কামনা করি।"
106263,"হেলো, ডেইরি, আমি আপনার প্রশ্নটি দেখেছি। আমি আপনার উদ্বেগ বুঝতে পারছি। আপনার হার্নিয়া সার্জারির ইতিহাস রয়েছে এবং এখন অস্ত্রোপচার পরবর্তী সংক্রমণ হয়েছে। আপনি স্ট্রেপ্টোকক্কাল সংক্রমণে ভুগছেন। আপনার স্ট্রেপ্টোকক্কাল সংক্রমণ সাধারণ অ্যান্টিবায়োটিকের প্রতি প্রতিরোধী হতে পারে। আপনার কালচার এবং সেনসিটিভিটি পরীক্ষা করা উচিত। এটি অ্যান্টিবায়োটিক নির্বাচন করতে সাহায্য করবে। আপনার ডাক্তারের সাথে পরামর্শ করুন এবং সেই অনুযায়ী চিকিৎসা নিন। আশা করি আমি আপনার প্রশ্নের উত্তর দিতে পেরেছি, যদি আপনার কোনো সন্দেহ থাকে তবে আমার সাথে bit.ly/ Chat Doctor-এ যোগাযোগ করুন। নাসেনিয়া ডক ব্যবহার করার জন্য ধন্যবাদ। আপনার সুস্বাস্থ্য কামনা করি।"
69532,"হেলো, ডেইরি, আমি আপনার প্রশ্নটি দেখেছি। আমি আপনার উদ্বেগ বুঝতে পারছি। আপনার হার্নিয়া সার্জারির ইতিহাস রয়েছে এবং এখন অস্ত্রোপচার পরবর্তী সংক্রমণ হয়েছে। আপনি স্ট্রেপ্টোকক্কাল সংক্রমণে ভুগছেন। আপনার স্ট্রেপ্টোকক্কাল সংক্রমণ সাধারণ অ্যান্টিবায়োটিকের প্রতি প্রতিরোধী হতে পারে। আপনার কালচার এবং সেনসিটিভিটি পরীক্ষা করা উচিত। এটি অ্যান্টিবায়োটিক নির্বাচন করতে সাহায্য করবে। আপনার ডাক্তারের সাথে পরামর্শ করুন এবং সেই অনুযায়ী চিকিৎসা নিন। আশা করি আমি আপনার প্রশ্নের উত্তর দিতে পেরেছি, যদি আপনার কোনো সন্দেহ থাকে তবে আমার সাথে bit.ly/ Chat Doctor-এ যোগাযোগ করুন। নাসেনিয়া ডক ব্যবহার করার জন্য ধন্যবাদ। আপনার সুস্বাস্থ্য কামনা করি।"
40338,"হেলো, ডেইরি, আমি আপনার প্রশ্নটি দেখেছি। আমি আপনার উদ্বেগ বুঝতে পারছি। আপনার হার্নিয়া সার্জারির ইতিহাস রয়েছে এবং এখন অস্ত্রোপচার পরবর্তী সংক্রমণ হয়েছে। আপনি স্ট্রেপ্টোকক্কাল সংক্রমণে ভুগছেন। আপনার স্ট্রেপ্টোকক্কাল সংক্রমণ সাধারণ অ্যান্টিবায়োটিকের প্রতি প্রতিরোধী হতে পারে। আপনার কালচার এবং সেনসিটিভিটি পরীক্ষা করা উচিত। এটি অ্যান্টিবায়োটিক নির্বাচন করতে সাহায্য করবে। আপনার ডাক্তারের সাথে পরামর্শ করুন এবং সেই অনুযায়ী চিকিৎসা নিন। আশা করি আমি আপনার প্রশ্নের উত্তর দিতে পেরেছি, যদি আপনার কোনো সন্দেহ থাকে তবে আমার সাথে bit.ly/ Chat Doctor-এ যোগাযোগ করুন। নাসেনিয়া ডক ব্যবহার করার জন্য ধন্যবাদ। আপনার সুস্বাস্থ্য কামনা করি।"
44799,"হেলো, ডেইরি, আমি আপনার প্রশ্নটি দেখেছি। আমি আপনার উদ্বেগ বুঝতে পারছি। আপনার হার্নিয়া সার্জারির ইতিহাস রয়েছে এবং এখন অস্ত্রোপচার পরবর্তী সংক্রমণ হয়েছে। আপনি স্ট্রেপ্টোকক্কাল সংক্রমণে ভুগছেন। আপনার স্ট্রেপ্টোকক্কাল সংক্রমণ সাধারণ অ্যান্টিবায়োটিকের প্রতি প্রতিরোধী হতে পারে। আপনার কালচার এবং সেনসিটিভিটি পরীক্ষা করা উচিত। এটি অ্যান্টিবায়োটিক নির্বাচন করতে সাহায্য করবে। আপনার ডাক্তারের সাথে পরামর্শ করুন এবং সেই অনুযায়ী চিকিৎসা নিন। আশা করি আমি আপনার প্রশ্নের উত্তর দিতে পেরেছি, যদি আপনার কোনো সন্দেহ থাকে তবে আমার সাথে bit.ly/ Chat Doctor-এ যোগাযোগ করুন। নাসেনিয়া ডক ব্যবহার করার জন্য ধন্যবাদ। আপনার সুস্বাস্থ্য কামনা করি।"
98165,"হেলো, ডেইরি, আমি আপনার প্রশ্নটি দেখেছি। আমি আপনার উদ্বেগ বুঝতে পারছি। আপনার হার্নিয়া সার্জারির ইতিহাস রয়েছে এবং এখন অস্ত্রোপচার পরবর্তী সংক্রমণ হয়েছে। আপনি স্ট্রেপ্টোকক্কাল সংক্রমণে ভুগছেন। আপনার স্ট্রেপ্টোকক্কাল সংক্রমণ সাধারণ অ্যান্টিবায়োটিকের প্রতি প্রতিরোধী হতে পারে। আপনার কালচার এবং সেনসিটিভিটি পরীক্ষা করা উচিত। এটি অ্যান্টিবায়োটিক নির্বাচন করতে সাহায্য করবে। আপনার ডাক্তারের সাথে পরামর্শ করুন এবং সেই অনুযায়ী চিকিৎসা নিন। আশা করি আমি আপনার প্রশ্নের উত্তর দিতে পেরেছি, যদি আপনার কোনো সন্দেহ থাকে তবে আমার সাথে bit.ly/ Chat Doctor-এ যোগাযোগ করুন। নাসেনিয়া ডক ব্যবহার করার জন্য ধন্যবাদ। আপনার সুস্বাস্থ্য কামনা করি।"
92523,"হেলো, ডেইরি, আমি আপনার প্রশ্নটি দেখেছি। আমি আপনার উদ্বেগ বুঝতে পারছি। আপনার হার্নিয়া সার্জারির ইতিহাস রয়েছে এবং এখন অস্ত্রোপচার পরবর্তী সংক্রমণ হয়েছে। আপনি স্ট্রেপ্টোকক্কাল সংক্রমণে ভুগছেন। আপনার স্ট্রেপ্টোকক্কাল সংক্রমণ সাধারণ অ্যান্টিবায়োটিকের প্রতি প্রতিরোধী হতে পারে। আপনার কালচার এবং সেনসিটিভিটি পরীক্ষা করা উচিত। এটি অ্যান্টিবায়োটিক নির্বাচন করতে সাহায্য করবে। আপনার ডাক্তারের সাথে পরামর্শ করুন এবং সেই অনুযায়ী চিকিৎসা নিন। আশা করি আমি আপনার প্রশ্নের উত্তর দিতে পেরেছি, যদি আপনার কোনো সন্দেহ থাকে তবে আমার সাথে bit.ly/ Chat Doctor-এ যোগাযোগ করুন। নাসেনিয়া ডক ব্যবহার করার জন্য ধন্যবাদ। আপনার সুস্বাস্থ্য কামনা করি।"
8063,"হেলো, ডেইরি, আমি আপনার প্রশ্নটি দেখেছি। আমি আপনার উদ্বেগ বুঝতে পারছি। আপনার হার্নিয়া সার্জারির ইতিহাস রয়েছে এবং এখন অস্ত্রোপচার পরবর্তী সংক্রমণ হয়েছে। আপনি স্ট্রেপ্টোকক্কাল সংক্রমণে ভুগছেন। আপনার স্ট্রেপ্টোকক্কাল সংক্রমণ সাধারণ অ্যান্টিবায়োটিকের প্রতি প্রতিরোধী হতে পারে। আপনার কালচার এবং সেনসিটিভিটি পরীক্ষা করা উচিত। এটি অ্যান্টিবায়োটিক নির্বাচন করতে সাহায্য করবে। আপনার ডাক্তারের সাথে পরামর্শ করুন এবং সেই অনুযায়ী চিকিৎসা নিন। আশা করি আমি আপনার প্রশ্নের উত্তর দিতে পেরেছি, যদি আপনার কোনো সন্দেহ থাকে তবে আমার সাথে bit.ly/ Chat Doctor-এ যোগাযোগ করুন। নাসেনিয়া ডক ব্যবহার করার জন্য ধন্যবাদ। আপনার সুস্বাস্থ্য কামনা করি।"
82796,"হেলো, ডেইরি, আমি আপনার প্রশ্নটি দেখেছি। আমি আপনার উদ্বেগ বুঝতে পারছি। আপনার হার্নিয়া সার্জারির ইতিহাস রয়েছে এবং এখন অস্ত্রোপচার পরবর্তী সংক্রমণ হয়েছে। আপনি স্ট্রেপ্টোকক্কাল সংক্রমণে ভুগছেন। আপনার স্ট্রেপ্টোকক্কাল সংক্রমণ সাধারণ অ্যান্টিবায়োটিকের প্রতি প্রতিরোধী হতে পারে। আপনার কালচার এবং সেনসিটিভিটি পরীক্ষা করা উচিত। এটি অ্যান্টিবায়োটিক নির্বাচন করতে সাহায্য করবে। আপনার ডাক্তারের সাথে পরামর্শ করুন এবং সেই অনুযায়ী চিকিৎসা নিন। আশা করি আমি আপনার প্রশ্নের উত্তর দিতে পেরেছি, যদি আপনার কোনো সন্দেহ থাকে তবে আমার সাথে bit.ly/ Chat Doctor-এ যোগাযোগ করুন। নাসেনিয়া ডক ব্যবহার করার জন্য ধন্যবাদ। আপনার সুস্বাস্থ্য কামনা করি।"
86468,"হেলো, ডেইরি, আমি আপনার প্রশ্নটি দেখেছি। আমি আপনার উদ্বেগ বুঝতে পারছি। আপনার হার্নিয়া সার্জারির ইতিহাস রয়েছে এবং এখন অস্ত্রোপচার পরবর্তী সংক্রমণ হয়েছে। আপনি স্ট্রেপ্টোকক্কাল সংক্রমণে ভুগছেন। আপনার স্ট্রেপ্টোকক্কাল সংক্রমণ সাধারণ অ্যান্টিবায়োটিকের প্রতি প্রতিরোধী হতে পারে। আপনার কালচার এবং সেনসিটিভিটি পরীক্ষা করা উচিত। এটি অ্যান্টিবায়োটিক নির্বাচন করতে সাহায্য করবে। আপনার ডাক্তারের সাথে পরামর্শ করুন এবং সেই অনুযায়ী চিকিৎসা নিন। আশা করি আমি আপনার প্রশ্নের উত্তর দিতে পেরেছি, যদি আপনার কোনো সন্দেহ থাকে তবে আমার সাথে bit.ly/ Chat Doctor-এ যোগাযোগ করুন। নাসেনিয়া ডক ব্যবহার করার জন্য ধন্যবাদ। আপনার সুস্বাস্থ্য কামনা করি।"
60608,"হেলো, ডেইরি, আমি আপনার প্রশ্নটি দেখেছি। আমি আপনার উদ্বেগ বুঝতে পারছি। আপনার হার্নিয়া সার্জারির ইতিহাস রয়েছে এবং এখন অস্ত্রোপচার পরবর্তী সংক্রমণ হয়েছে। আপনি স্ট্রেপ্টোকক্কাল সংক্রমণে ভুগছেন। আপনার স্ট্রেপ্টোকক্কাল সংক্রমণ সাধারণ অ্যান্টিবায়োটিকের প্রতি প্রতিরোধী হতে পারে। আপনার কালচার এবং সেনসিটিভিটি পরীক্ষা করা উচিত। এটি অ্যান্টিবায়োটিক নির্বাচন করতে সাহায্য করবে। আপনার ডাক্তারের সাথে পরামর্শ করুন এবং সেই অনুযায়ী চিকিৎসা নিন। আশা করি আমি আপনার প্রশ্নের উত্তর দিতে পেরেছি, যদি আপনার কোনো সন্দেহ থাকে তবে আমার সাথে bit.ly/ Chat Doctor-এ যোগাযোগ করুন। নাসেনিয়া ডক ব্যবহার করার জন্য ধন্যবাদ। আপনার সুস্বাস্থ্য কামনা করি।"
77907,"হেলো, ডেইরি, আমি আপনার প্রশ্নটি দেখেছি। আমি আপনার উদ্বেগ বুঝতে পারছি। আপনার হার্নিয়া সার্জারির ইতিহাস রয়েছে এবং এখন অস্ত্রোপচার পরবর্তী সংক্রমণ হয়েছে। আপনি স্ট্রেপ্টোকক্কাল সংক্রমণে ভুগছেন। আপনার স্ট্রেপ্টোকক্কাল সংক্রমণ সাধারণ অ্যান্টিবায়োটিকের প্রতি প্রতিরোধী হতে পারে। আপনার কালচার এবং সেনসিটিভিটি পরীক্ষা করা উচিত। এটি অ্যান্টিবায়োটিক নির্বাচন করতে সাহায্য করবে। আপনার ডাক্তারের সাথে পরামর্শ করুন এবং সেই অনুযায়ী চিকিৎসা নিন। আশা করি আমি আপনার প্রশ্নের উত্তর দিতে পেরেছি, যদি আপনার কোনো সন্দেহ থাকে তবে আমার সাথে bit.ly/ Chat Doctor-এ যোগাযোগ করুন। নাসেনিয়া ডক ব্যবহার করার জন্য ধন্যবাদ। আপনার সুস্বাস্থ্য কামনা করি।"
2106,"হেলো, ডেইরি, আমি আপনার প্রশ্নটি দেখেছি। আমি আপনার উদ্বেগ বুঝতে পারছি। আপনার হার্নিয়া সার্জারির ইতিহাস রয়েছে এবং এখন অস্ত্রোপচার পরবর্তী সংক্রমণ হয়েছে। আপনি স্ট্রেপ্টোকক্কাল সংক্রমণে ভুগছেন। আপনার স্ট্রেপ্টোকক্কাল সংক্রমণ সাধারণ অ্যান্টিবায়োটিকের প্রতি প্রতিরোধী হতে পারে। আপনার কালচার এবং সেনসিটিভিটি পরীক্ষা করা উচিত। এটি অ্যান্টিবায়োটিক নির্বাচন করতে সাহায্য করবে। আপনার ডাক্তারের সাথে পরামর্শ করুন এবং সেই অনুযায়ী চিকিৎসা নিন। আশা করি আমি আপনার প্রশ্নের উত্তর দিতে পেরেছি, যদি আপনার কোনো সন্দেহ থাকে তবে আমার সাথে bit.ly/ Chat Doctor-এ যোগাযোগ করুন। নাসেনিয়া ডক ব্যবহার করার জন্য ধন্যবাদ। আপনার সুস্বাস্থ্য কামনা করি।"
5399,"হেলো, ডেইরি, আমি আপনার প্রশ্নটি দেখেছি। আমি আপনার উদ্বেগ বুঝতে পারছি। আপনার হার্নিয়া সার্জারির ইতিহাস রয়েছে এবং এখন অস্ত্রোপচার পরবর্তী সংক্রমণ হয়েছে। আপনি স্ট্রেপ্টোকক্কাল সংক্রমণে ভুগছেন। আপনার স্ট্রেপ্টোকক্কাল সংক্রমণ সাধারণ অ্যান্টিবায়োটিকের প্রতি প্রতিরোধী হতে পারে। আপনার কালচার এবং সেনসিটিভিটি পরীক্ষা করা উচিত। এটি অ্যান্টিবায়োটিক নির্বাচন করতে সাহায্য করবে। আপনার ডাক্তারের সাথে পরামর্শ করুন এবং সেই অনুযায়ী চিকিৎসা নিন। আশা করি আমি আপনার প্রশ্নের উত্তর দিতে পেরেছি, যদি আপনার কোনো সন্দেহ থাকে তবে আমার সাথে bit.ly/ Chat Doctor-এ যোগাযোগ করুন। নাসেনিয়া ডক ব্যবহার করার জন্য ধন্যবাদ। আপনার সুস্বাস্থ্য কামনা করি।"
87026,"হেলো, ডেইরি, আমি আপনার প্রশ্নটি দেখেছি। আমি আপনার উদ্বেগ বুঝতে পারছি। আপনার হার্নিয়া সার্জারির ইতিহাস রয়েছে এবং এখন অস্ত্রোপচার পরবর্তী সংক্রমণ হয়েছে। আপনি স্ট্রেপ্টোকক্কাল সংক্রমণে ভুগছেন। আপনার স্ট্রেপ্টোকক্কাল সংক্রমণ সাধারণ অ্যান্টিবায়োটিকের প্রতি প্রতিরোধী হতে পারে। আপনার কালচার এবং সেনসিটিভিটি পরীক্ষা করা উচিত। এটি অ্যান্টিবায়োটিক নির্বাচন করতে সাহায্য করবে। আপনার ডাক্তারের সাথে পরামর্শ করুন এবং সেই অনুযায়ী চিকিৎসা নিন। আশা করি আমি আপনার প্রশ্নের উত্তর দিতে পেরেছি, যদি আপনার কোনো সন্দেহ থাকে তবে আমার সাথে bit.ly/ Chat Doctor-এ যোগাযোগ করুন। নাসেনিয়া ডক ব্যবহার করার জন্য ধন্যবাদ। আপনার সুস্বাস্থ্য কামনা করি।"
7034,"হেলো, ডেইরি, আমি আপনার প্রশ্নটি দেখেছি। আমি আপনার উদ্বেগ বুঝতে পারছি। আপনার হার্নিয়া সার্জারির ইতিহাস রয়েছে এবং এখন অস্ত্রোপচার পরবর্তী সংক্রমণ হয়েছে। আপনি স্ট্রেপ্টোকক্কাল সংক্রমণে ভুগছেন। আপনার স্ট্রেপ্টোকক্কাল সংক্রমণ সাধারণ অ্যান্টিবায়োটিকের প্রতি প্রতিরোধী হতে পারে। আপনার কালচার এবং সেনসিটিভিটি পরীক্ষা করা উচিত। এটি অ্যান্টিবায়োটিক নির্বাচন করতে সাহায্য করবে। আপনার ডাক্তারের সাথে পরামর্শ করুন এবং সেই অনুযায়ী চিকিৎসা নিন। আশা করি আমি আপনার প্রশ্নের উত্তর দিতে পেরেছি, যদি আপনার কোনো সন্দেহ থাকে তবে আমার সাথে bit.ly/ Chat Doctor-এ যোগাযোগ করুন। নাসেনিয়া ডক ব্যবহার করার জন্য ধন্যবাদ। আপনার সুস্বাস্থ্য কামনা করি।"
30140,"হেলো, ডেইরি, আমি আপনার প্রশ্নটি দেখেছি। আমি আপনার উদ্বেগ বুঝতে পারছি। আপনার হার্নিয়া সার্জারির ইতিহাস রয়েছে এবং এখন অস্ত্রোপচার পরবর্তী সংক্রমণ হয়েছে। আপনি স্ট্রেপ্টোকক্কাল সংক্রমণে ভুগছেন। আপনার স্ট্রেপ্টোকক্কাল সংক্রমণ সাধারণ অ্যান্টিবায়োটিকের প্রতি প্রতিরোধী হতে পারে। আপনার কালচার এবং সেনসিটিভিটি পরীক্ষা করা উচিত। এটি অ্যান্টিবায়োটিক নির্বাচন করতে সাহায্য করবে। আপনার ডাক্তারের সাথে পরামর্শ করুন এবং সেই অনুযায়ী চিকিৎসা নিন। আশা করি আমি আপনার প্রশ্নের উত্তর দিতে পেরেছি, যদি আপনার কোনো সন্দেহ থাকে তবে আমার সাথে bit.ly/ Chat Doctor-এ যোগাযোগ করুন। নাসেনিয়া ডক ব্যবহার করার জন্য ধন্যবাদ। আপনার সুস্বাস্থ্য কামনা করি।"
76387,"হেলো, ডেইরি, আমি আপনার প্রশ্নটি দেখেছি। আমি আপনার উদ্বেগ বুঝতে পারছি। আপনার হার্নিয়া সার্জারির ইতিহাস রয়েছে এবং এখন অস্ত্রোপচার পরবর্তী সংক্রমণ হয়েছে। আপনি স্ট্রেপ্টোকক্কাল সংক্রমণে ভুগছেন। আপনার স্ট্রেপ্টোকক্কাল সংক্রমণ সাধারণ অ্যান্টিবায়োটিকের প্রতি প্রতিরোধী হতে পারে। আপনার কালচার এবং সেনসিটিভিটি পরীক্ষা করা উচিত। এটি অ্যান্টিবায়োটিক নির্বাচন করতে সাহায্য করবে। আপনার ডাক্তারের সাথে পরামর্শ করুন এবং সেই অনুযায়ী চিকিৎসা নিন। আশা করি আমি আপনার প্রশ্নের উত্তর দিতে পেরেছি, যদি আপনার কোনো সন্দেহ থাকে তবে আমার সাথে bit.ly/ Chat Doctor-এ যোগাযোগ করুন। নাসেনিয়া ডক ব্যবহার করার জন্য ধন্যবাদ। আপনার সুস্বাস্থ্য কামনা করি।"
110911,"হেলো, ডেইরি, আমি আপনার প্রশ্নটি দেখেছি। আমি আপনার উদ্বেগ বুঝতে পারছি। আপনার হার্নিয়া সার্জারির ইতিহাস রয়েছে এবং এখন অস্ত্রোপচার পরবর্তী সংক্রমণ হয়েছে। আপনি স্ট্রেপ্টোকক্কাল সংক্রমণে ভুগছেন। আপনার স্ট্রেপ্টোকক্কাল সংক্রমণ সাধারণ অ্যান্টিবায়োটিকের প্রতি প্রতিরোধী হতে পারে। আপনার কালচার এবং সেনসিটিভিটি পরীক্ষা করা উচিত। এটি অ্যান্টিবায়োটিক নির্বাচন করতে সাহায্য করবে। আপনার ডাক্তারের সাথে পরামর্শ করুন এবং সেই অনুযায়ী চিকিৎসা নিন। আশা করি আমি আপনার প্রশ্নের উত্তর দিতে পেরেছি, যদি আপনার কোনো সন্দেহ থাকে তবে আমার সাথে bit.ly/ Chat Doctor-এ যোগাযোগ করুন। নাসেনিয়া ডক ব্যবহার করার জন্য ধন্যবাদ। আপনার সুস্বাস্থ্য কামনা করি।"
102472,"হেলো, ডেইরি, আমি আপনার প্রশ্নটি দেখেছি। আমি আপনার উদ্বেগ বুঝতে পারছি। আপনার হার্নিয়া সার্জারির ইতিহাস রয়েছে এবং এখন অস্ত্রোপচার পরবর্তী সংক্রমণ হয়েছে। আপনি স্ট্রেপ্টোকক্কাল সংক্রমণে ভুগছেন। আপনার স্ট্রেপ্টোকক্কাল সংক্রমণ সাধারণ অ্যান্টিবায়োটিকের প্রতি প্রতিরোধী হতে পারে। আপনার কালচার এবং সেনসিটিভিটি পরীক্ষা করা উচিত। এটি অ্যান্টিবায়োটিক নির্বাচন করতে সাহায্য করবে। আপনার ডাক্তারের সাথে পরামর্শ করুন এবং সেই অনুযায়ী চিকিৎসা নিন। আশা করি আমি আপনার প্রশ্নের উত্তর দিতে পেরেছি, যদি আপনার কোনো সন্দেহ থাকে তবে আমার সাথে bit.ly/ Chat Doctor-এ যোগাযোগ করুন। নাসেনিয়া ডক ব্যবহার করার জন্য ধন্যবাদ। আপনার সুস্বাস্থ্য কামনা করি।"
28014,"হেলো, ডেইরি, আমি আপনার প্রশ্নটি দেখেছি। আমি আপনার উদ্বেগ বুঝতে পারছি। আপনার হার্নিয়া সার্জারির ইতিহাস রয়েছে এবং এখন অস্ত্রোপচার পরবর্তী সংক্রমণ হয়েছে। আপনি স্ট্রেপ্টোকক্কাল সংক্রমণে ভুগছেন। আপনার স্ট্রেপ্টোকক্কাল সংক্রমণ সাধারণ অ্যান্টিবায়োটিকের প্রতি প্রতিরোধী হতে পারে। আপনার কালচার এবং সেনসিটিভিটি পরীক্ষা করা উচিত। এটি অ্যান্টিবায়োটিক নির্বাচন করতে সাহায্য করবে। আপনার ডাক্তারের সাথে পরামর্শ করুন এবং সেই অনুযায়ী চিকিৎসা নিন। আশা করি আমি আপনার প্রশ্নের উত্তর দিতে পেরেছি, যদি আপনার কোনো সন্দেহ থাকে তবে আমার সাথে bit.ly/ Chat Doctor-এ যোগাযোগ করুন। নাসেনিয়া ডক ব্যবহার করার জন্য ধন্যবাদ। আপনার সুস্বাস্থ্য কামনা করি।"
28080,"হেলো, ডেইরি, আমি আপনার প্রশ্নটি দেখেছি। আমি আপনার উদ্বেগ বুঝতে পারছি। আপনার হার্নিয়া সার্জারির ইতিহাস রয়েছে এবং এখন অস্ত্রোপচার পরবর্তী সংক্রমণ হয়েছে। আপনি স্ট্রেপ্টোকক্কাল সংক্রমণে ভুগছেন। আপনার স্ট্রেপ্টোকক্কাল সংক্রমণ সাধারণ অ্যান্টিবায়োটিকের প্রতি প্রতিরোধী হতে পারে। আপনার কালচার এবং সেনসিটিভিটি পরীক্ষা করা উচিত। এটি অ্যান্টিবায়োটিক নির্বাচন করতে সাহায্য করবে। আপনার ডাক্তারের সাথে পরামর্শ করুন এবং সেই অনুযায়ী চিকিৎসা নিন। আশা করি আমি আপনার প্রশ্নের উত্তর দিতে পেরেছি, যদি আপনার কোনো সন্দেহ থাকে তবে আমার সাথে bit.ly/ Chat Doctor-এ যোগাযোগ করুন। নাসেনিয়া ডক ব্যবহার করার জন্য ধন্যবাদ। আপনার সুস্বাস্থ্য কামনা করি।"
70496,"হেলো, ডেইরি, আমি আপনার প্রশ্নটি দেখেছি। আমি আপনার উদ্বেগ বুঝতে পারছি। আপনার হার্নিয়া সার্জারির ইতিহাস রয়েছে এবং এখন অস্ত্রোপচার পরবর্তী সংক্রমণ হয়েছে। আপনি স্ট্রেপ্টোকক্কাল সংক্রমণে ভুগছেন। আপনার স্ট্রেপ্টোকক্কাল সংক্রমণ সাধারণ অ্যান্টিবায়োটিকের প্রতি প্রতিরোধী হতে পারে। আপনার কালচার এবং সেনসিটিভিটি পরীক্ষা করা উচিত। এটি অ্যান্টিবায়োটিক নির্বাচন করতে সাহায্য করবে। আপনার ডাক্তারের সাথে পরামর্শ করুন এবং সেই অনুযায়ী চিকিৎসা নিন। আশা করি আমি আপনার প্রশ্নের উত্তর দিতে পেরেছি, যদি আপনার কোনো সন্দেহ থাকে তবে আমার সাথে bit.ly/ Chat Doctor-এ যোগাযোগ করুন। নাসেনিয়া ডক ব্যবহার করার জন্য ধন্যবাদ। আপনার সুস্বাস্থ্য কামনা করি।"
19245,"হেলো, ডেইরি, আমি আপনার প্রশ্নটি দেখেছি। আমি আপনার উদ্বেগ বুঝতে পারছি। আপনার হার্নিয়া সার্জারির ইতিহাস রয়েছে এবং এখন অস্ত্রোপচার পরবর্তী সংক্রমণ হয়েছে। আপনি স্ট্রেপ্টোকক্কাল সংক্রমণে ভুগছেন। আপনার স্ট্রেপ্টোকক্কাল সংক্রমণ সাধারণ অ্যান্টিবায়োটিকের প্রতি প্রতিরোধী হতে পারে। আপনার কালচার এবং সেনসিটিভিটি পরীক্ষা করা উচিত। এটি অ্যান্টিবায়োটিক নির্বাচন করতে সাহায্য করবে। আপনার ডাক্তারের সাথে পরামর্শ করুন এবং সেই অনুযায়ী চিকিৎসা নিন। আশা করি আমি আপনার প্রশ্নের উত্তর দিতে পেরেছি, যদি আপনার কোনো সন্দেহ থাকে তবে আমার সাথে bit.ly/ Chat Doctor-এ যোগাযোগ করুন। নাসেনিয়া ডক ব্যবহার করার জন্য ধন্যবাদ। আপনার সুস্বাস্থ্য কামনা করি।"
21450,"হেলো, ডেইরি, আমি আপনার প্রশ্নটি দেখেছি। আমি আপনার উদ্বেগ বুঝতে পারছি। আপনার হার্নিয়া সার্জারির ইতিহাস রয়েছে এবং এখন অস্ত্রোপচার পরবর্তী সংক্রমণ হয়েছে। আপনি স্ট্রেপ্টোকক্কাল সংক্রমণে ভুগছেন। আপনার স্ট্রেপ্টোকক্কাল সংক্রমণ সাধারণ অ্যান্টিবায়োটিকের প্রতি প্রতিরোধী হতে পারে। আপনার কালচার এবং সেনসিটিভিটি পরীক্ষা করা উচিত। এটি অ্যান্টিবায়োটিক নির্বাচন করতে সাহায্য করবে। আপনার ডাক্তারের সাথে পরামর্শ করুন এবং সেই অনুযায়ী চিকিৎসা নিন। আশা করি আমি আপনার প্রশ্নের উত্তর দিতে পেরেছি, যদি আপনার কোনো সন্দেহ থাকে তবে আমার সাথে bit.ly/ Chat Doctor-এ যোগাযোগ করুন। নাসেনিয়া ডক ব্যবহার করার জন্য ধন্যবাদ। আপনার সুস্বাস্থ্য কামনা করি।"
56338,"হেলো, ডেইরি, আমি আপনার প্রশ্নটি দেখেছি। আমি আপনার উদ্বেগ বুঝতে পারছি। আপনার হার্নিয়া সার্জারির ইতিহাস রয়েছে এবং এখন অস্ত্রোপচার পরবর্তী সংক্রমণ হয়েছে। আপনি স্ট্রেপ্টোকক্কাল সংক্রমণে ভুগছেন। আপনার স্ট্রেপ্টোকক্কাল সংক্রমণ সাধারণ অ্যান্টিবায়োটিকের প্রতি প্রতিরোধী হতে পারে। আপনার কালচার এবং সেনসিটিভিটি পরীক্ষা করা উচিত। এটি অ্যান্টিবায়োটিক নির্বাচন করতে সাহায্য করবে। আপনার ডাক্তারের সাথে পরামর্শ করুন এবং সেই অনুযায়ী চিকিৎসা নিন। আশা করি আমি আপনার প্রশ্নের উত্তর দিতে পেরেছি, যদি আপনার কোনো সন্দেহ থাকে তবে আমার সাথে bit.ly/ Chat Doctor-এ যোগাযোগ করুন। নাসেনিয়া ডক ব্যবহার করার জন্য ধন্যবাদ। আপনার সুস্বাস্থ্য কামনা করি।"
64683,"হেলো, ডেইরি, আমি আপনার প্রশ্নটি দেখেছি। আমি আপনার উদ্বেগ বুঝতে পারছি। আপনার হার্নিয়া সার্জারির ইতিহাস রয়েছে এবং এখন অস্ত্রোপচার পরবর্তী সংক্রমণ হয়েছে। আপনি স্ট্রেপ্টোকক্কাল সংক্রমণে ভুগছেন। আপনার স্ট্রেপ্টোকক্কাল সংক্রমণ সাধারণ অ্যান্টিবায়োটিকের প্রতি প্রতিরোধী হতে পারে। আপনার কালচার এবং সেনসিটিভিটি পরীক্ষা করা উচিত। এটি অ্যান্টিবায়োটিক নির্বাচন করতে সাহায্য করবে। আপনার ডাক্তারের সাথে পরামর্শ করুন এবং সেই অনুযায়ী চিকিৎসা নিন। আশা করি আমি আপনার প্রশ্নের উত্তর দিতে পেরেছি, যদি আপনার কোনো সন্দেহ থাকে তবে আমার সাথে bit.ly/ Chat Doctor-এ যোগাযোগ করুন। নাসেনিয়া ডক ব্যবহার করার জন্য ধন্যবাদ। আপনার সুস্বাস্থ্য কামনা করি।"
3584,"হেলো, ডেইরি, আমি আপনার প্রশ্নটি দেখেছি। আমি আপনার উদ্বেগ বুঝতে পারছি। আপনার হার্নিয়া সার্জারির ইতিহাস রয়েছে এবং এখন অস্ত্রোপচার পরবর্তী সংক্রমণ হয়েছে। আপনি স্ট্রেপ্টোকক্কাল সংক্রমণে ভুগছেন। আপনার স্ট্রেপ্টোকক্কাল সংক্রমণ সাধারণ অ্যান্টিবায়োটিকের প্রতি প্রতিরোধী হতে পারে। আপনার কালচার এবং সেনসিটিভিটি পরীক্ষা করা উচিত। এটি অ্যান্টিবায়োটিক নির্বাচন করতে সাহায্য করবে। আপনার ডাক্তারের সাথে পরামর্শ করুন এবং সেই অনুযায়ী চিকিৎসা নিন। আশা করি আমি আপনার প্রশ্নের উত্তর দিতে পেরেছি, যদি আপনার কোনো সন্দেহ থাকে তবে আমার সাথে bit.ly/ Chat Doctor-এ যোগাযোগ করুন। নাসেনিয়া ডক ব্যবহার করার জন্য ধন্যবাদ। আপনার সুস্বাস্থ্য কামনা করি।"
103506,"হেলো, ডেইরি, আমি আপনার প্রশ্নটি দেখেছি। আমি আপনার উদ্বেগ বুঝতে পারছি। আপনার হার্নিয়া সার্জারির ইতিহাস রয়েছে এবং এখন অস্ত্রোপচার পরবর্তী সংক্রমণ হয়েছে। আপনি স্ট্রেপ্টোকক্কাল সংক্রমণে ভুগছেন। আপনার স্ট্রেপ্টোকক্কাল সংক্রমণ সাধারণ অ্যান্টিবায়োটিকের প্রতি প্রতিরোধী হতে পারে। আপনার কালচার এবং সেনসিটিভিটি পরীক্ষা করা উচিত। এটি অ্যান্টিবায়োটিক নির্বাচন করতে সাহায্য করবে। আপনার ডাক্তারের সাথে পরামর্শ করুন এবং সেই অনুযায়ী চিকিৎসা নিন। আশা করি আমি আপনার প্রশ্নের উত্তর দিতে পেরেছি, যদি আপনার কোনো সন্দেহ থাকে তবে আমার সাথে bit.ly/ Chat Doctor-এ যোগাযোগ করুন। নাসেনিয়া ডক ব্যবহার করার জন্য ধন্যবাদ। আপনার সুস্বাস্থ্য কামনা করি।"
65626,"হেলো, ডেইরি, আমি আপনার প্রশ্নটি দেখেছি। আমি আপনার উদ্বেগ বুঝতে পারছি। আপনার হার্নিয়া সার্জারির ইতিহাস রয়েছে এবং এখন অস্ত্রোপচার পরবর্তী সংক্রমণ হয়েছে। আপনি স্ট্রেপ্টোকক্কাল সংক্রমণে ভুগছেন। আপনার স্ট্রেপ্টোকক্কাল সংক্রমণ সাধারণ অ্যান্টিবায়োটিকের প্রতি প্রতিরোধী হতে পারে। আপনার কালচার এবং সেনসিটিভিটি পরীক্ষা করা উচিত। এটি অ্যান্টিবায়োটিক নির্বাচন করতে সাহায্য করবে। আপনার ডাক্তারের সাথে পরামর্শ করুন এবং সেই অনুযায়ী চিকিৎসা নিন। আশা করি আমি আপনার প্রশ্নের উত্তর দিতে পেরেছি, যদি আপনার কোনো সন্দেহ থাকে তবে আমার সাথে bit.ly/ Chat Doctor-এ যোগাযোগ করুন। নাসেনিয়া ডক ব্যবহার করার জন্য ধন্যবাদ। আপনার সুস্বাস্থ্য কামনা করি।"
60757,"হেলো, ডেইরি, আমি আপনার প্রশ্নটি দেখেছি। আমি আপনার উদ্বেগ বুঝতে পারছি। আপনার হার্নিয়া সার্জারির ইতিহাস রয়েছে এবং এখন অস্ত্রোপচার পরবর্তী সংক্রমণ হয়েছে। আপনি স্ট্রেপ্টোকক্কাল সংক্রমণে ভুগছেন। আপনার স্ট্রেপ্টোকক্কাল সংক্রমণ সাধারণ অ্যান্টিবায়োটিকের প্রতি প্রতিরোধী হতে পারে। আপনার কালচার এবং সেনসিটিভিটি পরীক্ষা করা উচিত। এটি অ্যান্টিবায়োটিক নির্বাচন করতে সাহায্য করবে। আপনার ডাক্তারের সাথে পরামর্শ করুন এবং সেই অনুযায়ী চিকিৎসা নিন। আশা করি আমি আপনার প্রশ্নের উত্তর দিতে পেরেছি, যদি আপনার কোনো সন্দেহ থাকে তবে আমার সাথে bit.ly/ Chat Doctor-এ যোগাযোগ করুন। নাসেনিয়া ডক ব্যবহার করার জন্য ধন্যবাদ। আপনার সুস্বাস্থ্য কামনা করি।"
23110,"হেলো, ডেইরি, আমি আপনার প্রশ্নটি দেখেছি। আমি আপনার উদ্বেগ বুঝতে পারছি। আপনার হার্নিয়া সার্জারির ইতিহাস রয়েছে এবং এখন অস্ত্রোপচার পরবর্তী সংক্রমণ হয়েছে। আপনি স্ট্রেপ্টোকক্কাল সংক্রমণে ভুগছেন। আপনার স্ট্রেপ্টোকক্কাল সংক্রমণ সাধারণ অ্যান্টিবায়োটিকের প্রতি প্রতিরোধী হতে পারে। আপনার কালচার এবং সেনসিটিভিটি পরীক্ষা করা উচিত। এটি অ্যান্টিবায়োটিক নির্বাচন করতে সাহায্য করবে। আপনার ডাক্তারের সাথে পরামর্শ করুন এবং সেই অনুযায়ী চিকিৎসা নিন। আশা করি আমি আপনার প্রশ্নের উত্তর দিতে পেরেছি, যদি আপনার কোনো সন্দেহ থাকে তবে আমার সাথে bit.ly/ Chat Doctor-এ যোগাযোগ করুন। নাসেনিয়া ডক ব্যবহার করার জন্য ধন্যবাদ। আপনার সুস্বাস্থ্য কামনা করি।"
67409,"হেলো, ডেইরি, আমি আপনার প্রশ্নটি দেখেছি। আমি আপনার উদ্বেগ বুঝতে পারছি। আপনার হার্নিয়া সার্জারির ইতিহাস রয়েছে এবং এখন অস্ত্রোপচার পরবর্তী সংক্রমণ হয়েছে। আপনি স্ট্রেপ্টোকক্কাল সংক্রমণে ভুগছেন। আপনার স্ট্রেপ্টোকক্কাল সংক্রমণ সাধারণ অ্যান্টিবায়োটিকের প্রতি প্রতিরোধী হতে পারে। আপনার কালচার এবং সেনসিটিভিটি পরীক্ষা করা উচিত। এটি অ্যান্টিবায়োটিক নির্বাচন করতে সাহায্য করবে। আপনার ডাক্তারের সাথে পরামর্শ করুন এবং সেই অনুযায়ী চিকিৎসা নিন। আশা করি আমি আপনার প্রশ্নের উত্তর দিতে পেরেছি, যদি আপনার কোনো সন্দেহ থাকে তবে আমার সাথে bit.ly/ Chat Doctor-এ যোগাযোগ করুন। নাসেনিয়া ডক ব্যবহার করার জন্য ধন্যবাদ। আপনার সুস্বাস্থ্য কামনা করি।"
70167,"হেলো, ডেইরি, আমি আপনার প্রশ্নটি দেখেছি। আমি আপনার উদ্বেগ বুঝতে পারছি। আপনার হার্নিয়া সার্জারির ইতিহাস রয়েছে এবং এখন অস্ত্রোপচার পরবর্তী সংক্রমণ হয়েছে। আপনি স্ট্রেপ্টোকক্কাল সংক্রমণে ভুগছেন। আপনার স্ট্রেপ্টোকক্কাল সংক্রমণ সাধারণ অ্যান্টিবায়োটিকের প্রতি প্রতিরোধী হতে পারে। আপনার কালচার এবং সেনসিটিভিটি পরীক্ষা করা উচিত। এটি অ্যান্টিবায়োটিক নির্বাচন করতে সাহায্য করবে। আপনার ডাক্তারের সাথে পরামর্শ করুন এবং সেই অনুযায়ী চিকিৎসা নিন। আশা করি আমি আপনার প্রশ্নের উত্তর দিতে পেরেছি, যদি আপনার কোনো সন্দেহ থাকে তবে আমার সাথে bit.ly/ Chat Doctor-এ যোগাযোগ করুন। নাসেনিয়া ডক ব্যবহার করার জন্য ধন্যবাদ। আপনার সুস্বাস্থ্য কামনা করি।"
16378,"হেলো, ডেইরি, আমি আপনার প্রশ্নটি দেখেছি। আমি আপনার উদ্বেগ বুঝতে পারছি। আপনার হার্নিয়া সার্জারির ইতিহাস রয়েছে এবং এখন অস্ত্রোপচার পরবর্তী সংক্রমণ হয়েছে। আপনি স্ট্রেপ্টোকক্কাল সংক্রমণে ভুগছেন। আপনার স্ট্রেপ্টোকক্কাল সংক্রমণ সাধারণ অ্যান্টিবায়োটিকের প্রতি প্রতিরোধী হতে পারে। আপনার কালচার এবং সেনসিটিভিটি পরীক্ষা করা উচিত। এটি অ্যান্টিবায়োটিক নির্বাচন করতে সাহায্য করবে। আপনার ডাক্তারের সাথে পরামর্শ করুন এবং সেই অনুযায়ী চিকিৎসা নিন। আশা করি আমি আপনার প্রশ্নের উত্তর দিতে পেরেছি, যদি আপনার কোনো সন্দেহ থাকে তবে আমার সাথে bit.ly/ Chat Doctor-এ যোগাযোগ করুন। নাসেনিয়া ডক ব্যবহার করার জন্য ধন্যবাদ। আপনার সুস্বাস্থ্য কামনা করি।"
39390,"হেলো, ডেইরি, আমি আপনার প্রশ্নটি দেখেছি। আমি আপনার উদ্বেগ বুঝতে পারছি। আপনার হার্নিয়া সার্জারির ইতিহাস রয়েছে এবং এখন অস্ত্রোপচার পরবর্তী সংক্রমণ হয়েছে। আপনি স্ট্রেপ্টোকক্কাল সংক্রমণে ভুগছেন। আপনার স্ট্রেপ্টোকক্কাল সংক্রমণ সাধারণ অ্যান্টিবায়োটিকের প্রতি প্রতিরোধী হতে পারে। আপনার কালচার এবং সেনসিটিভিটি পরীক্ষা করা উচিত। এটি অ্যান্টিবায়োটিক নির্বাচন করতে সাহায্য করবে। আপনার ডাক্তারের সাথে পরামর্শ করুন এবং সেই অনুযায়ী চিকিৎসা নিন। আশা করি আমি আপনার প্রশ্নের উত্তর দিতে পেরেছি, যদি আপনার কোনো সন্দেহ থাকে তবে আমার সাথে bit.ly/ Chat Doctor-এ যোগাযোগ করুন। নাসেনিয়া ডক ব্যবহার করার জন্য ধন্যবাদ। আপনার সুস্বাস্থ্য কামনা করি।"
82051,"হেলো, ডেইরি, আমি আপনার প্রশ্নটি দেখেছি। আমি আপনার উদ্বেগ বুঝতে পারছি। আপনার হার্নিয়া সার্জারির ইতিহাস রয়েছে এবং এখন অস্ত্রোপচার পরবর্তী সংক্রমণ হয়েছে। আপনি স্ট্রেপ্টোকক্কাল সংক্রমণে ভুগছেন। আপনার স্ট্রেপ্টোকক্কাল সংক্রমণ সাধারণ অ্যান্টিবায়োটিকের প্রতি প্রতিরোধী হতে পারে। আপনার কালচার এবং সেনসিটিভিটি পরীক্ষা করা উচিত। এটি অ্যান্টিবায়োটিক নির্বাচন করতে সাহায্য করবে। আপনার ডাক্তারের সাথে পরামর্শ করুন এবং সেই অনুযায়ী চিকিৎসা নিন। আশা করি আমি আপনার প্রশ্নের উত্তর দিতে পেরেছি, যদি আপনার কোনো সন্দেহ থাকে তবে আমার সাথে bit.ly/ Chat Doctor-এ যোগাযোগ করুন। নাসেনিয়া ডক ব্যবহার করার জন্য ধন্যবাদ। আপনার সুস্বাস্থ্য কামনা করি।"
40003,"হেলো, ডেইরি, আমি আপনার প্রশ্নটি দেখেছি। আমি আপনার উদ্বেগ বুঝতে পারছি। আপনার হার্নিয়া সার্জারির ইতিহাস রয়েছে এবং এখন অস্ত্রোপচার পরবর্তী সংক্রমণ হয়েছে। আপনি স্ট্রেপ্টোকক্কাল সংক্রমণে ভুগছেন। আপনার স্ট্রেপ্টোকক্কাল সংক্রমণ সাধারণ অ্যান্টিবায়োটিকের প্রতি প্রতিরোধী হতে পারে। আপনার কালচার এবং সেনসিটিভিটি পরীক্ষা করা উচিত। এটি অ্যান্টিবায়োটিক নির্বাচন করতে সাহায্য করবে। আপনার ডাক্তারের সাথে পরামর্শ করুন এবং সেই অনুযায়ী চিকিৎসা নিন। আশা করি আমি আপনার প্রশ্নের উত্তর দিতে পেরেছি, যদি আপনার কোনো সন্দেহ থাকে তবে আমার সাথে bit.ly/ Chat Doctor-এ যোগাযোগ করুন। নাসেনিয়া ডক ব্যবহার করার জন্য ধন্যবাদ। আপনার সুস্বাস্থ্য কামনা করি।"
23378,"হেলো, ডেইরি, আমি আপনার প্রশ্নটি দেখেছি। আমি আপনার উদ্বেগ বুঝতে পারছি। আপনার হার্নিয়া সার্জারির ইতিহাস রয়েছে এবং এখন অস্ত্রোপচার পরবর্তী সংক্রমণ হয়েছে। আপনি স্ট্রেপ্টোকক্কাল সংক্রমণে ভুগছেন। আপনার স্ট্রেপ্টোকক্কাল সংক্রমণ সাধারণ অ্যান্টিবায়োটিকের প্রতি প্রতিরোধী হতে পারে। আপনার কালচার এবং সেনসিটিভিটি পরীক্ষা করা উচিত। এটি অ্যান্টিবায়োটিক নির্বাচন করতে সাহায্য করবে। আপনার ডাক্তারের সাথে পরামর্শ করুন এবং সেই অনুযায়ী চিকিৎসা নিন। আশা করি আমি আপনার প্রশ্নের উত্তর দিতে পেরেছি, যদি আপনার কোনো সন্দেহ থাকে তবে আমার সাথে bit.ly/ Chat Doctor-এ যোগাযোগ করুন। নাসেনিয়া ডক ব্যবহার করার জন্য ধন্যবাদ। আপনার সুস্বাস্থ্য কামনা করি।"
67924,"হেলো, ডেইরি, আমি আপনার প্রশ্নটি দেখেছি। আমি আপনার উদ্বেগ বুঝতে পারছি। আপনার হার্নিয়া সার্জারির ইতিহাস রয়েছে এবং এখন অস্ত্রোপচার পরবর্তী সংক্রমণ হয়েছে। আপনি স্ট্রেপ্টোকক্কাল সংক্রমণে ভুগছেন। আপনার স্ট্রেপ্টোকক্কাল সংক্রমণ সাধারণ অ্যান্টিবায়োটিকের প্রতি প্রতিরোধী হতে পারে। আপনার কালচার এবং সেনসিটিভিটি পরীক্ষা করা উচিত। এটি অ্যান্টিবায়োটিক নির্বাচন করতে সাহায্য করবে। আপনার ডাক্তারের সাথে পরামর্শ করুন এবং সেই অনুযায়ী চিকিৎসা নিন। আশা করি আমি আপনার প্রশ্নের উত্তর দিতে পেরেছি, যদি আপনার কোনো সন্দেহ থাকে তবে আমার সাথে bit.ly/ Chat Doctor-এ যোগাযোগ করুন। নাসেনিয়া ডক ব্যবহার করার জন্য ধন্যবাদ। আপনার সুস্বাস্থ্য কামনা করি।"
8084,"হেলো, ডেইরি, আমি আপনার প্রশ্নটি দেখেছি। আমি আপনার উদ্বেগ বুঝতে পারছি। আপনার হার্নিয়া সার্জারির ইতিহাস রয়েছে এবং এখন অস্ত্রোপচার পরবর্তী সংক্রমণ হয়েছে। আপনি স্ট্রেপ্টোকক্কাল সংক্রমণে ভুগছেন। আপনার স্ট্রেপ্টোকক্কাল সংক্রমণ সাধারণ অ্যান্টিবায়োটিকের প্রতি প্রতিরোধী হতে পারে। আপনার কালচার এবং সেনসিটিভিটি পরীক্ষা করা উচিত। এটি অ্যান্টিবায়োটিক নির্বাচন করতে সাহায্য করবে। আপনার ডাক্তারের সাথে পরামর্শ করুন এবং সেই অনুযায়ী চিকিৎসা নিন। আশা করি আমি আপনার প্রশ্নের উত্তর দিতে পেরেছি, যদি আপনার কোনো সন্দেহ থাকে তবে আমার সাথে bit.ly/ Chat Doctor-এ যোগাযোগ করুন। নাসেনিয়া ডক ব্যবহার করার জন্য ধন্যবাদ। আপনার সুস্বাস্থ্য কামনা করি।"
18840,"হেলো, ডেইরি, আমি আপনার প্রশ্নটি দেখেছি। আমি আপনার উদ্বেগ বুঝতে পারছি। আপনার হার্নিয়া সার্জারির ইতিহাস রয়েছে এবং এখন অস্ত্রোপচার পরবর্তী সংক্রমণ হয়েছে। আপনি স্ট্রেপ্টোকক্কাল সংক্রমণে ভুগছেন। আপনার স্ট্রেপ্টোকক্কাল সংক্রমণ সাধারণ অ্যান্টিবায়োটিকের প্রতি প্রতিরোধী হতে পারে। আপনার কালচার এবং সেনসিটিভিটি পরীক্ষা করা উচিত। এটি অ্যান্টিবায়োটিক নির্বাচন করতে সাহায্য করবে। আপনার ডাক্তারের সাথে পরামর্শ করুন এবং সেই অনুযায়ী চিকিৎসা নিন। আশা করি আমি আপনার প্রশ্নের উত্তর দিতে পেরেছি, যদি আপনার কোনো সন্দেহ থাকে তবে আমার সাথে bit.ly/ Chat Doctor-এ যোগাযোগ করুন। নাসেনিয়া ডক ব্যবহার করার জন্য ধন্যবাদ। আপনার সুস্বাস্থ্য কামনা করি।"
17140,"হেলো, ডেইরি, আমি আপনার প্রশ্নটি দেখেছি। আমি আপনার উদ্বেগ বুঝতে পারছি। আপনার হার্নিয়া সার্জারির ইতিহাস রয়েছে এবং এখন অস্ত্রোপচার পরবর্তী সংক্রমণ হয়েছে। আপনি স্ট্রেপ্টোকক্কাল সংক্রমণে ভুগছেন। আপনার স্ট্রেপ্টোকক্কাল সংক্রমণ সাধারণ অ্যান্টিবায়োটিকের প্রতি প্রতিরোধী হতে পারে। আপনার কালচার এবং সেনসিটিভিটি পরীক্ষা করা উচিত। এটি অ্যান্টিবায়োটিক নির্বাচন করতে সাহায্য করবে। আপনার ডাক্তারের সাথে পরামর্শ করুন এবং সেই অনুযায়ী চিকিৎসা নিন। আশা করি আমি আপনার প্রশ্নের উত্তর দিতে পেরেছি, যদি আপনার কোনো সন্দেহ থাকে তবে আমার সাথে bit.ly/ Chat Doctor-এ যোগাযোগ করুন। নাসেনিয়া ডক ব্যবহার করার জন্য ধন্যবাদ। আপনার সুস্বাস্থ্য কামনা করি।"
74647,"হেলো, ডেইরি, আমি আপনার প্রশ্নটি দেখেছি। আমি আপনার উদ্বেগ বুঝতে পারছি। আপনার হার্নিয়া সার্জারির ইতিহাস রয়েছে এবং এখন অস্ত্রোপচার পরবর্তী সংক্রমণ হয়েছে। আপনি স্ট্রেপ্টোকক্কাল সংক্রমণে ভুগছেন। আপনার স্ট্রেপ্টোকক্কাল সংক্রমণ সাধারণ অ্যান্টিবায়োটিকের প্রতি প্রতিরোধী হতে পারে। আপনার কালচার এবং সেনসিটিভিটি পরীক্ষা করা উচিত। এটি অ্যান্টিবায়োটিক নির্বাচন করতে সাহায্য করবে। আপনার ডাক্তারের সাথে পরামর্শ করুন এবং সেই অনুযায়ী চিকিৎসা নিন। আশা করি আমি আপনার প্রশ্নের উত্তর দিতে পেরেছি, যদি আপনার কোনো সন্দেহ থাকে তবে আমার সাথে bit.ly/ Chat Doctor-এ যোগাযোগ করুন। নাসেনিয়া ডক ব্যবহার করার জন্য ধন্যবাদ। আপনার সুস্বাস্থ্য কামনা করি।"
1825,"হেলো, ডেইরি, আমি আপনার প্রশ্নটি দেখেছি। আমি আপনার উদ্বেগ বুঝতে পারছি। আপনার হার্নিয়া সার্জারির ইতিহাস রয়েছে এবং এখন অস্ত্রোপচার পরবর্তী সংক্রমণ হয়েছে। আপনি স্ট্রেপ্টোকক্কাল সংক্রমণে ভুগছেন। আপনার স্ট্রেপ্টোকক্কাল সংক্রমণ সাধারণ অ্যান্টিবায়োটিকের প্রতি প্রতিরোধী হতে পারে। আপনার কালচার এবং সেনসিটিভিটি পরীক্ষা করা উচিত। এটি অ্যান্টিবায়োটিক নির্বাচন করতে সাহায্য করবে। আপনার ডাক্তারের সাথে পরামর্শ করুন এবং সেই অনুযায়ী চিকিৎসা নিন। আশা করি আমি আপনার প্রশ্নের উত্তর দিতে পেরেছি, যদি আপনার কোনো সন্দেহ থাকে তবে আমার সাথে bit.ly/ Chat Doctor-এ যোগাযোগ করুন। নাসেনিয়া ডক ব্যবহার করার জন্য ধন্যবাদ। আপনার সুস্বাস্থ্য কামনা করি।"
88506,"হেলো, ডেইরি, আমি আপনার প্রশ্নটি দেখেছি। আমি আপনার উদ্বেগ বুঝতে পারছি। আপনার হার্নিয়া সার্জারির ইতিহাস রয়েছে এবং এখন অস্ত্রোপচার পরবর্তী সংক্রমণ হয়েছে। আপনি স্ট্রেপ্টোকক্কাল সংক্রমণে ভুগছেন। আপনার স্ট্রেপ্টোকক্কাল সংক্রমণ সাধারণ অ্যান্টিবায়োটিকের প্রতি প্রতিরোধী হতে পারে। আপনার কালচার এবং সেনসিটিভিটি পরীক্ষা করা উচিত। এটি অ্যান্টিবায়োটিক নির্বাচন করতে সাহায্য করবে। আপনার ডাক্তারের সাথে পরামর্শ করুন এবং সেই অনুযায়ী চিকিৎসা নিন। আশা করি আমি আপনার প্রশ্নের উত্তর দিতে পেরেছি, যদি আপনার কোনো সন্দেহ থাকে তবে আমার সাথে bit.ly/ Chat Doctor-এ যোগাযোগ করুন। নাসেনিয়া ডক ব্যবহার করার জন্য ধন্যবাদ। আপনার সুস্বাস্থ্য কামনা করি।"
6243,"হেলো, ডেইরি, আমি আপনার প্রশ্নটি দেখেছি। আমি আপনার উদ্বেগ বুঝতে পারছি। আপনার হার্নিয়া সার্জারির ইতিহাস রয়েছে এবং এখন অস্ত্রোপচার পরবর্তী সংক্রমণ হয়েছে। আপনি স্ট্রেপ্টোকক্কাল সংক্রমণে ভুগছেন। আপনার স্ট্রেপ্টোকক্কাল সংক্রমণ সাধারণ অ্যান্টিবায়োটিকের প্রতি প্রতিরোধী হতে পারে। আপনার কালচার এবং সেনসিটিভিটি পরীক্ষা করা উচিত। এটি অ্যান্টিবায়োটিক নির্বাচন করতে সাহায্য করবে। আপনার ডাক্তারের সাথে পরামর্শ করুন এবং সেই অনুযায়ী চিকিৎসা নিন। আশা করি আমি আপনার প্রশ্নের উত্তর দিতে পেরেছি, যদি আপনার কোনো সন্দেহ থাকে তবে আমার সাথে bit.ly/ Chat Doctor-এ যোগাযোগ করুন। নাসেনিয়া ডক ব্যবহার করার জন্য ধন্যবাদ। আপনার সুস্বাস্থ্য কামনা করি।"
60359,"হেলো, ডেইরি, আমি আপনার প্রশ্নটি দেখেছি। আমি আপনার উদ্বেগ বুঝতে পারছি। আপনার হার্নিয়া সার্জারির ইতিহাস রয়েছে এবং এখন অস্ত্রোপচার পরবর্তী সংক্রমণ হয়েছে। আপনি স্ট্রেপ্টোকক্কাল সংক্রমণে ভুগছেন। আপনার স্ট্রেপ্টোকক্কাল সংক্রমণ সাধারণ অ্যান্টিবায়োটিকের প্রতি প্রতিরোধী হতে পারে। আপনার কালচার এবং সেনসিটিভিটি পরীক্ষা করা উচিত। এটি অ্যান্টিবায়োটিক নির্বাচন করতে সাহায্য করবে। আপনার ডাক্তারের সাথে পরামর্শ করুন এবং সেই অনুযায়ী চিকিৎসা নিন। আশা করি আমি আপনার প্রশ্নের উত্তর দিতে পেরেছি, যদি আপনার কোনো সন্দেহ থাকে তবে আমার সাথে bit.ly/ Chat Doctor-এ যোগাযোগ করুন। নাসেনিয়া ডক ব্যবহার করার জন্য ধন্যবাদ। আপনার সুস্বাস্থ্য কামনা করি।"
72471,"হেলো, ডেইরি, আমি আপনার প্রশ্নটি দেখেছি। আমি আপনার উদ্বেগ বুঝতে পারছি। আপনার হার্নিয়া সার্জারির ইতিহাস রয়েছে এবং এখন অস্ত্রোপচার পরবর্তী সংক্রমণ হয়েছে। আপনি স্ট্রেপ্টোকক্কাল সংক্রমণে ভুগছেন। আপনার স্ট্রেপ্টোকক্কাল সংক্রমণ সাধারণ অ্যান্টিবায়োটিকের প্রতি প্রতিরোধী হতে পারে। আপনার কালচার এবং সেনসিটিভিটি পরীক্ষা করা উচিত। এটি অ্যান্টিবায়োটিক নির্বাচন করতে সাহায্য করবে। আপনার ডাক্তারের সাথে পরামর্শ করুন এবং সেই অনুযায়ী চিকিৎসা নিন। আশা করি আমি আপনার প্রশ্নের উত্তর দিতে পেরেছি, যদি আপনার কোনো সন্দেহ থাকে তবে আমার সাথে bit.ly/ Chat Doctor-এ যোগাযোগ করুন। নাসেনিয়া ডক ব্যবহার করার জন্য ধন্যবাদ। আপনার সুস্বাস্থ্য কামনা করি।"
69853,"হেলো, ডেইরি, আমি আপনার প্রশ্নটি দেখেছি। আমি আপনার উদ্বেগ বুঝতে পারছি। আপনার হার্নিয়া সার্জারির ইতিহাস রয়েছে এবং এখন অস্ত্রোপচার পরবর্তী সংক্রমণ হয়েছে। আপনি স্ট্রেপ্টোকক্কাল সংক্রমণে ভুগছেন। আপনার স্ট্রেপ্টোকক্কাল সংক্রমণ সাধারণ অ্যান্টিবায়োটিকের প্রতি প্রতিরোধী হতে পারে। আপনার কালচার এবং সেনসিটিভিটি পরীক্ষা করা উচিত। এটি অ্যান্টিবায়োটিক নির্বাচন করতে সাহায্য করবে। আপনার ডাক্তারের সাথে পরামর্শ করুন এবং সেই অনুযায়ী চিকিৎসা নিন। আশা করি আমি আপনার প্রশ্নের উত্তর দিতে পেরেছি, যদি আপনার কোনো সন্দেহ থাকে তবে আমার সাথে bit.ly/ Chat Doctor-এ যোগাযোগ করুন। নাসেনিয়া ডক ব্যবহার করার জন্য ধন্যবাদ। আপনার সুস্বাস্থ্য কামনা করি।"
1842,"হেলো, ডেইরি, আমি আপনার প্রশ্নটি দেখেছি। আমি আপনার উদ্বেগ বুঝতে পারছি। আপনার হার্নিয়া সার্জারির ইতিহাস রয়েছে এবং এখন অস্ত্রোপচার পরবর্তী সংক্রমণ হয়েছে। আপনি স্ট্রেপ্টোকক্কাল সংক্রমণে ভুগছেন। আপনার স্ট্রেপ্টোকক্কাল সংক্রমণ সাধারণ অ্যান্টিবায়োটিকের প্রতি প্রতিরোধী হতে পারে। আপনার কালচার এবং সেনসিটিভিটি পরীক্ষা করা উচিত। এটি অ্যান্টিবায়োটিক নির্বাচন করতে সাহায্য করবে। আপনার ডাক্তারের সাথে পরামর্শ করুন এবং সেই অনুযায়ী চিকিৎসা নিন। আশা করি আমি আপনার প্রশ্নের উত্তর দিতে পেরেছি, যদি আপনার কোনো সন্দেহ থাকে তবে আমার সাথে bit.ly/ Chat Doctor-এ যোগাযোগ করুন। নাসেনিয়া ডক ব্যবহার করার জন্য ধন্যবাদ। আপনার সুস্বাস্থ্য কামনা করি।"
25496,"হেলো, ডেইরি, আমি আপনার প্রশ্নটি দেখেছি। আমি আপনার উদ্বেগ বুঝতে পারছি। আপনার হার্নিয়া সার্জারির ইতিহাস রয়েছে এবং এখন অস্ত্রোপচার পরবর্তী সংক্রমণ হয়েছে। আপনি স্ট্রেপ্টোকক্কাল সংক্রমণে ভুগছেন। আপনার স্ট্রেপ্টোকক্কাল সংক্রমণ সাধারণ অ্যান্টিবায়োটিকের প্রতি প্রতিরোধী হতে পারে। আপনার কালচার এবং সেনসিটিভিটি পরীক্ষা করা উচিত। এটি অ্যান্টিবায়োটিক নির্বাচন করতে সাহায্য করবে। আপনার ডাক্তারের সাথে পরামর্শ করুন এবং সেই অনুযায়ী চিকিৎসা নিন। আশা করি আমি আপনার প্রশ্নের উত্তর দিতে পেরেছি, যদি আপনার কোনো সন্দেহ থাকে তবে আমার সাথে bit.ly/ Chat Doctor-এ যোগাযোগ করুন। নাসেনিয়া ডক ব্যবহার করার জন্য ধন্যবাদ। আপনার সুস্বাস্থ্য কামনা করি।"
56449,"হেলো, ডেইরি, আমি আপনার প্রশ্নটি দেখেছি। আমি আপনার উদ্বেগ বুঝতে পারছি। আপনার হার্নিয়া সার্জারির ইতিহাস রয়েছে এবং এখন অস্ত্রোপচার পরবর্তী সংক্রমণ হয়েছে। আপনি স্ট্রেপ্টোকক্কাল সংক্রমণে ভুগছেন। আপনার স্ট্রেপ্টোকক্কাল সংক্রমণ সাধারণ অ্যান্টিবায়োটিকের প্রতি প্রতিরোধী হতে পারে। আপনার কালচার এবং সেনসিটিভিটি পরীক্ষা করা উচিত। এটি অ্যান্টিবায়োটিক নির্বাচন করতে সাহায্য করবে। আপনার ডাক্তারের সাথে পরামর্শ করুন এবং সেই অনুযায়ী চিকিৎসা নিন। আশা করি আমি আপনার প্রশ্নের উত্তর দিতে পেরেছি, যদি আপনার কোনো সন্দেহ থাকে তবে আমার সাথে bit.ly/ Chat Doctor-এ যোগাযোগ করুন। নাসেনিয়া ডক ব্যবহার করার জন্য ধন্যবাদ। আপনার সুস্বাস্থ্য কামনা করি।"
89436,"হেলো, ডেইরি, আমি আপনার প্রশ্নটি দেখেছি। আমি আপনার উদ্বেগ বুঝতে পারছি। আপনার হার্নিয়া সার্জারির ইতিহাস রয়েছে এবং এখন অস্ত্রোপচার পরবর্তী সংক্রমণ হয়েছে। আপনি স্ট্রেপ্টোকক্কাল সংক্রমণে ভুগছেন। আপনার স্ট্রেপ্টোকক্কাল সংক্রমণ সাধারণ অ্যান্টিবায়োটিকের প্রতি প্রতিরোধী হতে পারে। আপনার কালচার এবং সেনসিটিভিটি পরীক্ষা করা উচিত। এটি অ্যান্টিবায়োটিক নির্বাচন করতে সাহায্য করবে। আপনার ডাক্তারের সাথে পরামর্শ করুন এবং সেই অনুযায়ী চিকিৎসা নিন। আশা করি আমি আপনার প্রশ্নের উত্তর দিতে পেরেছি, যদি আপনার কোনো সন্দেহ থাকে তবে আমার সাথে bit.ly/ Chat Doctor-এ যোগাযোগ করুন। নাসেনিয়া ডক ব্যবহার করার জন্য ধন্যবাদ। আপনার সুস্বাস্থ্য কামনা করি।"
14129,"হেলো, ডেইরি, আমি আপনার প্রশ্নটি দেখেছি। আমি আপনার উদ্বেগ বুঝতে পারছি। আপনার হার্নিয়া সার্জারির ইতিহাস রয়েছে এবং এখন অস্ত্রোপচার পরবর্তী সংক্রমণ হয়েছে। আপনি স্ট্রেপ্টোকক্কাল সংক্রমণে ভুগছেন। আপনার স্ট্রেপ্টোকক্কাল সংক্রমণ সাধারণ অ্যান্টিবায়োটিকের প্রতি প্রতিরোধী হতে পারে। আপনার কালচার এবং সেনসিটিভিটি পরীক্ষা করা উচিত। এটি অ্যান্টিবায়োটিক নির্বাচন করতে সাহায্য করবে। আপনার ডাক্তারের সাথে পরামর্শ করুন এবং সেই অনুযায়ী চিকিৎসা নিন। আশা করি আমি আপনার প্রশ্নের উত্তর দিতে পেরেছি, যদি আপনার কোনো সন্দেহ থাকে তবে আমার সাথে bit.ly/ Chat Doctor-এ যোগাযোগ করুন। নাসেনিয়া ডক ব্যবহার করার জন্য ধন্যবাদ। আপনার সুস্বাস্থ্য কামনা করি।"
72013,"হেলো, ডেইরি, আমি আপনার প্রশ্নটি দেখেছি। আমি আপনার উদ্বেগ বুঝতে পারছি। আপনার হার্নিয়া সার্জারির ইতিহাস রয়েছে এবং এখন অস্ত্রোপচার পরবর্তী সংক্রমণ হয়েছে। আপনি স্ট্রেপ্টোকক্কাল সংক্রমণে ভুগছেন। আপনার স্ট্রেপ্টোকক্কাল সংক্রমণ সাধারণ অ্যান্টিবায়োটিকের প্রতি প্রতিরোধী হতে পারে। আপনার কালচার এবং সেনসিটিভিটি পরীক্ষা করা উচিত। এটি অ্যান্টিবায়োটিক নির্বাচন করতে সাহায্য করবে। আপনার ডাক্তারের সাথে পরামর্শ করুন এবং সেই অনুযায়ী চিকিৎসা নিন। আশা করি আমি আপনার প্রশ্নের উত্তর দিতে পেরেছি, যদি আপনার কোনো সন্দেহ থাকে তবে আমার সাথে bit.ly/ Chat Doctor-এ যোগাযোগ করুন। নাসেনিয়া ডক ব্যবহার করার জন্য ধন্যবাদ। আপনার সুস্বাস্থ্য কামনা করি।"
11132,"হেলো, ডেইরি, আমি আপনার প্রশ্নটি দেখেছি। আমি আপনার উদ্বেগ বুঝতে পারছি। আপনার হার্নিয়া সার্জারির ইতিহাস রয়েছে এবং এখন অস্ত্রোপচার পরবর্তী সংক্রমণ হয়েছে। আপনি স্ট্রেপ্টোকক্কাল সংক্রমণে ভুগছেন। আপনার স্ট্রেপ্টোকক্কাল সংক্রমণ সাধারণ অ্যান্টিবায়োটিকের প্রতি প্রতিরোধী হতে পারে। আপনার কালচার এবং সেনসিটিভিটি পরীক্ষা করা উচিত। এটি অ্যান্টিবায়োটিক নির্বাচন করতে সাহায্য করবে। আপনার ডাক্তারের সাথে পরামর্শ করুন এবং সেই অনুযায়ী চিকিৎসা নিন। আশা করি আমি আপনার প্রশ্নের উত্তর দিতে পেরেছি, যদি আপনার কোনো সন্দেহ থাকে তবে আমার সাথে bit.ly/ Chat Doctor-এ যোগাযোগ করুন। নাসেনিয়া ডক ব্যবহার করার জন্য ধন্যবাদ। আপনার সুস্বাস্থ্য কামনা করি।"
48202,"হেলো, ডেইরি, আমি আপনার প্রশ্নটি দেখেছি। আমি আপনার উদ্বেগ বুঝতে পারছি। আপনার হার্নিয়া সার্জারির ইতিহাস রয়েছে এবং এখন অস্ত্রোপচার পরবর্তী সংক্রমণ হয়েছে। আপনি স্ট্রেপ্টোকক্কাল সংক্রমণে ভুগছেন। আপনার স্ট্রেপ্টোকক্কাল সংক্রমণ সাধারণ অ্যান্টিবায়োটিকের প্রতি প্রতিরোধী হতে পারে। আপনার কালচার এবং সেনসিটিভিটি পরীক্ষা করা উচিত। এটি অ্যান্টিবায়োটিক নির্বাচন করতে সাহায্য করবে। আপনার ডাক্তারের সাথে পরামর্শ করুন এবং সেই অনুযায়ী চিকিৎসা নিন। আশা করি আমি আপনার প্রশ্নের উত্তর দিতে পেরেছি, যদি আপনার কোনো সন্দেহ থাকে তবে আমার সাথে bit.ly/ Chat Doctor-এ যোগাযোগ করুন। নাসেনিয়া ডক ব্যবহার করার জন্য ধন্যবাদ। আপনার সুস্বাস্থ্য কামনা করি।"
30335,"হেলো, ডেইরি, আমি আপনার প্রশ্নটি দেখেছি। আমি আপনার উদ্বেগ বুঝতে পারছি। আপনার হার্নিয়া সার্জারির ইতিহাস রয়েছে এবং এখন অস্ত্রোপচার পরবর্তী সংক্রমণ হয়েছে। আপনি স্ট্রেপ্টোকক্কাল সংক্রমণে ভুগছেন। আপনার স্ট্রেপ্টোকক্কাল সংক্রমণ সাধারণ অ্যান্টিবায়োটিকের প্রতি প্রতিরোধী হতে পারে। আপনার কালচার এবং সেনসিটিভিটি পরীক্ষা করা উচিত। এটি অ্যান্টিবায়োটিক নির্বাচন করতে সাহায্য করবে। আপনার ডাক্তারের সাথে পরামর্শ করুন এবং সেই অনুযায়ী চিকিৎসা নিন। আশা করি আমি আপনার প্রশ্নের উত্তর দিতে পেরেছি, যদি আপনার কোনো সন্দেহ থাকে তবে আমার সাথে bit.ly/ Chat Doctor-এ যোগাযোগ করুন। নাসেনিয়া ডক ব্যবহার করার জন্য ধন্যবাদ। আপনার সুস্বাস্থ্য কামনা করি।"
22543,"হেলো, ডেইরি, আমি আপনার প্রশ্নটি দেখেছি। আমি আপনার উদ্বেগ বুঝতে পারছি। আপনার হার্নিয়া সার্জারির ইতিহাস রয়েছে এবং এখন অস্ত্রোপচার পরবর্তী সংক্রমণ হয়েছে। আপনি স্ট্রেপ্টোকক্কাল সংক্রমণে ভুগছেন। আপনার স্ট্রেপ্টোকক্কাল সংক্রমণ সাধারণ অ্যান্টিবায়োটিকের প্রতি প্রতিরোধী হতে পারে। আপনার কালচার এবং সেনসিটিভিটি পরীক্ষা করা উচিত। এটি অ্যান্টিবায়োটিক নির্বাচন করতে সাহায্য করবে। আপনার ডাক্তারের সাথে পরামর্শ করুন এবং সেই অনুযায়ী চিকিৎসা নিন। আশা করি আমি আপনার প্রশ্নের উত্তর দিতে পেরেছি, যদি আপনার কোনো সন্দেহ থাকে তবে আমার সাথে bit.ly/ Chat Doctor-এ যোগাযোগ করুন। নাসেনিয়া ডক ব্যবহার করার জন্য ধন্যবাদ। আপনার সুস্বাস্থ্য কামনা করি।"
56345,"হেলো, ডেইরি, আমি আপনার প্রশ্নটি দেখেছি। আমি আপনার উদ্বেগ বুঝতে পারছি। আপনার হার্নিয়া সার্জারির ইতিহাস রয়েছে এবং এখন অস্ত্রোপচার পরবর্তী সংক্রমণ হয়েছে। আপনি স্ট্রেপ্টোকক্কাল সংক্রমণে ভুগছেন। আপনার স্ট্রেপ্টোকক্কাল সংক্রমণ সাধারণ অ্যান্টিবায়োটিকের প্রতি প্রতিরোধী হতে পারে। আপনার কালচার এবং সেনসিটিভিটি পরীক্ষা করা উচিত। এটি অ্যান্টিবায়োটিক নির্বাচন করতে সাহায্য করবে। আপনার ডাক্তারের সাথে পরামর্শ করুন এবং সেই অনুযায়ী চিকিৎসা নিন। আশা করি আমি আপনার প্রশ্নের উত্তর দিতে পেরেছি, যদি আপনার কোনো সন্দেহ থাকে তবে আমার সাথে bit.ly/ Chat Doctor-এ যোগাযোগ করুন। নাসেনিয়া ডক ব্যবহার করার জন্য ধন্যবাদ। আপনার সুস্বাস্থ্য কামনা করি।"
52557,"হেলো, ডেইরি, আমি আপনার প্রশ্নটি দেখেছি। আমি আপনার উদ্বেগ বুঝতে পারছি। আপনার হার্নিয়া সার্জারির ইতিহাস রয়েছে এবং এখন অস্ত্রোপচার পরবর্তী সংক্রমণ হয়েছে। আপনি স্ট্রেপ্টোকক্কাল সংক্রমণে ভুগছেন। আপনার স্ট্রেপ্টোকক্কাল সংক্রমণ সাধারণ অ্যান্টিবায়োটিকের প্রতি প্রতিরোধী হতে পারে। আপনার কালচার এবং সেনসিটিভিটি পরীক্ষা করা উচিত। এটি অ্যান্টিবায়োটিক নির্বাচন করতে সাহায্য করবে। আপনার ডাক্তারের সাথে পরামর্শ করুন এবং সেই অনুযায়ী চিকিৎসা নিন। আশা করি আমি আপনার প্রশ্নের উত্তর দিতে পেরেছি, যদি আপনার কোনো সন্দেহ থাকে তবে আমার সাথে bit.ly/ Chat Doctor-এ যোগাযোগ করুন। নাসেনিয়া ডক ব্যবহার করার জন্য ধন্যবাদ। আপনার সুস্বাস্থ্য কামনা করি।"
27008,"হেলো, ডেইরি, আমি আপনার প্রশ্নটি দেখেছি। আমি আপনার উদ্বেগ বুঝতে পারছি। আপনার হার্নিয়া সার্জারির ইতিহাস রয়েছে এবং এখন অস্ত্রোপচার পরবর্তী সংক্রমণ হয়েছে। আপনি স্ট্রেপ্টোকক্কাল সংক্রমণে ভুগছেন। আপনার স্ট্রেপ্টোকক্কাল সংক্রমণ সাধারণ অ্যান্টিবায়োটিকের প্রতি প্রতিরোধী হতে পারে। আপনার কালচার এবং সেনসিটিভিটি পরীক্ষা করা উচিত। এটি অ্যান্টিবায়োটিক নির্বাচন করতে সাহায্য করবে। আপনার ডাক্তারের সাথে পরামর্শ করুন এবং সেই অনুযায়ী চিকিৎসা নিন। আশা করি আমি আপনার প্রশ্নের উত্তর দিতে পেরেছি, যদি আপনার কোনো সন্দেহ থাকে তবে আমার সাথে bit.ly/ Chat Doctor-এ যোগাযোগ করুন। নাসেনিয়া ডক ব্যবহার করার জন্য ধন্যবাদ। আপনার সুস্বাস্থ্য কামনা করি।"
106342,"হেলো, ডেইরি, আমি আপনার প্রশ্নটি দেখেছি। আমি আপনার উদ্বেগ বুঝতে পারছি। আপনার হার্নিয়া সার্জারির ইতিহাস রয়েছে এবং এখন অস্ত্রোপচার পরবর্তী সংক্রমণ হয়েছে। আপনি স্ট্রেপ্টোকক্কাল সংক্রমণে ভুগছেন। আপনার স্ট্রেপ্টোকক্কাল সংক্রমণ সাধারণ অ্যান্টিবায়োটিকের প্রতি প্রতিরোধী হতে পারে। আপনার কালচার এবং সেনসিটিভিটি পরীক্ষা করা উচিত। এটি অ্যান্টিবায়োটিক নির্বাচন করতে সাহায্য করবে। আপনার ডাক্তারের সাথে পরামর্শ করুন এবং সেই অনুযায়ী চিকিৎসা নিন। আশা করি আমি আপনার প্রশ্নের উত্তর দিতে পেরেছি, যদি আপনার কোনো সন্দেহ থাকে তবে আমার সাথে bit.ly/ Chat Doctor-এ যোগাযোগ করুন। নাসেনিয়া ডক ব্যবহার করার জন্য ধন্যবাদ। আপনার সুস্বাস্থ্য কামনা করি।"
55809,"হেলো, ডেইরি, আমি আপনার প্রশ্নটি দেখেছি। আমি আপনার উদ্বেগ বুঝতে পারছি। আপনার হার্নিয়া সার্জারির ইতিহাস রয়েছে এবং এখন অস্ত্রোপচার পরবর্তী সংক্রমণ হয়েছে। আপনি স্ট্রেপ্টোকক্কাল সংক্রমণে ভুগছেন। আপনার স্ট্রেপ্টোকক্কাল সংক্রমণ সাধারণ অ্যান্টিবায়োটিকের প্রতি প্রতিরোধী হতে পারে। আপনার কালচার এবং সেনসিটিভিটি পরীক্ষা করা উচিত। এটি অ্যান্টিবায়োটিক নির্বাচন করতে সাহায্য করবে। আপনার ডাক্তারের সাথে পরামর্শ করুন এবং সেই অনুযায়ী চিকিৎসা নিন। আশা করি আমি আপনার প্রশ্নের উত্তর দিতে পেরেছি, যদি আপনার কোনো সন্দেহ থাকে তবে আমার সাথে bit.ly/ Chat Doctor-এ যোগাযোগ করুন। নাসেনিয়া ডক ব্যবহার করার জন্য ধন্যবাদ। আপনার সুস্বাস্থ্য কামনা করি।"
89380,"হেলো, ডেইরি, আমি আপনার প্রশ্নটি দেখেছি। আমি আপনার উদ্বেগ বুঝতে পারছি। আপনার হার্নিয়া সার্জারির ইতিহাস রয়েছে এবং এখন অস্ত্রোপচার পরবর্তী সংক্রমণ হয়েছে। আপনি স্ট্রেপ্টোকক্কাল সংক্রমণে ভুগছেন। আপনার স্ট্রেপ্টোকক্কাল সংক্রমণ সাধারণ অ্যান্টিবায়োটিকের প্রতি প্রতিরোধী হতে পারে। আপনার কালচার এবং সেনসিটিভিটি পরীক্ষা করা উচিত। এটি অ্যান্টিবায়োটিক নির্বাচন করতে সাহায্য করবে। আপনার ডাক্তারের সাথে পরামর্শ করুন এবং সেই অনুযায়ী চিকিৎসা নিন। আশা করি আমি আপনার প্রশ্নের উত্তর দিতে পেরেছি, যদি আপনার কোনো সন্দেহ থাকে তবে আমার সাথে bit.ly/ Chat Doctor-এ যোগাযোগ করুন। নাসেনিয়া ডক ব্যবহার করার জন্য ধন্যবাদ। আপনার সুস্বাস্থ্য কামনা করি।"
107801,"হেলো, ডেইরি, আমি আপনার প্রশ্নটি দেখেছি। আমি আপনার উদ্বেগ বুঝতে পারছি। আপনার হার্নিয়া সার্জারির ইতিহাস রয়েছে এবং এখন অস্ত্রোপচার পরবর্তী সংক্রমণ হয়েছে। আপনি স্ট্রেপ্টোকক্কাল সংক্রমণে ভুগছেন। আপনার স্ট্রেপ্টোকক্কাল সংক্রমণ সাধারণ অ্যান্টিবায়োটিকের প্রতি প্রতিরোধী হতে পারে। আপনার কালচার এবং সেনসিটিভিটি পরীক্ষা করা উচিত। এটি অ্যান্টিবায়োটিক নির্বাচন করতে সাহায্য করবে। আপনার ডাক্তারের সাথে পরামর্শ করুন এবং সেই অনুযায়ী চিকিৎসা নিন। আশা করি আমি আপনার প্রশ্নের উত্তর দিতে পেরেছি, যদি আপনার কোনো সন্দেহ থাকে তবে আমার সাথে bit.ly/ Chat Doctor-এ যোগাযোগ করুন। নাসেনিয়া ডক ব্যবহার করার জন্য ধন্যবাদ। আপনার সুস্বাস্থ্য কামনা করি।"
37539,"হেলো, ডেইরি, আমি আপনার প্রশ্নটি দেখেছি। আমি আপনার উদ্বেগ বুঝতে পারছি। আপনার হার্নিয়া সার্জারির ইতিহাস রয়েছে এবং এখন অস্ত্রোপচার পরবর্তী সংক্রমণ হয়েছে। আপনি স্ট্রেপ্টোকক্কাল সংক্রমণে ভুগছেন। আপনার স্ট্রেপ্টোকক্কাল সংক্রমণ সাধারণ অ্যান্টিবায়োটিকের প্রতি প্রতিরোধী হতে পারে। আপনার কালচার এবং সেনসিটিভিটি পরীক্ষা করা উচিত। এটি অ্যান্টিবায়োটিক নির্বাচন করতে সাহায্য করবে। আপনার ডাক্তারের সাথে পরামর্শ করুন এবং সেই অনুযায়ী চিকিৎসা নিন। আশা করি আমি আপনার প্রশ্নের উত্তর দিতে পেরেছি, যদি আপনার কোনো সন্দেহ থাকে তবে আমার সাথে bit.ly/ Chat Doctor-এ যোগাযোগ করুন। নাসেনিয়া ডক ব্যবহার করার জন্য ধন্যবাদ। আপনার সুস্বাস্থ্য কামনা করি।"
10011,"হেলো, ডেইরি, আমি আপনার প্রশ্নটি দেখেছি। আমি আপনার উদ্বেগ বুঝতে পারছি। আপনার হার্নিয়া সার্জারির ইতিহাস রয়েছে এবং এখন অস্ত্রোপচার পরবর্তী সংক্রমণ হয়েছে। আপনি স্ট্রেপ্টোকক্কাল সংক্রমণে ভুগছেন। আপনার স্ট্রেপ্টোকক্কাল সংক্রমণ সাধারণ অ্যান্টিবায়োটিকের প্রতি প্রতিরোধী হতে পারে। আপনার কালচার এবং সেনসিটিভিটি পরীক্ষা করা উচিত। এটি অ্যান্টিবায়োটিক নির্বাচন করতে সাহায্য করবে। আপনার ডাক্তারের সাথে পরামর্শ করুন এবং সেই অনুযায়ী চিকিৎসা নিন। আশা করি আমি আপনার প্রশ্নের উত্তর দিতে পেরেছি, যদি আপনার কোনো সন্দেহ থাকে তবে আমার সাথে bit.ly/ Chat Doctor-এ যোগাযোগ করুন। নাসেনিয়া ডক ব্যবহার করার জন্য ধন্যবাদ। আপনার সুস্বাস্থ্য কামনা করি।"
30207,"হেলো, ডেইরি, আমি আপনার প্রশ্নটি দেখেছি। আমি আপনার উদ্বেগ বুঝতে পারছি। আপনার হার্নিয়া সার্জারির ইতিহাস রয়েছে এবং এখন অস্ত্রোপচার পরবর্তী সংক্রমণ হয়েছে। আপনি স্ট্রেপ্টোকক্কাল সংক্রমণে ভুগছেন। আপনার স্ট্রেপ্টোকক্কাল সংক্রমণ সাধারণ অ্যান্টিবায়োটিকের প্রতি প্রতিরোধী হতে পারে। আপনার কালচার এবং সেনসিটিভিটি পরীক্ষা করা উচিত। এটি অ্যান্টিবায়োটিক নির্বাচন করতে সাহায্য করবে। আপনার ডাক্তারের সাথে পরামর্শ করুন এবং সেই অনুযায়ী চিকিৎসা নিন। আশা করি আমি আপনার প্রশ্নের উত্তর দিতে পেরেছি, যদি আপনার কোনো সন্দেহ থাকে তবে আমার সাথে bit.ly/ Chat Doctor-এ যোগাযোগ করুন। নাসেনিয়া ডক ব্যবহার করার জন্য ধন্যবাদ। আপনার সুস্বাস্থ্য কামনা করি।"
36049,"হেলো, ডেইরি, আমি আপনার প্রশ্নটি দেখেছি। আমি আপনার উদ্বেগ বুঝতে পারছি। আপনার হার্নিয়া সার্জারির ইতিহাস রয়েছে এবং এখন অস্ত্রোপচার পরবর্তী সংক্রমণ হয়েছে। আপনি স্ট্রেপ্টোকক্কাল সংক্রমণে ভুগছেন। আপনার স্ট্রেপ্টোকক্কাল সংক্রমণ সাধারণ অ্যান্টিবায়োটিকের প্রতি প্রতিরোধী হতে পারে। আপনার কালচার এবং সেনসিটিভিটি পরীক্ষা করা উচিত। এটি অ্যান্টিবায়োটিক নির্বাচন করতে সাহায্য করবে। আপনার ডাক্তারের সাথে পরামর্শ করুন এবং সেই অনুযায়ী চিকিৎসা নিন। আশা করি আমি আপনার প্রশ্নের উত্তর দিতে পেরেছি, যদি আপনার কোনো সন্দেহ থাকে তবে আমার সাথে bit.ly/ Chat Doctor-এ যোগাযোগ করুন। নাসেনিয়া ডক ব্যবহার করার জন্য ধন্যবাদ। আপনার সুস্বাস্থ্য কামনা করি।"
109335,"হেলো, ডেইরি, আমি আপনার প্রশ্নটি দেখেছি। আমি আপনার উদ্বেগ বুঝতে পারছি। আপনার হার্নিয়া সার্জারির ইতিহাস রয়েছে এবং এখন অস্ত্রোপচার পরবর্তী সংক্রমণ হয়েছে। আপনি স্ট্রেপ্টোকক্কাল সংক্রমণে ভুগছেন। আপনার স্ট্রেপ্টোকক্কাল সংক্রমণ সাধারণ অ্যান্টিবায়োটিকের প্রতি প্রতিরোধী হতে পারে। আপনার কালচার এবং সেনসিটিভিটি পরীক্ষা করা উচিত। এটি অ্যান্টিবায়োটিক নির্বাচন করতে সাহায্য করবে। আপনার ডাক্তারের সাথে পরামর্শ করুন এবং সেই অনুযায়ী চিকিৎসা নিন। আশা করি আমি আপনার প্রশ্নের উত্তর দিতে পেরেছি, যদি আপনার কোনো সন্দেহ থাকে তবে আমার সাথে bit.ly/ Chat Doctor-এ যোগাযোগ করুন। নাসেনিয়া ডক ব্যবহার করার জন্য ধন্যবাদ। আপনার সুস্বাস্থ্য কামনা করি।"
41232,"হেলো, ডেইরি, আমি আপনার প্রশ্নটি দেখেছি। আমি আপনার উদ্বেগ বুঝতে পারছি। আপনার হার্নিয়া সার্জারির ইতিহাস রয়েছে এবং এখন অস্ত্রোপচার পরবর্তী সংক্রমণ হয়েছে। আপনি স্ট্রেপ্টোকক্কাল সংক্রমণে ভুগছেন। আপনার স্ট্রেপ্টোকক্কাল সংক্রমণ সাধারণ অ্যান্টিবায়োটিকের প্রতি প্রতিরোধী হতে পারে। আপনার কালচার এবং সেনসিটিভিটি পরীক্ষা করা উচিত। এটি অ্যান্টিবায়োটিক নির্বাচন করতে সাহায্য করবে। আপনার ডাক্তারের সাথে পরামর্শ করুন এবং সেই অনুযায়ী চিকিৎসা নিন। আশা করি আমি আপনার প্রশ্নের উত্তর দিতে পেরেছি, যদি আপনার কোনো সন্দেহ থাকে তবে আমার সাথে bit.ly/ Chat Doctor-এ যোগাযোগ করুন। নাসেনিয়া ডক ব্যবহার করার জন্য ধন্যবাদ। আপনার সুস্বাস্থ্য কামনা করি।"
106935,"হেলো, ডেইরি, আমি আপনার প্রশ্নটি দেখেছি। আমি আপনার উদ্বেগ বুঝতে পারছি। আপনার হার্নিয়া সার্জারির ইতিহাস রয়েছে এবং এখন অস্ত্রোপচার পরবর্তী সংক্রমণ হয়েছে। আপনি স্ট্রেপ্টোকক্কাল সংক্রমণে ভুগছেন। আপনার স্ট্রেপ্টোকক্কাল সংক্রমণ সাধারণ অ্যান্টিবায়োটিকের প্রতি প্রতিরোধী হতে পারে। আপনার কালচার এবং সেনসিটিভিটি পরীক্ষা করা উচিত। এটি অ্যান্টিবায়োটিক নির্বাচন করতে সাহায্য করবে। আপনার ডাক্তারের সাথে পরামর্শ করুন এবং সেই অনুযায়ী চিকিৎসা নিন। আশা করি আমি আপনার প্রশ্নের উত্তর দিতে পেরেছি, যদি আপনার কোনো সন্দেহ থাকে তবে আমার সাথে bit.ly/ Chat Doctor-এ যোগাযোগ করুন। নাসেনিয়া ডক ব্যবহার করার জন্য ধন্যবাদ। আপনার সুস্বাস্থ্য কামনা করি।"
35723,"হেলো, ডেইরি, আমি আপনার প্রশ্নটি দেখেছি। আমি আপনার উদ্বেগ বুঝতে পারছি। আপনার হার্নিয়া সার্জারির ইতিহাস রয়েছে এবং এখন অস্ত্রোপচার পরবর্তী সংক্রমণ হয়েছে। আপনি স্ট্রেপ্টোকক্কাল সংক্রমণে ভুগছেন। আপনার স্ট্রেপ্টোকক্কাল সংক্রমণ সাধারণ অ্যান্টিবায়োটিকের প্রতি প্রতিরোধী হতে পারে। আপনার কালচার এবং সেনসিটিভিটি পরীক্ষা করা উচিত। এটি অ্যান্টিবায়োটিক নির্বাচন করতে সাহায্য করবে। আপনার ডাক্তারের সাথে পরামর্শ করুন এবং সেই অনুযায়ী চিকিৎসা নিন। আশা করি আমি আপনার প্রশ্নের উত্তর দিতে পেরেছি, যদি আপনার কোনো সন্দেহ থাকে তবে আমার সাথে bit.ly/ Chat Doctor-এ যোগাযোগ করুন। নাসেনিয়া ডক ব্যবহার করার জন্য ধন্যবাদ। আপনার সুস্বাস্থ্য কামনা করি।"
1984,"হেলো, ডেইরি, আমি আপনার প্রশ্নটি দেখেছি। আমি আপনার উদ্বেগ বুঝতে পারছি। আপনার হার্নিয়া সার্জারির ইতিহাস রয়েছে এবং এখন অস্ত্রোপচার পরবর্তী সংক্রমণ হয়েছে। আপনি স্ট্রেপ্টোকক্কাল সংক্রমণে ভুগছেন। আপনার স্ট্রেপ্টোকক্কাল সংক্রমণ সাধারণ অ্যান্টিবায়োটিকের প্রতি প্রতিরোধী হতে পারে। আপনার কালচার এবং সেনসিটিভিটি পরীক্ষা করা উচিত। এটি অ্যান্টিবায়োটিক নির্বাচন করতে সাহায্য করবে। আপনার ডাক্তারের সাথে পরামর্শ করুন এবং সেই অনুযায়ী চিকিৎসা নিন। আশা করি আমি আপনার প্রশ্নের উত্তর দিতে পেরেছি, যদি আপনার কোনো সন্দেহ থাকে তবে আমার সাথে bit.ly/ Chat Doctor-এ যোগাযোগ করুন। নাসেনিয়া ডক ব্যবহার করার জন্য ধন্যবাদ। আপনার সুস্বাস্থ্য কামনা করি।"
72849,"হেলো, ডেইরি, আমি আপনার প্রশ্নটি দেখেছি। আমি আপনার উদ্বেগ বুঝতে পারছি। আপনার হার্নিয়া সার্জারির ইতিহাস রয়েছে এবং এখন অস্ত্রোপচার পরবর্তী সংক্রমণ হয়েছে। আপনি স্ট্রেপ্টোকক্কাল সংক্রমণে ভুগছেন। আপনার স্ট্রেপ্টোকক্কাল সংক্রমণ সাধারণ অ্যান্টিবায়োটিকের প্রতি প্রতিরোধী হতে পারে। আপনার কালচার এবং সেনসিটিভিটি পরীক্ষা করা উচিত। এটি অ্যান্টিবায়োটিক নির্বাচন করতে সাহায্য করবে। আপনার ডাক্তারের সাথে পরামর্শ করুন এবং সেই অনুযায়ী চিকিৎসা নিন। আশা করি আমি আপনার প্রশ্নের উত্তর দিতে পেরেছি, যদি আপনার কোনো সন্দেহ থাকে তবে আমার সাথে bit.ly/ Chat Doctor-এ যোগাযোগ করুন। নাসেনিয়া ডক ব্যবহার করার জন্য ধন্যবাদ। আপনার সুস্বাস্থ্য কামনা করি।"
9676,"হেলো, ডেইরি, আমি আপনার প্রশ্নটি দেখেছি। আমি আপনার উদ্বেগ বুঝতে পারছি। আপনার হার্নিয়া সার্জারির ইতিহাস রয়েছে এবং এখন অস্ত্রোপচার পরবর্তী সংক্রমণ হয়েছে। আপনি স্ট্রেপ্টোকক্কাল সংক্রমণে ভুগছেন। আপনার স্ট্রেপ্টোকক্কাল সংক্রমণ সাধারণ অ্যান্টিবায়োটিকের প্রতি প্রতিরোধী হতে পারে। আপনার কালচার এবং সেনসিটিভিটি পরীক্ষা করা উচিত। এটি অ্যান্টিবায়োটিক নির্বাচন করতে সাহায্য করবে। আপনার ডাক্তারের সাথে পরামর্শ করুন এবং সেই অনুযায়ী চিকিৎসা নিন। আশা করি আমি আপনার প্রশ্নের উত্তর দিতে পেরেছি, যদি আপনার কোনো সন্দেহ থাকে তবে আমার সাথে bit.ly/ Chat Doctor-এ যোগাযোগ করুন। নাসেনিয়া ডক ব্যবহার করার জন্য ধন্যবাদ। আপনার সুস্বাস্থ্য কামনা করি।"
49456,"হেলো, ডেইরি, আমি আপনার প্রশ্নটি দেখেছি। আমি আপনার উদ্বেগ বুঝতে পারছি। আপনার হার্নিয়া সার্জারির ইতিহাস রয়েছে এবং এখন অস্ত্রোপচার পরবর্তী সংক্রমণ হয়েছে। আপনি স্ট্রেপ্টোকক্কাল সংক্রমণে ভুগছেন। আপনার স্ট্রেপ্টোকক্কাল সংক্রমণ সাধারণ অ্যান্টিবায়োটিকের প্রতি প্রতিরোধী হতে পারে। আপনার কালচার এবং সেনসিটিভিটি পরীক্ষা করা উচিত। এটি অ্যান্টিবায়োটিক নির্বাচন করতে সাহায্য করবে। আপনার ডাক্তারের সাথে পরামর্শ করুন এবং সেই অনুযায়ী চিকিৎসা নিন। আশা করি আমি আপনার প্রশ্নের উত্তর দিতে পেরেছি, যদি আপনার কোনো সন্দেহ থাকে তবে আমার সাথে bit.ly/ Chat Doctor-এ যোগাযোগ করুন। নাসেনিয়া ডক ব্যবহার করার জন্য ধন্যবাদ। আপনার সুস্বাস্থ্য কামনা করি।"
1541,"হেলো, ডেইরি, আমি আপনার প্রশ্নটি দেখেছি। আমি আপনার উদ্বেগ বুঝতে পারছি। আপনার হার্নিয়া সার্জারির ইতিহাস রয়েছে এবং এখন অস্ত্রোপচার পরবর্তী সংক্রমণ হয়েছে। আপনি স্ট্রেপ্টোকক্কাল সংক্রমণে ভুগছেন। আপনার স্ট্রেপ্টোকক্কাল সংক্রমণ সাধারণ অ্যান্টিবায়োটিকের প্রতি প্রতিরোধী হতে পারে। আপনার কালচার এবং সেনসিটিভিটি পরীক্ষা করা উচিত। এটি অ্যান্টিবায়োটিক নির্বাচন করতে সাহায্য করবে। আপনার ডাক্তারের সাথে পরামর্শ করুন এবং সেই অনুযায়ী চিকিৎসা নিন। আশা করি আমি আপনার প্রশ্নের উত্তর দিতে পেরেছি, যদি আপনার কোনো সন্দেহ থাকে তবে আমার সাথে bit.ly/ Chat Doctor-এ যোগাযোগ করুন। নাসেনিয়া ডক ব্যবহার করার জন্য ধন্যবাদ। আপনার সুস্বাস্থ্য কামনা করি।"
57779,"হেলো, ডেইরি, আমি আপনার প্রশ্নটি দেখেছি। আমি আপনার উদ্বেগ বুঝতে পারছি। আপনার হার্নিয়া সার্জারির ইতিহাস রয়েছে এবং এখন অস্ত্রোপচার পরবর্তী সংক্রমণ হয়েছে। আপনি স্ট্রেপ্টোকক্কাল সংক্রমণে ভুগছেন। আপনার স্ট্রেপ্টোকক্কাল সংক্রমণ সাধারণ অ্যান্টিবায়োটিকের প্রতি প্রতিরোধী হতে পারে। আপনার কালচার এবং সেনসিটিভিটি পরীক্ষা করা উচিত। এটি অ্যান্টিবায়োটিক নির্বাচন করতে সাহায্য করবে। আপনার ডাক্তারের সাথে পরামর্শ করুন এবং সেই অনুযায়ী চিকিৎসা নিন। আশা করি আমি আপনার প্রশ্নের উত্তর দিতে পেরেছি, যদি আপনার কোনো সন্দেহ থাকে তবে আমার সাথে bit.ly/ Chat Doctor-এ যোগাযোগ করুন। নাসেনিয়া ডক ব্যবহার করার জন্য ধন্যবাদ। আপনার সুস্বাস্থ্য কামনা করি।"
10066,"হেলো, ডেইরি, আমি আপনার প্রশ্নটি দেখেছি। আমি আপনার উদ্বেগ বুঝতে পারছি। আপনার হার্নিয়া সার্জারির ইতিহাস রয়েছে এবং এখন অস্ত্রোপচার পরবর্তী সংক্রমণ হয়েছে। আপনি স্ট্রেপ্টোকক্কাল সংক্রমণে ভুগছেন। আপনার স্ট্রেপ্টোকক্কাল সংক্রমণ সাধারণ অ্যান্টিবায়োটিকের প্রতি প্রতিরোধী হতে পারে। আপনার কালচার এবং সেনসিটিভিটি পরীক্ষা করা উচিত। এটি অ্যান্টিবায়োটিক নির্বাচন করতে সাহায্য করবে। আপনার ডাক্তারের সাথে পরামর্শ করুন এবং সেই অনুযায়ী চিকিৎসা নিন। আশা করি আমি আপনার প্রশ্নের উত্তর দিতে পেরেছি, যদি আপনার কোনো সন্দেহ থাকে তবে আমার সাথে bit.ly/ Chat Doctor-এ যোগাযোগ করুন। নাসেনিয়া ডক ব্যবহার করার জন্য ধন্যবাদ। আপনার সুস্বাস্থ্য কামনা করি।"
94547,"হেলো, ডেইরি, আমি আপনার প্রশ্নটি দেখেছি। আমি আপনার উদ্বেগ বুঝতে পারছি। আপনার হার্নিয়া সার্জারির ইতিহাস রয়েছে এবং এখন অস্ত্রোপচার পরবর্তী সংক্রমণ হয়েছে। আপনি স্ট্রেপ্টোকক্কাল সংক্রমণে ভুগছেন। আপনার স্ট্রেপ্টোকক্কাল সংক্রমণ সাধারণ অ্যান্টিবায়োটিকের প্রতি প্রতিরোধী হতে পারে। আপনার কালচার এবং সেনসিটিভিটি পরীক্ষা করা উচিত। এটি অ্যান্টিবায়োটিক নির্বাচন করতে সাহায্য করবে। আপনার ডাক্তারের সাথে পরামর্শ করুন এবং সেই অনুযায়ী চিকিৎসা নিন। আশা করি আমি আপনার প্রশ্নের উত্তর দিতে পেরেছি, যদি আপনার কোনো সন্দেহ থাকে তবে আমার সাথে bit.ly/ Chat Doctor-এ যোগাযোগ করুন। নাসেনিয়া ডক ব্যবহার করার জন্য ধন্যবাদ। আপনার সুস্বাস্থ্য কামনা করি।"
69762,"হেলো, ডেইরি, আমি আপনার প্রশ্নটি দেখেছি। আমি আপনার উদ্বেগ বুঝতে পারছি। আপনার হার্নিয়া সার্জারির ইতিহাস রয়েছে এবং এখন অস্ত্রোপচার পরবর্তী সংক্রমণ হয়েছে। আপনি স্ট্রেপ্টোকক্কাল সংক্রমণে ভুগছেন। আপনার স্ট্রেপ্টোকক্কাল সংক্রমণ সাধারণ অ্যান্টিবায়োটিকের প্রতি প্রতিরোধী হতে পারে। আপনার কালচার এবং সেনসিটিভিটি পরীক্ষা করা উচিত। এটি অ্যান্টিবায়োটিক নির্বাচন করতে সাহায্য করবে। আপনার ডাক্তারের সাথে পরামর্শ করুন এবং সেই অনুযায়ী চিকিৎসা নিন। আশা করি আমি আপনার প্রশ্নের উত্তর দিতে পেরেছি, যদি আপনার কোনো সন্দেহ থাকে তবে আমার সাথে bit.ly/ Chat Doctor-এ যোগাযোগ করুন। নাসেনিয়া ডক ব্যবহার করার জন্য ধন্যবাদ। আপনার সুস্বাস্থ্য কামনা করি।"
81436,"হেলো, ডেইরি, আমি আপনার প্রশ্নটি দেখেছি। আমি আপনার উদ্বেগ বুঝতে পারছি। আপনার হার্নিয়া সার্জারির ইতিহাস রয়েছে এবং এখন অস্ত্রোপচার পরবর্তী সংক্রমণ হয়েছে। আপনি স্ট্রেপ্টোকক্কাল সংক্রমণে ভুগছেন। আপনার স্ট্রেপ্টোকক্কাল সংক্রমণ সাধারণ অ্যান্টিবায়োটিকের প্রতি প্রতিরোধী হতে পারে। আপনার কালচার এবং সেনসিটিভিটি পরীক্ষা করা উচিত। এটি অ্যান্টিবায়োটিক নির্বাচন করতে সাহায্য করবে। আপনার ডাক্তারের সাথে পরামর্শ করুন এবং সেই অনুযায়ী চিকিৎসা নিন। আশা করি আমি আপনার প্রশ্নের উত্তর দিতে পেরেছি, যদি আপনার কোনো সন্দেহ থাকে তবে আমার সাথে bit.ly/ Chat Doctor-এ যোগাযোগ করুন। নাসেনিয়া ডক ব্যবহার করার জন্য ধন্যবাদ। আপনার সুস্বাস্থ্য কামনা করি।"
38748,"হেলো, ডেইরি, আমি আপনার প্রশ্নটি দেখেছি। আমি আপনার উদ্বেগ বুঝতে পারছি। আপনার হার্নিয়া সার্জারির ইতিহাস রয়েছে এবং এখন অস্ত্রোপচার পরবর্তী সংক্রমণ হয়েছে। আপনি স্ট্রেপ্টোকক্কাল সংক্রমণে ভুগছেন। আপনার স্ট্রেপ্টোকক্কাল সংক্রমণ সাধারণ অ্যান্টিবায়োটিকের প্রতি প্রতিরোধী হতে পারে। আপনার কালচার এবং সেনসিটিভিটি পরীক্ষা করা উচিত। এটি অ্যান্টিবায়োটিক নির্বাচন করতে সাহায্য করবে। আপনার ডাক্তারের সাথে পরামর্শ করুন এবং সেই অনুযায়ী চিকিৎসা নিন। আশা করি আমি আপনার প্রশ্নের উত্তর দিতে পেরেছি, যদি আপনার কোনো সন্দেহ থাকে তবে আমার সাথে bit.ly/ Chat Doctor-এ যোগাযোগ করুন। নাসেনিয়া ডক ব্যবহার করার জন্য ধন্যবাদ। আপনার সুস্বাস্থ্য কামনা করি।"
38414,"হেলো, ডেইরি, আমি আপনার প্রশ্নটি দেখেছি। আমি আপনার উদ্বেগ বুঝতে পারছি। আপনার হার্নিয়া সার্জারির ইতিহাস রয়েছে এবং এখন অস্ত্রোপচার পরবর্তী সংক্রমণ হয়েছে। আপনি স্ট্রেপ্টোকক্কাল সংক্রমণে ভুগছেন। আপনার স্ট্রেপ্টোকক্কাল সংক্রমণ সাধারণ অ্যান্টিবায়োটিকের প্রতি প্রতিরোধী হতে পারে। আপনার কালচার এবং সেনসিটিভিটি পরীক্ষা করা উচিত। এটি অ্যান্টিবায়োটিক নির্বাচন করতে সাহায্য করবে। আপনার ডাক্তারের সাথে পরামর্শ করুন এবং সেই অনুযায়ী চিকিৎসা নিন। আশা করি আমি আপনার প্রশ্নের উত্তর দিতে পেরেছি, যদি আপনার কোনো সন্দেহ থাকে তবে আমার সাথে bit.ly/ Chat Doctor-এ যোগাযোগ করুন। নাসেনিয়া ডক ব্যবহার করার জন্য ধন্যবাদ। আপনার সুস্বাস্থ্য কামনা করি।"
48911,"হেলো, ডেইরি, আমি আপনার প্রশ্নটি দেখেছি। আমি আপনার উদ্বেগ বুঝতে পারছি। আপনার হার্নিয়া সার্জারির ইতিহাস রয়েছে এবং এখন অস্ত্রোপচার পরবর্তী সংক্রমণ হয়েছে। আপনি স্ট্রেপ্টোকক্কাল সংক্রমণে ভুগছেন। আপনার স্ট্রেপ্টোকক্কাল সংক্রমণ সাধারণ অ্যান্টিবায়োটিকের প্রতি প্রতিরোধী হতে পারে। আপনার কালচার এবং সেনসিটিভিটি পরীক্ষা করা উচিত। এটি অ্যান্টিবায়োটিক নির্বাচন করতে সাহায্য করবে। আপনার ডাক্তারের সাথে পরামর্শ করুন এবং সেই অনুযায়ী চিকিৎসা নিন। আশা করি আমি আপনার প্রশ্নের উত্তর দিতে পেরেছি, যদি আপনার কোনো সন্দেহ থাকে তবে আমার সাথে bit.ly/ Chat Doctor-এ যোগাযোগ করুন। নাসেনিয়া ডক ব্যবহার করার জন্য ধন্যবাদ। আপনার সুস্বাস্থ্য কামনা করি।"
49527,"হেলো, ডেইরি, আমি আপনার প্রশ্নটি দেখেছি। আমি আপনার উদ্বেগ বুঝতে পারছি। আপনার হার্নিয়া সার্জারির ইতিহাস রয়েছে এবং এখন অস্ত্রোপচার পরবর্তী সংক্রমণ হয়েছে। আপনি স্ট্রেপ্টোকক্কাল সংক্রমণে ভুগছেন। আপনার স্ট্রেপ্টোকক্কাল সংক্রমণ সাধারণ অ্যান্টিবায়োটিকের প্রতি প্রতিরোধী হতে পারে। আপনার কালচার এবং সেনসিটিভিটি পরীক্ষা করা উচিত। এটি অ্যান্টিবায়োটিক নির্বাচন করতে সাহায্য করবে। আপনার ডাক্তারের সাথে পরামর্শ করুন এবং সেই অনুযায়ী চিকিৎসা নিন। আশা করি আমি আপনার প্রশ্নের উত্তর দিতে পেরেছি, যদি আপনার কোনো সন্দেহ থাকে তবে আমার সাথে bit.ly/ Chat Doctor-এ যোগাযোগ করুন। নাসেনিয়া ডক ব্যবহার করার জন্য ধন্যবাদ। আপনার সুস্বাস্থ্য কামনা করি।"
96881,"হেলো, ডেইরি, আমি আপনার প্রশ্নটি দেখেছি। আমি আপনার উদ্বেগ বুঝতে পারছি। আপনার হার্নিয়া সার্জারির ইতিহাস রয়েছে এবং এখন অস্ত্রোপচার পরবর্তী সংক্রমণ হয়েছে। আপনি স্ট্রেপ্টোকক্কাল সংক্রমণে ভুগছেন। আপনার স্ট্রেপ্টোকক্কাল সংক্রমণ সাধারণ অ্যান্টিবায়োটিকের প্রতি প্রতিরোধী হতে পারে। আপনার কালচার এবং সেনসিটিভিটি পরীক্ষা করা উচিত। এটি অ্যান্টিবায়োটিক নির্বাচন করতে সাহায্য করবে। আপনার ডাক্তারের সাথে পরামর্শ করুন এবং সেই অনুযায়ী চিকিৎসা নিন। আশা করি আমি আপনার প্রশ্নের উত্তর দিতে পেরেছি, যদি আপনার কোনো সন্দেহ থাকে তবে আমার সাথে bit.ly/ Chat Doctor-এ যোগাযোগ করুন। নাসেনিয়া ডক ব্যবহার করার জন্য ধন্যবাদ। আপনার সুস্বাস্থ্য কামনা করি।"
84239,"হেলো, ডেইরি, আমি আপনার প্রশ্নটি দেখেছি। আমি আপনার উদ্বেগ বুঝতে পারছি। আপনার হার্নিয়া সার্জারির ইতিহাস রয়েছে এবং এখন অস্ত্রোপচার পরবর্তী সংক্রমণ হয়েছে। আপনি স্ট্রেপ্টোকক্কাল সংক্রমণে ভুগছেন। আপনার স্ট্রেপ্টোকক্কাল সংক্রমণ সাধারণ অ্যান্টিবায়োটিকের প্রতি প্রতিরোধী হতে পারে। আপনার কালচার এবং সেনসিটিভিটি পরীক্ষা করা উচিত। এটি অ্যান্টিবায়োটিক নির্বাচন করতে সাহায্য করবে। আপনার ডাক্তারের সাথে পরামর্শ করুন এবং সেই অনুযায়ী চিকিৎসা নিন। আশা করি আমি আপনার প্রশ্নের উত্তর দিতে পেরেছি, যদি আপনার কোনো সন্দেহ থাকে তবে আমার সাথে bit.ly/ Chat Doctor-এ যোগাযোগ করুন। নাসেনিয়া ডক ব্যবহার করার জন্য ধন্যবাদ। আপনার সুস্বাস্থ্য কামনা করি।"
11583,"হেলো, ডেইরি, আমি আপনার প্রশ্নটি দেখেছি। আমি আপনার উদ্বেগ বুঝতে পারছি। আপনার হার্নিয়া সার্জারির ইতিহাস রয়েছে এবং এখন অস্ত্রোপচার পরবর্তী সংক্রমণ হয়েছে। আপনি স্ট্রেপ্টোকক্কাল সংক্রমণে ভুগছেন। আপনার স্ট্রেপ্টোকক্কাল সংক্রমণ সাধারণ অ্যান্টিবায়োটিকের প্রতি প্রতিরোধী হতে পারে। আপনার কালচার এবং সেনসিটিভিটি পরীক্ষা করা উচিত। এটি অ্যান্টিবায়োটিক নির্বাচন করতে সাহায্য করবে। আপনার ডাক্তারের সাথে পরামর্শ করুন এবং সেই অনুযায়ী চিকিৎসা নিন। আশা করি আমি আপনার প্রশ্নের উত্তর দিতে পেরেছি, যদি আপনার কোনো সন্দেহ থাকে তবে আমার সাথে bit.ly/ Chat Doctor-এ যোগাযোগ করুন। নাসেনিয়া ডক ব্যবহার করার জন্য ধন্যবাদ। আপনার সুস্বাস্থ্য কামনা করি।"
97786,"হেলো, ডেইরি, আমি আপনার প্রশ্নটি দেখেছি। আমি আপনার উদ্বেগ বুঝতে পারছি। আপনার হার্নিয়া সার্জারির ইতিহাস রয়েছে এবং এখন অস্ত্রোপচার পরবর্তী সংক্রমণ হয়েছে। আপনি স্ট্রেপ্টোকক্কাল সংক্রমণে ভুগছেন। আপনার স্ট্রেপ্টোকক্কাল সংক্রমণ সাধারণ অ্যান্টিবায়োটিকের প্রতি প্রতিরোধী হতে পারে। আপনার কালচার এবং সেনসিটিভিটি পরীক্ষা করা উচিত। এটি অ্যান্টিবায়োটিক নির্বাচন করতে সাহায্য করবে। আপনার ডাক্তারের সাথে পরামর্শ করুন এবং সেই অনুযায়ী চিকিৎসা নিন। আশা করি আমি আপনার প্রশ্নের উত্তর দিতে পেরেছি, যদি আপনার কোনো সন্দেহ থাকে তবে আমার সাথে bit.ly/ Chat Doctor-এ যোগাযোগ করুন। নাসেনিয়া ডক ব্যবহার করার জন্য ধন্যবাদ। আপনার সুস্বাস্থ্য কামনা করি।"
57510,"হেলো, ডেইরি, আমি আপনার প্রশ্নটি দেখেছি। আমি আপনার উদ্বেগ বুঝতে পারছি। আপনার হার্নিয়া সার্জারির ইতিহাস রয়েছে এবং এখন অস্ত্রোপচার পরবর্তী সংক্রমণ হয়েছে। আপনি স্ট্রেপ্টোকক্কাল সংক্রমণে ভুগছেন। আপনার স্ট্রেপ্টোকক্কাল সংক্রমণ সাধারণ অ্যান্টিবায়োটিকের প্রতি প্রতিরোধী হতে পারে। আপনার কালচার এবং সেনসিটিভিটি পরীক্ষা করা উচিত। এটি অ্যান্টিবায়োটিক নির্বাচন করতে সাহায্য করবে। আপনার ডাক্তারের সাথে পরামর্শ করুন এবং সেই অনুযায়ী চিকিৎসা নিন। আশা করি আমি আপনার প্রশ্নের উত্তর দিতে পেরেছি, যদি আপনার কোনো সন্দেহ থাকে তবে আমার সাথে bit.ly/ Chat Doctor-এ যোগাযোগ করুন। নাসেনিয়া ডক ব্যবহার করার জন্য ধন্যবাদ। আপনার সুস্বাস্থ্য কামনা করি।"
56517,"হেলো, ডেইরি, আমি আপনার প্রশ্নটি দেখেছি। আমি আপনার উদ্বেগ বুঝতে পারছি। আপনার হার্নিয়া সার্জারির ইতিহাস রয়েছে এবং এখন অস্ত্রোপচার পরবর্তী সংক্রমণ হয়েছে। আপনি স্ট্রেপ্টোকক্কাল সংক্রমণে ভুগছেন। আপনার স্ট্রেপ্টোকক্কাল সংক্রমণ সাধারণ অ্যান্টিবায়োটিকের প্রতি প্রতিরোধী হতে পারে। আপনার কালচার এবং সেনসিটিভিটি পরীক্ষা করা উচিত। এটি অ্যান্টিবায়োটিক নির্বাচন করতে সাহায্য করবে। আপনার ডাক্তারের সাথে পরামর্শ করুন এবং সেই অনুযায়ী চিকিৎসা নিন। আশা করি আমি আপনার প্রশ্নের উত্তর দিতে পেরেছি, যদি আপনার কোনো সন্দেহ থাকে তবে আমার সাথে bit.ly/ Chat Doctor-এ যোগাযোগ করুন। নাসেনিয়া ডক ব্যবহার করার জন্য ধন্যবাদ। আপনার সুস্বাস্থ্য কামনা করি।"
104622,"হেলো, ডেইরি, আমি আপনার প্রশ্নটি দেখেছি। আমি আপনার উদ্বেগ বুঝতে পারছি। আপনার হার্নিয়া সার্জারির ইতিহাস রয়েছে এবং এখন অস্ত্রোপচার পরবর্তী সংক্রমণ হয়েছে। আপনি স্ট্রেপ্টোকক্কাল সংক্রমণে ভুগছেন। আপনার স্ট্রেপ্টোকক্কাল সংক্রমণ সাধারণ অ্যান্টিবায়োটিকের প্রতি প্রতিরোধী হতে পারে। আপনার কালচার এবং সেনসিটিভিটি পরীক্ষা করা উচিত। এটি অ্যান্টিবায়োটিক নির্বাচন করতে সাহায্য করবে। আপনার ডাক্তারের সাথে পরামর্শ করুন এবং সেই অনুযায়ী চিকিৎসা নিন। আশা করি আমি আপনার প্রশ্নের উত্তর দিতে পেরেছি, যদি আপনার কোনো সন্দেহ থাকে তবে আমার সাথে bit.ly/ Chat Doctor-এ যোগাযোগ করুন। নাসেনিয়া ডক ব্যবহার করার জন্য ধন্যবাদ। আপনার সুস্বাস্থ্য কামনা করি।"
46792,"হেলো, ডেইরি, আমি আপনার প্রশ্নটি দেখেছি। আমি আপনার উদ্বেগ বুঝতে পারছি। আপনার হার্নিয়া সার্জারির ইতিহাস রয়েছে এবং এখন অস্ত্রোপচার পরবর্তী সংক্রমণ হয়েছে। আপনি স্ট্রেপ্টোকক্কাল সংক্রমণে ভুগছেন। আপনার স্ট্রেপ্টোকক্কাল সংক্রমণ সাধারণ অ্যান্টিবায়োটিকের প্রতি প্রতিরোধী হতে পারে। আপনার কালচার এবং সেনসিটিভিটি পরীক্ষা করা উচিত। এটি অ্যান্টিবায়োটিক নির্বাচন করতে সাহায্য করবে। আপনার ডাক্তারের সাথে পরামর্শ করুন এবং সেই অনুযায়ী চিকিৎসা নিন। আশা করি আমি আপনার প্রশ্নের উত্তর দিতে পেরেছি, যদি আপনার কোনো সন্দেহ থাকে তবে আমার সাথে bit.ly/ Chat Doctor-এ যোগাযোগ করুন। নাসেনিয়া ডক ব্যবহার করার জন্য ধন্যবাদ। আপনার সুস্বাস্থ্য কামনা করি।"
34403,"হেলো, ডেইরি, আমি আপনার প্রশ্নটি দেখেছি। আমি আপনার উদ্বেগ বুঝতে পারছি। আপনার হার্নিয়া সার্জারির ইতিহাস রয়েছে এবং এখন অস্ত্রোপচার পরবর্তী সংক্রমণ হয়েছে। আপনি স্ট্রেপ্টোকক্কাল সংক্রমণে ভুগছেন। আপনার স্ট্রেপ্টোকক্কাল সংক্রমণ সাধারণ অ্যান্টিবায়োটিকের প্রতি প্রতিরোধী হতে পারে। আপনার কালচার এবং সেনসিটিভিটি পরীক্ষা করা উচিত। এটি অ্যান্টিবায়োটিক নির্বাচন করতে সাহায্য করবে। আপনার ডাক্তারের সাথে পরামর্শ করুন এবং সেই অনুযায়ী চিকিৎসা নিন। আশা করি আমি আপনার প্রশ্নের উত্তর দিতে পেরেছি, যদি আপনার কোনো সন্দেহ থাকে তবে আমার সাথে bit.ly/ Chat Doctor-এ যোগাযোগ করুন। নাসেনিয়া ডক ব্যবহার করার জন্য ধন্যবাদ। আপনার সুস্বাস্থ্য কামনা করি।"
106076,"হেলো, ডেইরি, আমি আপনার প্রশ্নটি দেখেছি। আমি আপনার উদ্বেগ বুঝতে পারছি। আপনার হার্নিয়া সার্জারির ইতিহাস রয়েছে এবং এখন অস্ত্রোপচার পরবর্তী সংক্রমণ হয়েছে। আপনি স্ট্রেপ্টোকক্কাল সংক্রমণে ভুগছেন। আপনার স্ট্রেপ্টোকক্কাল সংক্রমণ সাধারণ অ্যান্টিবায়োটিকের প্রতি প্রতিরোধী হতে পারে। আপনার কালচার এবং সেনসিটিভিটি পরীক্ষা করা উচিত। এটি অ্যান্টিবায়োটিক নির্বাচন করতে সাহায্য করবে। আপনার ডাক্তারের সাথে পরামর্শ করুন এবং সেই অনুযায়ী চিকিৎসা নিন। আশা করি আমি আপনার প্রশ্নের উত্তর দিতে পেরেছি, যদি আপনার কোনো সন্দেহ থাকে তবে আমার সাথে bit.ly/ Chat Doctor-এ যোগাযোগ করুন। নাসেনিয়া ডক ব্যবহার করার জন্য ধন্যবাদ। আপনার সুস্বাস্থ্য কামনা করি।"
43351,"হেলো, ডেইরি, আমি আপনার প্রশ্নটি দেখেছি। আমি আপনার উদ্বেগ বুঝতে পারছি। আপনার হার্নিয়া সার্জারির ইতিহাস রয়েছে এবং এখন অস্ত্রোপচার পরবর্তী সংক্রমণ হয়েছে। আপনি স্ট্রেপ্টোকক্কাল সংক্রমণে ভুগছেন। আপনার স্ট্রেপ্টোকক্কাল সংক্রমণ সাধারণ অ্যান্টিবায়োটিকের প্রতি প্রতিরোধী হতে পারে। আপনার কালচার এবং সেনসিটিভিটি পরীক্ষা করা উচিত। এটি অ্যান্টিবায়োটিক নির্বাচন করতে সাহায্য করবে। আপনার ডাক্তারের সাথে পরামর্শ করুন এবং সেই অনুযায়ী চিকিৎসা নিন। আশা করি আমি আপনার প্রশ্নের উত্তর দিতে পেরেছি, যদি আপনার কোনো সন্দেহ থাকে তবে আমার সাথে bit.ly/ Chat Doctor-এ যোগাযোগ করুন। নাসেনিয়া ডক ব্যবহার করার জন্য ধন্যবাদ। আপনার সুস্বাস্থ্য কামনা করি।"
20483,"হেলো, ডেইরি, আমি আপনার প্রশ্নটি দেখেছি। আমি আপনার উদ্বেগ বুঝতে পারছি। আপনার হার্নিয়া সার্জারির ইতিহাস রয়েছে এবং এখন অস্ত্রোপচার পরবর্তী সংক্রমণ হয়েছে। আপনি স্ট্রেপ্টোকক্কাল সংক্রমণে ভুগছেন। আপনার স্ট্রেপ্টোকক্কাল সংক্রমণ সাধারণ অ্যান্টিবায়োটিকের প্রতি প্রতিরোধী হতে পারে। আপনার কালচার এবং সেনসিটিভিটি পরীক্ষা করা উচিত। এটি অ্যান্টিবায়োটিক নির্বাচন করতে সাহায্য করবে। আপনার ডাক্তারের সাথে পরামর্শ করুন এবং সেই অনুযায়ী চিকিৎসা নিন। আশা করি আমি আপনার প্রশ্নের উত্তর দিতে পেরেছি, যদি আপনার কোনো সন্দেহ থাকে তবে আমার সাথে bit.ly/ Chat Doctor-এ যোগাযোগ করুন। নাসেনিয়া ডক ব্যবহার করার জন্য ধন্যবাদ। আপনার সুস্বাস্থ্য কামনা করি।"
10023,"হেলো, ডেইরি, আমি আপনার প্রশ্নটি দেখেছি। আমি আপনার উদ্বেগ বুঝতে পারছি। আপনার হার্নিয়া সার্জারির ইতিহাস রয়েছে এবং এখন অস্ত্রোপচার পরবর্তী সংক্রমণ হয়েছে। আপনি স্ট্রেপ্টোকক্কাল সংক্রমণে ভুগছেন। আপনার স্ট্রেপ্টোকক্কাল সংক্রমণ সাধারণ অ্যান্টিবায়োটিকের প্রতি প্রতিরোধী হতে পারে। আপনার কালচার এবং সেনসিটিভিটি পরীক্ষা করা উচিত। এটি অ্যান্টিবায়োটিক নির্বাচন করতে সাহায্য করবে। আপনার ডাক্তারের সাথে পরামর্শ করুন এবং সেই অনুযায়ী চিকিৎসা নিন। আশা করি আমি আপনার প্রশ্নের উত্তর দিতে পেরেছি, যদি আপনার কোনো সন্দেহ থাকে তবে আমার সাথে bit.ly/ Chat Doctor-এ যোগাযোগ করুন। নাসেনিয়া ডক ব্যবহার করার জন্য ধন্যবাদ। আপনার সুস্বাস্থ্য কামনা করি।"
26034,"হেলো, ডেইরি, আমি আপনার প্রশ্নটি দেখেছি। আমি আপনার উদ্বেগ বুঝতে পারছি। আপনার হার্নিয়া সার্জারির ইতিহাস রয়েছে এবং এখন অস্ত্রোপচার পরবর্তী সংক্রমণ হয়েছে। আপনি স্ট্রেপ্টোকক্কাল সংক্রমণে ভুগছেন। আপনার স্ট্রেপ্টোকক্কাল সংক্রমণ সাধারণ অ্যান্টিবায়োটিকের প্রতি প্রতিরোধী হতে পারে। আপনার কালচার এবং সেনসিটিভিটি পরীক্ষা করা উচিত। এটি অ্যান্টিবায়োটিক নির্বাচন করতে সাহায্য করবে। আপনার ডাক্তারের সাথে পরামর্শ করুন এবং সেই অনুযায়ী চিকিৎসা নিন। আশা করি আমি আপনার প্রশ্নের উত্তর দিতে পেরেছি, যদি আপনার কোনো সন্দেহ থাকে তবে আমার সাথে bit.ly/ Chat Doctor-এ যোগাযোগ করুন। নাসেনিয়া ডক ব্যবহার করার জন্য ধন্যবাদ। আপনার সুস্বাস্থ্য কামনা করি।"
4542,"হেলো, ডেইরি, আমি আপনার প্রশ্নটি দেখেছি। আমি আপনার উদ্বেগ বুঝতে পারছি। আপনার হার্নিয়া সার্জারির ইতিহাস রয়েছে এবং এখন অস্ত্রোপচার পরবর্তী সংক্রমণ হয়েছে। আপনি স্ট্রেপ্টোকক্কাল সংক্রমণে ভুগছেন। আপনার স্ট্রেপ্টোকক্কাল সংক্রমণ সাধারণ অ্যান্টিবায়োটিকের প্রতি প্রতিরোধী হতে পারে। আপনার কালচার এবং সেনসিটিভিটি পরীক্ষা করা উচিত। এটি অ্যান্টিবায়োটিক নির্বাচন করতে সাহায্য করবে। আপনার ডাক্তারের সাথে পরামর্শ করুন এবং সেই অনুযায়ী চিকিৎসা নিন। আশা করি আমি আপনার প্রশ্নের উত্তর দিতে পেরেছি, যদি আপনার কোনো সন্দেহ থাকে তবে আমার সাথে bit.ly/ Chat Doctor-এ যোগাযোগ করুন। নাসেনিয়া ডক ব্যবহার করার জন্য ধন্যবাদ। আপনার সুস্বাস্থ্য কামনা করি।"
38900,"হেলো, ডেইরি, আমি আপনার প্রশ্নটি দেখেছি। আমি আপনার উদ্বেগ বুঝতে পারছি। আপনার হার্নিয়া সার্জারির ইতিহাস রয়েছে এবং এখন অস্ত্রোপচার পরবর্তী সংক্রমণ হয়েছে। আপনি স্ট্রেপ্টোকক্কাল সংক্রমণে ভুগছেন। আপনার স্ট্রেপ্টোকক্কাল সংক্রমণ সাধারণ অ্যান্টিবায়োটিকের প্রতি প্রতিরোধী হতে পারে। আপনার কালচার এবং সেনসিটিভিটি পরীক্ষা করা উচিত। এটি অ্যান্টিবায়োটিক নির্বাচন করতে সাহায্য করবে। আপনার ডাক্তারের সাথে পরামর্শ করুন এবং সেই অনুযায়ী চিকিৎসা নিন। আশা করি আমি আপনার প্রশ্নের উত্তর দিতে পেরেছি, যদি আপনার কোনো সন্দেহ থাকে তবে আমার সাথে bit.ly/ Chat Doctor-এ যোগাযোগ করুন। নাসেনিয়া ডক ব্যবহার করার জন্য ধন্যবাদ। আপনার সুস্বাস্থ্য কামনা করি।"
52119,"হেলো, ডেইরি, আমি আপনার প্রশ্নটি দেখেছি। আমি আপনার উদ্বেগ বুঝতে পারছি। আপনার হার্নিয়া সার্জারির ইতিহাস রয়েছে এবং এখন অস্ত্রোপচার পরবর্তী সংক্রমণ হয়েছে। আপনি স্ট্রেপ্টোকক্কাল সংক্রমণে ভুগছেন। আপনার স্ট্রেপ্টোকক্কাল সংক্রমণ সাধারণ অ্যান্টিবায়োটিকের প্রতি প্রতিরোধী হতে পারে। আপনার কালচার এবং সেনসিটিভিটি পরীক্ষা করা উচিত। এটি অ্যান্টিবায়োটিক নির্বাচন করতে সাহায্য করবে। আপনার ডাক্তারের সাথে পরামর্শ করুন এবং সেই অনুযায়ী চিকিৎসা নিন। আশা করি আমি আপনার প্রশ্নের উত্তর দিতে পেরেছি, যদি আপনার কোনো সন্দেহ থাকে তবে আমার সাথে bit.ly/ Chat Doctor-এ যোগাযোগ করুন। নাসেনিয়া ডক ব্যবহার করার জন্য ধন্যবাদ। আপনার সুস্বাস্থ্য কামনা করি।"
101758,"হেলো, ডেইরি, আমি আপনার প্রশ্নটি দেখেছি। আমি আপনার উদ্বেগ বুঝতে পারছি। আপনার হার্নিয়া সার্জারির ইতিহাস রয়েছে এবং এখন অস্ত্রোপচার পরবর্তী সংক্রমণ হয়েছে। আপনি স্ট্রেপ্টোকক্কাল সংক্রমণে ভুগছেন। আপনার স্ট্রেপ্টোকক্কাল সংক্রমণ সাধারণ অ্যান্টিবায়োটিকের প্রতি প্রতিরোধী হতে পারে। আপনার কালচার এবং সেনসিটিভিটি পরীক্ষা করা উচিত। এটি অ্যান্টিবায়োটিক নির্বাচন করতে সাহায্য করবে। আপনার ডাক্তারের সাথে পরামর্শ করুন এবং সেই অনুযায়ী চিকিৎসা নিন। আশা করি আমি আপনার প্রশ্নের উত্তর দিতে পেরেছি, যদি আপনার কোনো সন্দেহ থাকে তবে আমার সাথে bit.ly/ Chat Doctor-এ যোগাযোগ করুন। নাসেনিয়া ডক ব্যবহার করার জন্য ধন্যবাদ। আপনার সুস্বাস্থ্য কামনা করি।"
41119,"হেলো, ডেইরি, আমি আপনার প্রশ্নটি দেখেছি। আমি আপনার উদ্বেগ বুঝতে পারছি। আপনার হার্নিয়া সার্জারির ইতিহাস রয়েছে এবং এখন অস্ত্রোপচার পরবর্তী সংক্রমণ হয়েছে। আপনি স্ট্রেপ্টোকক্কাল সংক্রমণে ভুগছেন। আপনার স্ট্রেপ্টোকক্কাল সংক্রমণ সাধারণ অ্যান্টিবায়োটিকের প্রতি প্রতিরোধী হতে পারে। আপনার কালচার এবং সেনসিটিভিটি পরীক্ষা করা উচিত। এটি অ্যান্টিবায়োটিক নির্বাচন করতে সাহায্য করবে। আপনার ডাক্তারের সাথে পরামর্শ করুন এবং সেই অনুযায়ী চিকিৎসা নিন। আশা করি আমি আপনার প্রশ্নের উত্তর দিতে পেরেছি, যদি আপনার কোনো সন্দেহ থাকে তবে আমার সাথে bit.ly/ Chat Doctor-এ যোগাযোগ করুন। নাসেনিয়া ডক ব্যবহার করার জন্য ধন্যবাদ। আপনার সুস্বাস্থ্য কামনা করি।"
37265,"হেলো, ডেইরি, আমি আপনার প্রশ্নটি দেখেছি। আমি আপনার উদ্বেগ বুঝতে পারছি। আপনার হার্নিয়া সার্জারির ইতিহাস রয়েছে এবং এখন অস্ত্রোপচার পরবর্তী সংক্রমণ হয়েছে। আপনি স্ট্রেপ্টোকক্কাল সংক্রমণে ভুগছেন। আপনার স্ট্রেপ্টোকক্কাল সংক্রমণ সাধারণ অ্যান্টিবায়োটিকের প্রতি প্রতিরোধী হতে পারে। আপনার কালচার এবং সেনসিটিভিটি পরীক্ষা করা উচিত। এটি অ্যান্টিবায়োটিক নির্বাচন করতে সাহায্য করবে। আপনার ডাক্তারের সাথে পরামর্শ করুন এবং সেই অনুযায়ী চিকিৎসা নিন। আশা করি আমি আপনার প্রশ্নের উত্তর দিতে পেরেছি, যদি আপনার কোনো সন্দেহ থাকে তবে আমার সাথে bit.ly/ Chat Doctor-এ যোগাযোগ করুন। নাসেনিয়া ডক ব্যবহার করার জন্য ধন্যবাদ। আপনার সুস্বাস্থ্য কামনা করি।"
7886,"হেলো, ডেইরি, আমি আপনার প্রশ্নটি দেখেছি। আমি আপনার উদ্বেগ বুঝতে পারছি। আপনার হার্নিয়া সার্জারির ইতিহাস রয়েছে এবং এখন অস্ত্রোপচার পরবর্তী সংক্রমণ হয়েছে। আপনি স্ট্রেপ্টোকক্কাল সংক্রমণে ভুগছেন। আপনার স্ট্রেপ্টোকক্কাল সংক্রমণ সাধারণ অ্যান্টিবায়োটিকের প্রতি প্রতিরোধী হতে পারে। আপনার কালচার এবং সেনসিটিভিটি পরীক্ষা করা উচিত। এটি অ্যান্টিবায়োটিক নির্বাচন করতে সাহায্য করবে। আপনার ডাক্তারের সাথে পরামর্শ করুন এবং সেই অনুযায়ী চিকিৎসা নিন। আশা করি আমি আপনার প্রশ্নের উত্তর দিতে পেরেছি, যদি আপনার কোনো সন্দেহ থাকে তবে আমার সাথে bit.ly/ Chat Doctor-এ যোগাযোগ করুন। নাসেনিয়া ডক ব্যবহার করার জন্য ধন্যবাদ। আপনার সুস্বাস্থ্য কামনা করি।"
95286,"হেলো, ডেইরি, আমি আপনার প্রশ্নটি দেখেছি। আমি আপনার উদ্বেগ বুঝতে পারছি। আপনার হার্নিয়া সার্জারির ইতিহাস রয়েছে এবং এখন অস্ত্রোপচার পরবর্তী সংক্রমণ হয়েছে। আপনি স্ট্রেপ্টোকক্কাল সংক্রমণে ভুগছেন। আপনার স্ট্রেপ্টোকক্কাল সংক্রমণ সাধারণ অ্যান্টিবায়োটিকের প্রতি প্রতিরোধী হতে পারে। আপনার কালচার এবং সেনসিটিভিটি পরীক্ষা করা উচিত। এটি অ্যান্টিবায়োটিক নির্বাচন করতে সাহায্য করবে। আপনার ডাক্তারের সাথে পরামর্শ করুন এবং সেই অনুযায়ী চিকিৎসা নিন। আশা করি আমি আপনার প্রশ্নের উত্তর দিতে পেরেছি, যদি আপনার কোনো সন্দেহ থাকে তবে আমার সাথে bit.ly/ Chat Doctor-এ যোগাযোগ করুন। নাসেনিয়া ডক ব্যবহার করার জন্য ধন্যবাদ। আপনার সুস্বাস্থ্য কামনা করি।"
83023,"হেলো, ডেইরি, আমি আপনার প্রশ্নটি দেখেছি। আমি আপনার উদ্বেগ বুঝতে পারছি। আপনার হার্নিয়া সার্জারির ইতিহাস রয়েছে এবং এখন অস্ত্রোপচার পরবর্তী সংক্রমণ হয়েছে। আপনি স্ট্রেপ্টোকক্কাল সংক্রমণে ভুগছেন। আপনার স্ট্রেপ্টোকক্কাল সংক্রমণ সাধারণ অ্যান্টিবায়োটিকের প্রতি প্রতিরোধী হতে পারে। আপনার কালচার এবং সেনসিটিভিটি পরীক্ষা করা উচিত। এটি অ্যান্টিবায়োটিক নির্বাচন করতে সাহায্য করবে। আপনার ডাক্তারের সাথে পরামর্শ করুন এবং সেই অনুযায়ী চিকিৎসা নিন। আশা করি আমি আপনার প্রশ্নের উত্তর দিতে পেরেছি, যদি আপনার কোনো সন্দেহ থাকে তবে আমার সাথে bit.ly/ Chat Doctor-এ যোগাযোগ করুন। নাসেনিয়া ডক ব্যবহার করার জন্য ধন্যবাদ। আপনার সুস্বাস্থ্য কামনা করি।"
84702,"হেলো, ডেইরি, আমি আপনার প্রশ্নটি দেখেছি। আমি আপনার উদ্বেগ বুঝতে পারছি। আপনার হার্নিয়া সার্জারির ইতিহাস রয়েছে এবং এখন অস্ত্রোপচার পরবর্তী সংক্রমণ হয়েছে। আপনি স্ট্রেপ্টোকক্কাল সংক্রমণে ভুগছেন। আপনার স্ট্রেপ্টোকক্কাল সংক্রমণ সাধারণ অ্যান্টিবায়োটিকের প্রতি প্রতিরোধী হতে পারে। আপনার কালচার এবং সেনসিটিভিটি পরীক্ষা করা উচিত। এটি অ্যান্টিবায়োটিক নির্বাচন করতে সাহায্য করবে। আপনার ডাক্তারের সাথে পরামর্শ করুন এবং সেই অনুযায়ী চিকিৎসা নিন। আশা করি আমি আপনার প্রশ্নের উত্তর দিতে পেরেছি, যদি আপনার কোনো সন্দেহ থাকে তবে আমার সাথে bit.ly/ Chat Doctor-এ যোগাযোগ করুন। নাসেনিয়া ডক ব্যবহার করার জন্য ধন্যবাদ। আপনার সুস্বাস্থ্য কামনা করি।"
1026,"হেলো, ডেইরি, আমি আপনার প্রশ্নটি দেখেছি। আমি আপনার উদ্বেগ বুঝতে পারছি। আপনার হার্নিয়া সার্জারির ইতিহাস রয়েছে এবং এখন অস্ত্রোপচার পরবর্তী সংক্রমণ হয়েছে। আপনি স্ট্রেপ্টোকক্কাল সংক্রমণে ভুগছেন। আপনার স্ট্রেপ্টোকক্কাল সংক্রমণ সাধারণ অ্যান্টিবায়োটিকের প্রতি প্রতিরোধী হতে পারে। আপনার কালচার এবং সেনসিটিভিটি পরীক্ষা করা উচিত। এটি অ্যান্টিবায়োটিক নির্বাচন করতে সাহায্য করবে। আপনার ডাক্তারের সাথে পরামর্শ করুন এবং সেই অনুযায়ী চিকিৎসা নিন। আশা করি আমি আপনার প্রশ্নের উত্তর দিতে পেরেছি, যদি আপনার কোনো সন্দেহ থাকে তবে আমার সাথে bit.ly/ Chat Doctor-এ যোগাযোগ করুন। নাসেনিয়া ডক ব্যবহার করার জন্য ধন্যবাদ। আপনার সুস্বাস্থ্য কামনা করি।"
48905,"হেলো, ডেইরি, আমি আপনার প্রশ্নটি দেখেছি। আমি আপনার উদ্বেগ বুঝতে পারছি। আপনার হার্নিয়া সার্জারির ইতিহাস রয়েছে এবং এখন অস্ত্রোপচার পরবর্তী সংক্রমণ হয়েছে। আপনি স্ট্রেপ্টোকক্কাল সংক্রমণে ভুগছেন। আপনার স্ট্রেপ্টোকক্কাল সংক্রমণ সাধারণ অ্যান্টিবায়োটিকের প্রতি প্রতিরোধী হতে পারে। আপনার কালচার এবং সেনসিটিভিটি পরীক্ষা করা উচিত। এটি অ্যান্টিবায়োটিক নির্বাচন করতে সাহায্য করবে। আপনার ডাক্তারের সাথে পরামর্শ করুন এবং সেই অনুযায়ী চিকিৎসা নিন। আশা করি আমি আপনার প্রশ্নের উত্তর দিতে পেরেছি, যদি আপনার কোনো সন্দেহ থাকে তবে আমার সাথে bit.ly/ Chat Doctor-এ যোগাযোগ করুন। নাসেনিয়া ডক ব্যবহার করার জন্য ধন্যবাদ। আপনার সুস্বাস্থ্য কামনা করি।"
34120,"হেলো, ডেইরি, আমি আপনার প্রশ্নটি দেখেছি। আমি আপনার উদ্বেগ বুঝতে পারছি। আপনার হার্নিয়া সার্জারির ইতিহাস রয়েছে এবং এখন অস্ত্রোপচার পরবর্তী সংক্রমণ হয়েছে। আপনি স্ট্রেপ্টোকক্কাল সংক্রমণে ভুগছেন। আপনার স্ট্রেপ্টোকক্কাল সংক্রমণ সাধারণ অ্যান্টিবায়োটিকের প্রতি প্রতিরোধী হতে পারে। আপনার কালচার এবং সেনসিটিভিটি পরীক্ষা করা উচিত। এটি অ্যান্টিবায়োটিক নির্বাচন করতে সাহায্য করবে। আপনার ডাক্তারের সাথে পরামর্শ করুন এবং সেই অনুযায়ী চিকিৎসা নিন। আশা করি আমি আপনার প্রশ্নের উত্তর দিতে পেরেছি, যদি আপনার কোনো সন্দেহ থাকে তবে আমার সাথে bit.ly/ Chat Doctor-এ যোগাযোগ করুন। নাসেনিয়া ডক ব্যবহার করার জন্য ধন্যবাদ। আপনার সুস্বাস্থ্য কামনা করি।"
8545,"হেলো, ডেইরি, আমি আপনার প্রশ্নটি দেখেছি। আমি আপনার উদ্বেগ বুঝতে পারছি। আপনার হার্নিয়া সার্জারির ইতিহাস রয়েছে এবং এখন অস্ত্রোপচার পরবর্তী সংক্রমণ হয়েছে। আপনি স্ট্রেপ্টোকক্কাল সংক্রমণে ভুগছেন। আপনার স্ট্রেপ্টোকক্কাল সংক্রমণ সাধারণ অ্যান্টিবায়োটিকের প্রতি প্রতিরোধী হতে পারে। আপনার কালচার এবং সেনসিটিভিটি পরীক্ষা করা উচিত। এটি অ্যান্টিবায়োটিক নির্বাচন করতে সাহায্য করবে। আপনার ডাক্তারের সাথে পরামর্শ করুন এবং সেই অনুযায়ী চিকিৎসা নিন। আশা করি আমি আপনার প্রশ্নের উত্তর দিতে পেরেছি, যদি আপনার কোনো সন্দেহ থাকে তবে আমার সাথে bit.ly/ Chat Doctor-এ যোগাযোগ করুন। নাসেনিয়া ডক ব্যবহার করার জন্য ধন্যবাদ। আপনার সুস্বাস্থ্য কামনা করি।"
81437,"হেলো, ডেইরি, আমি আপনার প্রশ্নটি দেখেছি। আমি আপনার উদ্বেগ বুঝতে পারছি। আপনার হার্নিয়া সার্জারির ইতিহাস রয়েছে এবং এখন অস্ত্রোপচার পরবর্তী সংক্রমণ হয়েছে। আপনি স্ট্রেপ্টোকক্কাল সংক্রমণে ভুগছেন। আপনার স্ট্রেপ্টোকক্কাল সংক্রমণ সাধারণ অ্যান্টিবায়োটিকের প্রতি প্রতিরোধী হতে পারে। আপনার কালচার এবং সেনসিটিভিটি পরীক্ষা করা উচিত। এটি অ্যান্টিবায়োটিক নির্বাচন করতে সাহায্য করবে। আপনার ডাক্তারের সাথে পরামর্শ করুন এবং সেই অনুযায়ী চিকিৎসা নিন। আশা করি আমি আপনার প্রশ্নের উত্তর দিতে পেরেছি, যদি আপনার কোনো সন্দেহ থাকে তবে আমার সাথে bit.ly/ Chat Doctor-এ যোগাযোগ করুন। নাসেনিয়া ডক ব্যবহার করার জন্য ধন্যবাদ। আপনার সুস্বাস্থ্য কামনা করি।"
96701,"হেলো, ডেইরি, আমি আপনার প্রশ্নটি দেখেছি। আমি আপনার উদ্বেগ বুঝতে পারছি। আপনার হার্নিয়া সার্জারির ইতিহাস রয়েছে এবং এখন অস্ত্রোপচার পরবর্তী সংক্রমণ হয়েছে। আপনি স্ট্রেপ্টোকক্কাল সংক্রমণে ভুগছেন। আপনার স্ট্রেপ্টোকক্কাল সংক্রমণ সাধারণ অ্যান্টিবায়োটিকের প্রতি প্রতিরোধী হতে পারে। আপনার কালচার এবং সেনসিটিভিটি পরীক্ষা করা উচিত। এটি অ্যান্টিবায়োটিক নির্বাচন করতে সাহায্য করবে। আপনার ডাক্তারের সাথে পরামর্শ করুন এবং সেই অনুযায়ী চিকিৎসা নিন। আশা করি আমি আপনার প্রশ্নের উত্তর দিতে পেরেছি, যদি আপনার কোনো সন্দেহ থাকে তবে আমার সাথে bit.ly/ Chat Doctor-এ যোগাযোগ করুন। নাসেনিয়া ডক ব্যবহার করার জন্য ধন্যবাদ। আপনার সুস্বাস্থ্য কামনা করি।"
6239,"হেলো, ডেইরি, আমি আপনার প্রশ্নটি দেখেছি। আমি আপনার উদ্বেগ বুঝতে পারছি। আপনার হার্নিয়া সার্জারির ইতিহাস রয়েছে এবং এখন অস্ত্রোপচার পরবর্তী সংক্রমণ হয়েছে। আপনি স্ট্রেপ্টোকক্কাল সংক্রমণে ভুগছেন। আপনার স্ট্রেপ্টোকক্কাল সংক্রমণ সাধারণ অ্যান্টিবায়োটিকের প্রতি প্রতিরোধী হতে পারে। আপনার কালচার এবং সেনসিটিভিটি পরীক্ষা করা উচিত। এটি অ্যান্টিবায়োটিক নির্বাচন করতে সাহায্য করবে। আপনার ডাক্তারের সাথে পরামর্শ করুন এবং সেই অনুযায়ী চিকিৎসা নিন। আশা করি আমি আপনার প্রশ্নের উত্তর দিতে পেরেছি, যদি আপনার কোনো সন্দেহ থাকে তবে আমার সাথে bit.ly/ Chat Doctor-এ যোগাযোগ করুন। নাসেনিয়া ডক ব্যবহার করার জন্য ধন্যবাদ। আপনার সুস্বাস্থ্য কামনা করি।"
55269,"হেলো, ডেইরি, আমি আপনার প্রশ্নটি দেখেছি। আমি আপনার উদ্বেগ বুঝতে পারছি। আপনার হার্নিয়া সার্জারির ইতিহাস রয়েছে এবং এখন অস্ত্রোপচার পরবর্তী সংক্রমণ হয়েছে। আপনি স্ট্রেপ্টোকক্কাল সংক্রমণে ভুগছেন। আপনার স্ট্রেপ্টোকক্কাল সংক্রমণ সাধারণ অ্যান্টিবায়োটিকের প্রতি প্রতিরোধী হতে পারে। আপনার কালচার এবং সেনসিটিভিটি পরীক্ষা করা উচিত। এটি অ্যান্টিবায়োটিক নির্বাচন করতে সাহায্য করবে। আপনার ডাক্তারের সাথে পরামর্শ করুন এবং সেই অনুযায়ী চিকিৎসা নিন। আশা করি আমি আপনার প্রশ্নের উত্তর দিতে পেরেছি, যদি আপনার কোনো সন্দেহ থাকে তবে আমার সাথে bit.ly/ Chat Doctor-এ যোগাযোগ করুন। নাসেনিয়া ডক ব্যবহার করার জন্য ধন্যবাদ। আপনার সুস্বাস্থ্য কামনা করি।"
17635,"হেলো, ডেইরি, আমি আপনার প্রশ্নটি দেখেছি। আমি আপনার উদ্বেগ বুঝতে পারছি। আপনার হার্নিয়া সার্জারির ইতিহাস রয়েছে এবং এখন অস্ত্রোপচার পরবর্তী সংক্রমণ হয়েছে। আপনি স্ট্রেপ্টোকক্কাল সংক্রমণে ভুগছেন। আপনার স্ট্রেপ্টোকক্কাল সংক্রমণ সাধারণ অ্যান্টিবায়োটিকের প্রতি প্রতিরোধী হতে পারে। আপনার কালচার এবং সেনসিটিভিটি পরীক্ষা করা উচিত। এটি অ্যান্টিবায়োটিক নির্বাচন করতে সাহায্য করবে। আপনার ডাক্তারের সাথে পরামর্শ করুন এবং সেই অনুযায়ী চিকিৎসা নিন। আশা করি আমি আপনার প্রশ্নের উত্তর দিতে পেরেছি, যদি আপনার কোনো সন্দেহ থাকে তবে আমার সাথে bit.ly/ Chat Doctor-এ যোগাযোগ করুন। নাসেনিয়া ডক ব্যবহার করার জন্য ধন্যবাদ। আপনার সুস্বাস্থ্য কামনা করি।"
78442,"হেলো, ডেইরি, আমি আপনার প্রশ্নটি দেখেছি। আমি আপনার উদ্বেগ বুঝতে পারছি। আপনার হার্নিয়া সার্জারির ইতিহাস রয়েছে এবং এখন অস্ত্রোপচার পরবর্তী সংক্রমণ হয়েছে। আপনি স্ট্রেপ্টোকক্কাল সংক্রমণে ভুগছেন। আপনার স্ট্রেপ্টোকক্কাল সংক্রমণ সাধারণ অ্যান্টিবায়োটিকের প্রতি প্রতিরোধী হতে পারে। আপনার কালচার এবং সেনসিটিভিটি পরীক্ষা করা উচিত। এটি অ্যান্টিবায়োটিক নির্বাচন করতে সাহায্য করবে। আপনার ডাক্তারের সাথে পরামর্শ করুন এবং সেই অনুযায়ী চিকিৎসা নিন। আশা করি আমি আপনার প্রশ্নের উত্তর দিতে পেরেছি, যদি আপনার কোনো সন্দেহ থাকে তবে আমার সাথে bit.ly/ Chat Doctor-এ যোগাযোগ করুন। নাসেনিয়া ডক ব্যবহার করার জন্য ধন্যবাদ। আপনার সুস্বাস্থ্য কামনা করি।"
34980,"হেলো, ডেইরি, আমি আপনার প্রশ্নটি দেখেছি। আমি আপনার উদ্বেগ বুঝতে পারছি। আপনার হার্নিয়া সার্জারির ইতিহাস রয়েছে এবং এখন অস্ত্রোপচার পরবর্তী সংক্রমণ হয়েছে। আপনি স্ট্রেপ্টোকক্কাল সংক্রমণে ভুগছেন। আপনার স্ট্রেপ্টোকক্কাল সংক্রমণ সাধারণ অ্যান্টিবায়োটিকের প্রতি প্রতিরোধী হতে পারে। আপনার কালচার এবং সেনসিটিভিটি পরীক্ষা করা উচিত। এটি অ্যান্টিবায়োটিক নির্বাচন করতে সাহায্য করবে। আপনার ডাক্তারের সাথে পরামর্শ করুন এবং সেই অনুযায়ী চিকিৎসা নিন। আশা করি আমি আপনার প্রশ্নের উত্তর দিতে পেরেছি, যদি আপনার কোনো সন্দেহ থাকে তবে আমার সাথে bit.ly/ Chat Doctor-এ যোগাযোগ করুন। নাসেনিয়া ডক ব্যবহার করার জন্য ধন্যবাদ। আপনার সুস্বাস্থ্য কামনা করি।"
19267,"হেলো, ডেইরি, আমি আপনার প্রশ্নটি দেখেছি। আমি আপনার উদ্বেগ বুঝতে পারছি। আপনার হার্নিয়া সার্জারির ইতিহাস রয়েছে এবং এখন অস্ত্রোপচার পরবর্তী সংক্রমণ হয়েছে। আপনি স্ট্রেপ্টোকক্কাল সংক্রমণে ভুগছেন। আপনার স্ট্রেপ্টোকক্কাল সংক্রমণ সাধারণ অ্যান্টিবায়োটিকের প্রতি প্রতিরোধী হতে পারে। আপনার কালচার এবং সেনসিটিভিটি পরীক্ষা করা উচিত। এটি অ্যান্টিবায়োটিক নির্বাচন করতে সাহায্য করবে। আপনার ডাক্তারের সাথে পরামর্শ করুন এবং সেই অনুযায়ী চিকিৎসা নিন। আশা করি আমি আপনার প্রশ্নের উত্তর দিতে পেরেছি, যদি আপনার কোনো সন্দেহ থাকে তবে আমার সাথে bit.ly/ Chat Doctor-এ যোগাযোগ করুন। নাসেনিয়া ডক ব্যবহার করার জন্য ধন্যবাদ। আপনার সুস্বাস্থ্য কামনা করি।"
7978,"হেলো, ডেইরি, আমি আপনার প্রশ্নটি দেখেছি। আমি আপনার উদ্বেগ বুঝতে পারছি। আপনার হার্নিয়া সার্জারির ইতিহাস রয়েছে এবং এখন অস্ত্রোপচার পরবর্তী সংক্রমণ হয়েছে। আপনি স্ট্রেপ্টোকক্কাল সংক্রমণে ভুগছেন। আপনার স্ট্রেপ্টোকক্কাল সংক্রমণ সাধারণ অ্যান্টিবায়োটিকের প্রতি প্রতিরোধী হতে পারে। আপনার কালচার এবং সেনসিটিভিটি পরীক্ষা করা উচিত। এটি অ্যান্টিবায়োটিক নির্বাচন করতে সাহায্য করবে। আপনার ডাক্তারের সাথে পরামর্শ করুন এবং সেই অনুযায়ী চিকিৎসা নিন। আশা করি আমি আপনার প্রশ্নের উত্তর দিতে পেরেছি, যদি আপনার কোনো সন্দেহ থাকে তবে আমার সাথে bit.ly/ Chat Doctor-এ যোগাযোগ করুন। নাসেনিয়া ডক ব্যবহার করার জন্য ধন্যবাদ। আপনার সুস্বাস্থ্য কামনা করি।"
77383,"হেলো, ডেইরি, আমি আপনার প্রশ্নটি দেখেছি। আমি আপনার উদ্বেগ বুঝতে পারছি। আপনার হার্নিয়া সার্জারির ইতিহাস রয়েছে এবং এখন অস্ত্রোপচার পরবর্তী সংক্রমণ হয়েছে। আপনি স্ট্রেপ্টোকক্কাল সংক্রমণে ভুগছেন। আপনার স্ট্রেপ্টোকক্কাল সংক্রমণ সাধারণ অ্যান্টিবায়োটিকের প্রতি প্রতিরোধী হতে পারে। আপনার কালচার এবং সেনসিটিভিটি পরীক্ষা করা উচিত। এটি অ্যান্টিবায়োটিক নির্বাচন করতে সাহায্য করবে। আপনার ডাক্তারের সাথে পরামর্শ করুন এবং সেই অনুযায়ী চিকিৎসা নিন। আশা করি আমি আপনার প্রশ্নের উত্তর দিতে পেরেছি, যদি আপনার কোনো সন্দেহ থাকে তবে আমার সাথে bit.ly/ Chat Doctor-এ যোগাযোগ করুন। নাসেনিয়া ডক ব্যবহার করার জন্য ধন্যবাদ। আপনার সুস্বাস্থ্য কামনা করি।"
265,"হেলো, ডেইরি, আমি আপনার প্রশ্নটি দেখেছি। আমি আপনার উদ্বেগ বুঝতে পারছি। আপনার হার্নিয়া সার্জারির ইতিহাস রয়েছে এবং এখন অস্ত্রোপচার পরবর্তী সংক্রমণ হয়েছে। আপনি স্ট্রেপ্টোকক্কাল সংক্রমণে ভুগছেন। আপনার স্ট্রেপ্টোকক্কাল সংক্রমণ সাধারণ অ্যান্টিবায়োটিকের প্রতি প্রতিরোধী হতে পারে। আপনার কালচার এবং সেনসিটিভিটি পরীক্ষা করা উচিত। এটি অ্যান্টিবায়োটিক নির্বাচন করতে সাহায্য করবে। আপনার ডাক্তারের সাথে পরামর্শ করুন এবং সেই অনুযায়ী চিকিৎসা নিন। আশা করি আমি আপনার প্রশ্নের উত্তর দিতে পেরেছি, যদি আপনার কোনো সন্দেহ থাকে তবে আমার সাথে bit.ly/ Chat Doctor-এ যোগাযোগ করুন। নাসেনিয়া ডক ব্যবহার করার জন্য ধন্যবাদ। আপনার সুস্বাস্থ্য কামনা করি।"
108214,"হেলো, ডেইরি, আমি আপনার প্রশ্নটি দেখেছি। আমি আপনার উদ্বেগ বুঝতে পারছি। আপনার হার্নিয়া সার্জারির ইতিহাস রয়েছে এবং এখন অস্ত্রোপচার পরবর্তী সংক্রমণ হয়েছে। আপনি স্ট্রেপ্টোকক্কাল সংক্রমণে ভুগছেন। আপনার স্ট্রেপ্টোকক্কাল সংক্রমণ সাধারণ অ্যান্টিবায়োটিকের প্রতি প্রতিরোধী হতে পারে। আপনার কালচার এবং সেনসিটিভিটি পরীক্ষা করা উচিত। এটি অ্যান্টিবায়োটিক নির্বাচন করতে সাহায্য করবে। আপনার ডাক্তারের সাথে পরামর্শ করুন এবং সেই অনুযায়ী চিকিৎসা নিন। আশা করি আমি আপনার প্রশ্নের উত্তর দিতে পেরেছি, যদি আপনার কোনো সন্দেহ থাকে তবে আমার সাথে bit.ly/ Chat Doctor-এ যোগাযোগ করুন। নাসেনিয়া ডক ব্যবহার করার জন্য ধন্যবাদ। আপনার সুস্বাস্থ্য কামনা করি।"
17841,"হেলো, ডেইরি, আমি আপনার প্রশ্নটি দেখেছি। আমি আপনার উদ্বেগ বুঝতে পারছি। আপনার হার্নিয়া সার্জারির ইতিহাস রয়েছে এবং এখন অস্ত্রোপচার পরবর্তী সংক্রমণ হয়েছে। আপনি স্ট্রেপ্টোকক্কাল সংক্রমণে ভুগছেন। আপনার স্ট্রেপ্টোকক্কাল সংক্রমণ সাধারণ অ্যান্টিবায়োটিকের প্রতি প্রতিরোধী হতে পারে। আপনার কালচার এবং সেনসিটিভিটি পরীক্ষা করা উচিত। এটি অ্যান্টিবায়োটিক নির্বাচন করতে সাহায্য করবে। আপনার ডাক্তারের সাথে পরামর্শ করুন এবং সেই অনুযায়ী চিকিৎসা নিন। আশা করি আমি আপনার প্রশ্নের উত্তর দিতে পেরেছি, যদি আপনার কোনো সন্দেহ থাকে তবে আমার সাথে bit.ly/ Chat Doctor-এ যোগাযোগ করুন। নাসেনিয়া ডক ব্যবহার করার জন্য ধন্যবাদ। আপনার সুস্বাস্থ্য কামনা করি।"
96524,"হেলো, ডেইরি, আমি আপনার প্রশ্নটি দেখেছি। আমি আপনার উদ্বেগ বুঝতে পারছি। আপনার হার্নিয়া সার্জারির ইতিহাস রয়েছে এবং এখন অস্ত্রোপচার পরবর্তী সংক্রমণ হয়েছে। আপনি স্ট্রেপ্টোকক্কাল সংক্রমণে ভুগছেন। আপনার স্ট্রেপ্টোকক্কাল সংক্রমণ সাধারণ অ্যান্টিবায়োটিকের প্রতি প্রতিরোধী হতে পারে। আপনার কালচার এবং সেনসিটিভিটি পরীক্ষা করা উচিত। এটি অ্যান্টিবায়োটিক নির্বাচন করতে সাহায্য করবে। আপনার ডাক্তারের সাথে পরামর্শ করুন এবং সেই অনুযায়ী চিকিৎসা নিন। আশা করি আমি আপনার প্রশ্নের উত্তর দিতে পেরেছি, যদি আপনার কোনো সন্দেহ থাকে তবে আমার সাথে bit.ly/ Chat Doctor-এ যোগাযোগ করুন। নাসেনিয়া ডক ব্যবহার করার জন্য ধন্যবাদ। আপনার সুস্বাস্থ্য কামনা করি।"
105125,"হেলো, ডেইরি, আমি আপনার প্রশ্নটি দেখেছি। আমি আপনার উদ্বেগ বুঝতে পারছি। আপনার হার্নিয়া সার্জারির ইতিহাস রয়েছে এবং এখন অস্ত্রোপচার পরবর্তী সংক্রমণ হয়েছে। আপনি স্ট্রেপ্টোকক্কাল সংক্রমণে ভুগছেন। আপনার স্ট্রেপ্টোকক্কাল সংক্রমণ সাধারণ অ্যান্টিবায়োটিকের প্রতি প্রতিরোধী হতে পারে। আপনার কালচার এবং সেনসিটিভিটি পরীক্ষা করা উচিত। এটি অ্যান্টিবায়োটিক নির্বাচন করতে সাহায্য করবে। আপনার ডাক্তারের সাথে পরামর্শ করুন এবং সেই অনুযায়ী চিকিৎসা নিন। আশা করি আমি আপনার প্রশ্নের উত্তর দিতে পেরেছি, যদি আপনার কোনো সন্দেহ থাকে তবে আমার সাথে bit.ly/ Chat Doctor-এ যোগাযোগ করুন। নাসেনিয়া ডক ব্যবহার করার জন্য ধন্যবাদ। আপনার সুস্বাস্থ্য কামনা করি।"
18953,"হেলো, ডেইরি, আমি আপনার প্রশ্নটি দেখেছি। আমি আপনার উদ্বেগ বুঝতে পারছি। আপনার হার্নিয়া সার্জারির ইতিহাস রয়েছে এবং এখন অস্ত্রোপচার পরবর্তী সংক্রমণ হয়েছে। আপনি স্ট্রেপ্টোকক্কাল সংক্রমণে ভুগছেন। আপনার স্ট্রেপ্টোকক্কাল সংক্রমণ সাধারণ অ্যান্টিবায়োটিকের প্রতি প্রতিরোধী হতে পারে। আপনার কালচার এবং সেনসিটিভিটি পরীক্ষা করা উচিত। এটি অ্যান্টিবায়োটিক নির্বাচন করতে সাহায্য করবে। আপনার ডাক্তারের সাথে পরামর্শ করুন এবং সেই অনুযায়ী চিকিৎসা নিন। আশা করি আমি আপনার প্রশ্নের উত্তর দিতে পেরেছি, যদি আপনার কোনো সন্দেহ থাকে তবে আমার সাথে bit.ly/ Chat Doctor-এ যোগাযোগ করুন। নাসেনিয়া ডক ব্যবহার করার জন্য ধন্যবাদ। আপনার সুস্বাস্থ্য কামনা করি।"
92693,"হেলো, ডেইরি, আমি আপনার প্রশ্নটি দেখেছি। আমি আপনার উদ্বেগ বুঝতে পারছি। আপনার হার্নিয়া সার্জারির ইতিহাস রয়েছে এবং এখন অস্ত্রোপচার পরবর্তী সংক্রমণ হয়েছে। আপনি স্ট্রেপ্টোকক্কাল সংক্রমণে ভুগছেন। আপনার স্ট্রেপ্টোকক্কাল সংক্রমণ সাধারণ অ্যান্টিবায়োটিকের প্রতি প্রতিরোধী হতে পারে। আপনার কালচার এবং সেনসিটিভিটি পরীক্ষা করা উচিত। এটি অ্যান্টিবায়োটিক নির্বাচন করতে সাহায্য করবে। আপনার ডাক্তারের সাথে পরামর্শ করুন এবং সেই অনুযায়ী চিকিৎসা নিন। আশা করি আমি আপনার প্রশ্নের উত্তর দিতে পেরেছি, যদি আপনার কোনো সন্দেহ থাকে তবে আমার সাথে bit.ly/ Chat Doctor-এ যোগাযোগ করুন। নাসেনিয়া ডক ব্যবহার করার জন্য ধন্যবাদ। আপনার সুস্বাস্থ্য কামনা করি।"
92742,"হেলো, ডেইরি, আমি আপনার প্রশ্নটি দেখেছি। আমি আপনার উদ্বেগ বুঝতে পারছি। আপনার হার্নিয়া সার্জারির ইতিহাস রয়েছে এবং এখন অস্ত্রোপচার পরবর্তী সংক্রমণ হয়েছে। আপনি স্ট্রেপ্টোকক্কাল সংক্রমণে ভুগছেন। আপনার স্ট্রেপ্টোকক্কাল সংক্রমণ সাধারণ অ্যান্টিবায়োটিকের প্রতি প্রতিরোধী হতে পারে। আপনার কালচার এবং সেনসিটিভিটি পরীক্ষা করা উচিত। এটি অ্যান্টিবায়োটিক নির্বাচন করতে সাহায্য করবে। আপনার ডাক্তারের সাথে পরামর্শ করুন এবং সেই অনুযায়ী চিকিৎসা নিন। আশা করি আমি আপনার প্রশ্নের উত্তর দিতে পেরেছি, যদি আপনার কোনো সন্দেহ থাকে তবে আমার সাথে bit.ly/ Chat Doctor-এ যোগাযোগ করুন। নাসেনিয়া ডক ব্যবহার করার জন্য ধন্যবাদ। আপনার সুস্বাস্থ্য কামনা করি।"
59850,"হেলো, ডেইরি, আমি আপনার প্রশ্নটি দেখেছি। আমি আপনার উদ্বেগ বুঝতে পারছি। আপনার হার্নিয়া সার্জারির ইতিহাস রয়েছে এবং এখন অস্ত্রোপচার পরবর্তী সংক্রমণ হয়েছে। আপনি স্ট্রেপ্টোকক্কাল সংক্রমণে ভুগছেন। আপনার স্ট্রেপ্টোকক্কাল সংক্রমণ সাধারণ অ্যান্টিবায়োটিকের প্রতি প্রতিরোধী হতে পারে। আপনার কালচার এবং সেনসিটিভিটি পরীক্ষা করা উচিত। এটি অ্যান্টিবায়োটিক নির্বাচন করতে সাহায্য করবে। আপনার ডাক্তারের সাথে পরামর্শ করুন এবং সেই অনুযায়ী চিকিৎসা নিন। আশা করি আমি আপনার প্রশ্নের উত্তর দিতে পেরেছি, যদি আপনার কোনো সন্দেহ থাকে তবে আমার সাথে bit.ly/ Chat Doctor-এ যোগাযোগ করুন। নাসেনিয়া ডক ব্যবহার করার জন্য ধন্যবাদ। আপনার সুস্বাস্থ্য কামনা করি।"
100049,"হেলো, ডেইরি, আমি আপনার প্রশ্নটি দেখেছি। আমি আপনার উদ্বেগ বুঝতে পারছি। আপনার হার্নিয়া সার্জারির ইতিহাস রয়েছে এবং এখন অস্ত্রোপচার পরবর্তী সংক্রমণ হয়েছে। আপনি স্ট্রেপ্টোকক্কাল সংক্রমণে ভুগছেন। আপনার স্ট্রেপ্টোকক্কাল সংক্রমণ সাধারণ অ্যান্টিবায়োটিকের প্রতি প্রতিরোধী হতে পারে। আপনার কালচার এবং সেনসিটিভিটি পরীক্ষা করা উচিত। এটি অ্যান্টিবায়োটিক নির্বাচন করতে সাহায্য করবে। আপনার ডাক্তারের সাথে পরামর্শ করুন এবং সেই অনুযায়ী চিকিৎসা নিন। আশা করি আমি আপনার প্রশ্নের উত্তর দিতে পেরেছি, যদি আপনার কোনো সন্দেহ থাকে তবে আমার সাথে bit.ly/ Chat Doctor-এ যোগাযোগ করুন। নাসেনিয়া ডক ব্যবহার করার জন্য ধন্যবাদ। আপনার সুস্বাস্থ্য কামনা করি।"
52614,"হেলো, ডেইরি, আমি আপনার প্রশ্নটি দেখেছি। আমি আপনার উদ্বেগ বুঝতে পারছি। আপনার হার্নিয়া সার্জারির ইতিহাস রয়েছে এবং এখন অস্ত্রোপচার পরবর্তী সংক্রমণ হয়েছে। আপনি স্ট্রেপ্টোকক্কাল সংক্রমণে ভুগছেন। আপনার স্ট্রেপ্টোকক্কাল সংক্রমণ সাধারণ অ্যান্টিবায়োটিকের প্রতি প্রতিরোধী হতে পারে। আপনার কালচার এবং সেনসিটিভিটি পরীক্ষা করা উচিত। এটি অ্যান্টিবায়োটিক নির্বাচন করতে সাহায্য করবে। আপনার ডাক্তারের সাথে পরামর্শ করুন এবং সেই অনুযায়ী চিকিৎসা নিন। আশা করি আমি আপনার প্রশ্নের উত্তর দিতে পেরেছি, যদি আপনার কোনো সন্দেহ থাকে তবে আমার সাথে bit.ly/ Chat Doctor-এ যোগাযোগ করুন। নাসেনিয়া ডক ব্যবহার করার জন্য ধন্যবাদ। আপনার সুস্বাস্থ্য কামনা করি।"
93087,"হেলো, ডেইরি, আমি আপনার প্রশ্নটি দেখেছি। আমি আপনার উদ্বেগ বুঝতে পারছি। আপনার হার্নিয়া সার্জারির ইতিহাস রয়েছে এবং এখন অস্ত্রোপচার পরবর্তী সংক্রমণ হয়েছে। আপনি স্ট্রেপ্টোকক্কাল সংক্রমণে ভুগছেন। আপনার স্ট্রেপ্টোকক্কাল সংক্রমণ সাধারণ অ্যান্টিবায়োটিকের প্রতি প্রতিরোধী হতে পারে। আপনার কালচার এবং সেনসিটিভিটি পরীক্ষা করা উচিত। এটি অ্যান্টিবায়োটিক নির্বাচন করতে সাহায্য করবে। আপনার ডাক্তারের সাথে পরামর্শ করুন এবং সেই অনুযায়ী চিকিৎসা নিন। আশা করি আমি আপনার প্রশ্নের উত্তর দিতে পেরেছি, যদি আপনার কোনো সন্দেহ থাকে তবে আমার সাথে bit.ly/ Chat Doctor-এ যোগাযোগ করুন। নাসেনিয়া ডক ব্যবহার করার জন্য ধন্যবাদ। আপনার সুস্বাস্থ্য কামনা করি।"
66539,"হেলো, ডেইরি, আমি আপনার প্রশ্নটি দেখেছি। আমি আপনার উদ্বেগ বুঝতে পারছি। আপনার হার্নিয়া সার্জারির ইতিহাস রয়েছে এবং এখন অস্ত্রোপচার পরবর্তী সংক্রমণ হয়েছে। আপনি স্ট্রেপ্টোকক্কাল সংক্রমণে ভুগছেন। আপনার স্ট্রেপ্টোকক্কাল সংক্রমণ সাধারণ অ্যান্টিবায়োটিকের প্রতি প্রতিরোধী হতে পারে। আপনার কালচার এবং সেনসিটিভিটি পরীক্ষা করা উচিত। এটি অ্যান্টিবায়োটিক নির্বাচন করতে সাহায্য করবে। আপনার ডাক্তারের সাথে পরামর্শ করুন এবং সেই অনুযায়ী চিকিৎসা নিন। আশা করি আমি আপনার প্রশ্নের উত্তর দিতে পেরেছি, যদি আপনার কোনো সন্দেহ থাকে তবে আমার সাথে bit.ly/ Chat Doctor-এ যোগাযোগ করুন। নাসেনিয়া ডক ব্যবহার করার জন্য ধন্যবাদ। আপনার সুস্বাস্থ্য কামনা করি।"
61974,"হেলো, ডেইরি, আমি আপনার প্রশ্নটি দেখেছি। আমি আপনার উদ্বেগ বুঝতে পারছি। আপনার হার্নিয়া সার্জারির ইতিহাস রয়েছে এবং এখন অস্ত্রোপচার পরবর্তী সংক্রমণ হয়েছে। আপনি স্ট্রেপ্টোকক্কাল সংক্রমণে ভুগছেন। আপনার স্ট্রেপ্টোকক্কাল সংক্রমণ সাধারণ অ্যান্টিবায়োটিকের প্রতি প্রতিরোধী হতে পারে। আপনার কালচার এবং সেনসিটিভিটি পরীক্ষা করা উচিত। এটি অ্যান্টিবায়োটিক নির্বাচন করতে সাহায্য করবে। আপনার ডাক্তারের সাথে পরামর্শ করুন এবং সেই অনুযায়ী চিকিৎসা নিন। আশা করি আমি আপনার প্রশ্নের উত্তর দিতে পেরেছি, যদি আপনার কোনো সন্দেহ থাকে তবে আমার সাথে bit.ly/ Chat Doctor-এ যোগাযোগ করুন। নাসেনিয়া ডক ব্যবহার করার জন্য ধন্যবাদ। আপনার সুস্বাস্থ্য কামনা করি।"
78153,"হেলো, ডেইরি, আমি আপনার প্রশ্নটি দেখেছি। আমি আপনার উদ্বেগ বুঝতে পারছি। আপনার হার্নিয়া সার্জারির ইতিহাস রয়েছে এবং এখন অস্ত্রোপচার পরবর্তী সংক্রমণ হয়েছে। আপনি স্ট্রেপ্টোকক্কাল সংক্রমণে ভুগছেন। আপনার স্ট্রেপ্টোকক্কাল সংক্রমণ সাধারণ অ্যান্টিবায়োটিকের প্রতি প্রতিরোধী হতে পারে। আপনার কালচার এবং সেনসিটিভিটি পরীক্ষা করা উচিত। এটি অ্যান্টিবায়োটিক নির্বাচন করতে সাহায্য করবে। আপনার ডাক্তারের সাথে পরামর্শ করুন এবং সেই অনুযায়ী চিকিৎসা নিন। আশা করি আমি আপনার প্রশ্নের উত্তর দিতে পেরেছি, যদি আপনার কোনো সন্দেহ থাকে তবে আমার সাথে bit.ly/ Chat Doctor-এ যোগাযোগ করুন। নাসেনিয়া ডক ব্যবহার করার জন্য ধন্যবাদ। আপনার সুস্বাস্থ্য কামনা করি।"
30440,"হেলো, ডেইরি, আমি আপনার প্রশ্নটি দেখেছি। আমি আপনার উদ্বেগ বুঝতে পারছি। আপনার হার্নিয়া সার্জারির ইতিহাস রয়েছে এবং এখন অস্ত্রোপচার পরবর্তী সংক্রমণ হয়েছে। আপনি স্ট্রেপ্টোকক্কাল সংক্রমণে ভুগছেন। আপনার স্ট্রেপ্টোকক্কাল সংক্রমণ সাধারণ অ্যান্টিবায়োটিকের প্রতি প্রতিরোধী হতে পারে। আপনার কালচার এবং সেনসিটিভিটি পরীক্ষা করা উচিত। এটি অ্যান্টিবায়োটিক নির্বাচন করতে সাহায্য করবে। আপনার ডাক্তারের সাথে পরামর্শ করুন এবং সেই অনুযায়ী চিকিৎসা নিন। আশা করি আমি আপনার প্রশ্নের উত্তর দিতে পেরেছি, যদি আপনার কোনো সন্দেহ থাকে তবে আমার সাথে bit.ly/ Chat Doctor-এ যোগাযোগ করুন। নাসেনিয়া ডক ব্যবহার করার জন্য ধন্যবাদ। আপনার সুস্বাস্থ্য কামনা করি।"
87847,"হেলো, ডেইরি, আমি আপনার প্রশ্নটি দেখেছি। আমি আপনার উদ্বেগ বুঝতে পারছি। আপনার হার্নিয়া সার্জারির ইতিহাস রয়েছে এবং এখন অস্ত্রোপচার পরবর্তী সংক্রমণ হয়েছে। আপনি স্ট্রেপ্টোকক্কাল সংক্রমণে ভুগছেন। আপনার স্ট্রেপ্টোকক্কাল সংক্রমণ সাধারণ অ্যান্টিবায়োটিকের প্রতি প্রতিরোধী হতে পারে। আপনার কালচার এবং সেনসিটিভিটি পরীক্ষা করা উচিত। এটি অ্যান্টিবায়োটিক নির্বাচন করতে সাহায্য করবে। আপনার ডাক্তারের সাথে পরামর্শ করুন এবং সেই অনুযায়ী চিকিৎসা নিন। আশা করি আমি আপনার প্রশ্নের উত্তর দিতে পেরেছি, যদি আপনার কোনো সন্দেহ থাকে তবে আমার সাথে bit.ly/ Chat Doctor-এ যোগাযোগ করুন। নাসেনিয়া ডক ব্যবহার করার জন্য ধন্যবাদ। আপনার সুস্বাস্থ্য কামনা করি।"
75946,"হেলো, ডেইরি, আমি আপনার প্রশ্নটি দেখেছি। আমি আপনার উদ্বেগ বুঝতে পারছি। আপনার হার্নিয়া সার্জারির ইতিহাস রয়েছে এবং এখন অস্ত্রোপচার পরবর্তী সংক্রমণ হয়েছে। আপনি স্ট্রেপ্টোকক্কাল সংক্রমণে ভুগছেন। আপনার স্ট্রেপ্টোকক্কাল সংক্রমণ সাধারণ অ্যান্টিবায়োটিকের প্রতি প্রতিরোধী হতে পারে। আপনার কালচার এবং সেনসিটিভিটি পরীক্ষা করা উচিত। এটি অ্যান্টিবায়োটিক নির্বাচন করতে সাহায্য করবে। আপনার ডাক্তারের সাথে পরামর্শ করুন এবং সেই অনুযায়ী চিকিৎসা নিন। আশা করি আমি আপনার প্রশ্নের উত্তর দিতে পেরেছি, যদি আপনার কোনো সন্দেহ থাকে তবে আমার সাথে bit.ly/ Chat Doctor-এ যোগাযোগ করুন। নাসেনিয়া ডক ব্যবহার করার জন্য ধন্যবাদ। আপনার সুস্বাস্থ্য কামনা করি।"
64589,"হেলো, ডেইরি, আমি আপনার প্রশ্নটি দেখেছি। আমি আপনার উদ্বেগ বুঝতে পারছি। আপনার হার্নিয়া সার্জারির ইতিহাস রয়েছে এবং এখন অস্ত্রোপচার পরবর্তী সংক্রমণ হয়েছে। আপনি স্ট্রেপ্টোকক্কাল সংক্রমণে ভুগছেন। আপনার স্ট্রেপ্টোকক্কাল সংক্রমণ সাধারণ অ্যান্টিবায়োটিকের প্রতি প্রতিরোধী হতে পারে। আপনার কালচার এবং সেনসিটিভিটি পরীক্ষা করা উচিত। এটি অ্যান্টিবায়োটিক নির্বাচন করতে সাহায্য করবে। আপনার ডাক্তারের সাথে পরামর্শ করুন এবং সেই অনুযায়ী চিকিৎসা নিন। আশা করি আমি আপনার প্রশ্নের উত্তর দিতে পেরেছি, যদি আপনার কোনো সন্দেহ থাকে তবে আমার সাথে bit.ly/ Chat Doctor-এ যোগাযোগ করুন। নাসেনিয়া ডক ব্যবহার করার জন্য ধন্যবাদ। আপনার সুস্বাস্থ্য কামনা করি।"
89099,"হেলো, ডেইরি, আমি আপনার প্রশ্নটি দেখেছি। আমি আপনার উদ্বেগ বুঝতে পারছি। আপনার হার্নিয়া সার্জারির ইতিহাস রয়েছে এবং এখন অস্ত্রোপচার পরবর্তী সংক্রমণ হয়েছে। আপনি স্ট্রেপ্টোকক্কাল সংক্রমণে ভুগছেন। আপনার স্ট্রেপ্টোকক্কাল সংক্রমণ সাধারণ অ্যান্টিবায়োটিকের প্রতি প্রতিরোধী হতে পারে। আপনার কালচার এবং সেনসিটিভিটি পরীক্ষা করা উচিত। এটি অ্যান্টিবায়োটিক নির্বাচন করতে সাহায্য করবে। আপনার ডাক্তারের সাথে পরামর্শ করুন এবং সেই অনুযায়ী চিকিৎসা নিন। আশা করি আমি আপনার প্রশ্নের উত্তর দিতে পেরেছি, যদি আপনার কোনো সন্দেহ থাকে তবে আমার সাথে bit.ly/ Chat Doctor-এ যোগাযোগ করুন। নাসেনিয়া ডক ব্যবহার করার জন্য ধন্যবাদ। আপনার সুস্বাস্থ্য কামনা করি।"
94228,"হেলো, ডেইরি, আমি আপনার প্রশ্নটি দেখেছি। আমি আপনার উদ্বেগ বুঝতে পারছি। আপনার হার্নিয়া সার্জারির ইতিহাস রয়েছে এবং এখন অস্ত্রোপচার পরবর্তী সংক্রমণ হয়েছে। আপনি স্ট্রেপ্টোকক্কাল সংক্রমণে ভুগছেন। আপনার স্ট্রেপ্টোকক্কাল সংক্রমণ সাধারণ অ্যান্টিবায়োটিকের প্রতি প্রতিরোধী হতে পারে। আপনার কালচার এবং সেনসিটিভিটি পরীক্ষা করা উচিত। এটি অ্যান্টিবায়োটিক নির্বাচন করতে সাহায্য করবে। আপনার ডাক্তারের সাথে পরামর্শ করুন এবং সেই অনুযায়ী চিকিৎসা নিন। আশা করি আমি আপনার প্রশ্নের উত্তর দিতে পেরেছি, যদি আপনার কোনো সন্দেহ থাকে তবে আমার সাথে bit.ly/ Chat Doctor-এ যোগাযোগ করুন। নাসেনিয়া ডক ব্যবহার করার জন্য ধন্যবাদ। আপনার সুস্বাস্থ্য কামনা করি।"
40090,"হেলো, ডেইরি, আমি আপনার প্রশ্নটি দেখেছি। আমি আপনার উদ্বেগ বুঝতে পারছি। আপনার হার্নিয়া সার্জারির ইতিহাস রয়েছে এবং এখন অস্ত্রোপচার পরবর্তী সংক্রমণ হয়েছে। আপনি স্ট্রেপ্টোকক্কাল সংক্রমণে ভুগছেন। আপনার স্ট্রেপ্টোকক্কাল সংক্রমণ সাধারণ অ্যান্টিবায়োটিকের প্রতি প্রতিরোধী হতে পারে। আপনার কালচার এবং সেনসিটিভিটি পরীক্ষা করা উচিত। এটি অ্যান্টিবায়োটিক নির্বাচন করতে সাহায্য করবে। আপনার ডাক্তারের সাথে পরামর্শ করুন এবং সেই অনুযায়ী চিকিৎসা নিন। আশা করি আমি আপনার প্রশ্নের উত্তর দিতে পেরেছি, যদি আপনার কোনো সন্দেহ থাকে তবে আমার সাথে bit.ly/ Chat Doctor-এ যোগাযোগ করুন। নাসেনিয়া ডক ব্যবহার করার জন্য ধন্যবাদ। আপনার সুস্বাস্থ্য কামনা করি।"
45520,"হেলো, ডেইরি, আমি আপনার প্রশ্নটি দেখেছি। আমি আপনার উদ্বেগ বুঝতে পারছি। আপনার হার্নিয়া সার্জারির ইতিহাস রয়েছে এবং এখন অস্ত্রোপচার পরবর্তী সংক্রমণ হয়েছে। আপনি স্ট্রেপ্টোকক্কাল সংক্রমণে ভুগছেন। আপনার স্ট্রেপ্টোকক্কাল সংক্রমণ সাধারণ অ্যান্টিবায়োটিকের প্রতি প্রতিরোধী হতে পারে। আপনার কালচার এবং সেনসিটিভিটি পরীক্ষা করা উচিত। এটি অ্যান্টিবায়োটিক নির্বাচন করতে সাহায্য করবে। আপনার ডাক্তারের সাথে পরামর্শ করুন এবং সেই অনুযায়ী চিকিৎসা নিন। আশা করি আমি আপনার প্রশ্নের উত্তর দিতে পেরেছি, যদি আপনার কোনো সন্দেহ থাকে তবে আমার সাথে bit.ly/ Chat Doctor-এ যোগাযোগ করুন। নাসেনিয়া ডক ব্যবহার করার জন্য ধন্যবাদ। আপনার সুস্বাস্থ্য কামনা করি।"
96828,"হেলো, ডেইরি, আমি আপনার প্রশ্নটি দেখেছি। আমি আপনার উদ্বেগ বুঝতে পারছি। আপনার হার্নিয়া সার্জারির ইতিহাস রয়েছে এবং এখন অস্ত্রোপচার পরবর্তী সংক্রমণ হয়েছে। আপনি স্ট্রেপ্টোকক্কাল সংক্রমণে ভুগছেন। আপনার স্ট্রেপ্টোকক্কাল সংক্রমণ সাধারণ অ্যান্টিবায়োটিকের প্রতি প্রতিরোধী হতে পারে। আপনার কালচার এবং সেনসিটিভিটি পরীক্ষা করা উচিত। এটি অ্যান্টিবায়োটিক নির্বাচন করতে সাহায্য করবে। আপনার ডাক্তারের সাথে পরামর্শ করুন এবং সেই অনুযায়ী চিকিৎসা নিন। আশা করি আমি আপনার প্রশ্নের উত্তর দিতে পেরেছি, যদি আপনার কোনো সন্দেহ থাকে তবে আমার সাথে bit.ly/ Chat Doctor-এ যোগাযোগ করুন। নাসেনিয়া ডক ব্যবহার করার জন্য ধন্যবাদ। আপনার সুস্বাস্থ্য কামনা করি।"
24031,"হেলো, ডেইরি, আমি আপনার প্রশ্নটি দেখেছি। আমি আপনার উদ্বেগ বুঝতে পারছি। আপনার হার্নিয়া সার্জারির ইতিহাস রয়েছে এবং এখন অস্ত্রোপচার পরবর্তী সংক্রমণ হয়েছে। আপনি স্ট্রেপ্টোকক্কাল সংক্রমণে ভুগছেন। আপনার স্ট্রেপ্টোকক্কাল সংক্রমণ সাধারণ অ্যান্টিবায়োটিকের প্রতি প্রতিরোধী হতে পারে। আপনার কালচার এবং সেনসিটিভিটি পরীক্ষা করা উচিত। এটি অ্যান্টিবায়োটিক নির্বাচন করতে সাহায্য করবে। আপনার ডাক্তারের সাথে পরামর্শ করুন এবং সেই অনুযায়ী চিকিৎসা নিন। আশা করি আমি আপনার প্রশ্নের উত্তর দিতে পেরেছি, যদি আপনার কোনো সন্দেহ থাকে তবে আমার সাথে bit.ly/ Chat Doctor-এ যোগাযোগ করুন। নাসেনিয়া ডক ব্যবহার করার জন্য ধন্যবাদ। আপনার সুস্বাস্থ্য কামনা করি।"
107155,"হেলো, ডেইরি, আমি আপনার প্রশ্নটি দেখেছি। আমি আপনার উদ্বেগ বুঝতে পারছি। আপনার হার্নিয়া সার্জারির ইতিহাস রয়েছে এবং এখন অস্ত্রোপচার পরবর্তী সংক্রমণ হয়েছে। আপনি স্ট্রেপ্টোকক্কাল সংক্রমণে ভুগছেন। আপনার স্ট্রেপ্টোকক্কাল সংক্রমণ সাধারণ অ্যান্টিবায়োটিকের প্রতি প্রতিরোধী হতে পারে। আপনার কালচার এবং সেনসিটিভিটি পরীক্ষা করা উচিত। এটি অ্যান্টিবায়োটিক নির্বাচন করতে সাহায্য করবে। আপনার ডাক্তারের সাথে পরামর্শ করুন এবং সেই অনুযায়ী চিকিৎসা নিন। আশা করি আমি আপনার প্রশ্নের উত্তর দিতে পেরেছি, যদি আপনার কোনো সন্দেহ থাকে তবে আমার সাথে bit.ly/ Chat Doctor-এ যোগাযোগ করুন। নাসেনিয়া ডক ব্যবহার করার জন্য ধন্যবাদ। আপনার সুস্বাস্থ্য কামনা করি।"
27497,"হেলো, ডেইরি, আমি আপনার প্রশ্নটি দেখেছি। আমি আপনার উদ্বেগ বুঝতে পারছি। আপনার হার্নিয়া সার্জারির ইতিহাস রয়েছে এবং এখন অস্ত্রোপচার পরবর্তী সংক্রমণ হয়েছে। আপনি স্ট্রেপ্টোকক্কাল সংক্রমণে ভুগছেন। আপনার স্ট্রেপ্টোকক্কাল সংক্রমণ সাধারণ অ্যান্টিবায়োটিকের প্রতি প্রতিরোধী হতে পারে। আপনার কালচার এবং সেনসিটিভিটি পরীক্ষা করা উচিত। এটি অ্যান্টিবায়োটিক নির্বাচন করতে সাহায্য করবে। আপনার ডাক্তারের সাথে পরামর্শ করুন এবং সেই অনুযায়ী চিকিৎসা নিন। আশা করি আমি আপনার প্রশ্নের উত্তর দিতে পেরেছি, যদি আপনার কোনো সন্দেহ থাকে তবে আমার সাথে bit.ly/ Chat Doctor-এ যোগাযোগ করুন। নাসেনিয়া ডক ব্যবহার করার জন্য ধন্যবাদ। আপনার সুস্বাস্থ্য কামনা করি।"
32484,"হেলো, ডেইরি, আমি আপনার প্রশ্নটি দেখেছি। আমি আপনার উদ্বেগ বুঝতে পারছি। আপনার হার্নিয়া সার্জারির ইতিহাস রয়েছে এবং এখন অস্ত্রোপচার পরবর্তী সংক্রমণ হয়েছে। আপনি স্ট্রেপ্টোকক্কাল সংক্রমণে ভুগছেন। আপনার স্ট্রেপ্টোকক্কাল সংক্রমণ সাধারণ অ্যান্টিবায়োটিকের প্রতি প্রতিরোধী হতে পারে। আপনার কালচার এবং সেনসিটিভিটি পরীক্ষা করা উচিত। এটি অ্যান্টিবায়োটিক নির্বাচন করতে সাহায্য করবে। আপনার ডাক্তারের সাথে পরামর্শ করুন এবং সেই অনুযায়ী চিকিৎসা নিন। আশা করি আমি আপনার প্রশ্নের উত্তর দিতে পেরেছি, যদি আপনার কোনো সন্দেহ থাকে তবে আমার সাথে bit.ly/ Chat Doctor-এ যোগাযোগ করুন। নাসেনিয়া ডক ব্যবহার করার জন্য ধন্যবাদ। আপনার সুস্বাস্থ্য কামনা করি।"
32461,"হেলো, ডেইরি, আমি আপনার প্রশ্নটি দেখেছি। আমি আপনার উদ্বেগ বুঝতে পারছি। আপনার হার্নিয়া সার্জারির ইতিহাস রয়েছে এবং এখন অস্ত্রোপচার পরবর্তী সংক্রমণ হয়েছে। আপনি স্ট্রেপ্টোকক্কাল সংক্রমণে ভুগছেন। আপনার স্ট্রেপ্টোকক্কাল সংক্রমণ সাধারণ অ্যান্টিবায়োটিকের প্রতি প্রতিরোধী হতে পারে। আপনার কালচার এবং সেনসিটিভিটি পরীক্ষা করা উচিত। এটি অ্যান্টিবায়োটিক নির্বাচন করতে সাহায্য করবে। আপনার ডাক্তারের সাথে পরামর্শ করুন এবং সেই অনুযায়ী চিকিৎসা নিন। আশা করি আমি আপনার প্রশ্নের উত্তর দিতে পেরেছি, যদি আপনার কোনো সন্দেহ থাকে তবে আমার সাথে bit.ly/ Chat Doctor-এ যোগাযোগ করুন। নাসেনিয়া ডক ব্যবহার করার জন্য ধন্যবাদ। আপনার সুস্বাস্থ্য কামনা করি।"
33118,"হেলো, ডেইরি, আমি আপনার প্রশ্নটি দেখেছি। আমি আপনার উদ্বেগ বুঝতে পারছি। আপনার হার্নিয়া সার্জারির ইতিহাস রয়েছে এবং এখন অস্ত্রোপচার পরবর্তী সংক্রমণ হয়েছে। আপনি স্ট্রেপ্টোকক্কাল সংক্রমণে ভুগছেন। আপনার স্ট্রেপ্টোকক্কাল সংক্রমণ সাধারণ অ্যান্টিবায়োটিকের প্রতি প্রতিরোধী হতে পারে। আপনার কালচার এবং সেনসিটিভিটি পরীক্ষা করা উচিত। এটি অ্যান্টিবায়োটিক নির্বাচন করতে সাহায্য করবে। আপনার ডাক্তারের সাথে পরামর্শ করুন এবং সেই অনুযায়ী চিকিৎসা নিন। আশা করি আমি আপনার প্রশ্নের উত্তর দিতে পেরেছি, যদি আপনার কোনো সন্দেহ থাকে তবে আমার সাথে bit.ly/ Chat Doctor-এ যোগাযোগ করুন। নাসেনিয়া ডক ব্যবহার করার জন্য ধন্যবাদ। আপনার সুস্বাস্থ্য কামনা করি।"
104859,"হেলো, ডেইরি, আমি আপনার প্রশ্নটি দেখেছি। আমি আপনার উদ্বেগ বুঝতে পারছি। আপনার হার্নিয়া সার্জারির ইতিহাস রয়েছে এবং এখন অস্ত্রোপচার পরবর্তী সংক্রমণ হয়েছে। আপনি স্ট্রেপ্টোকক্কাল সংক্রমণে ভুগছেন। আপনার স্ট্রেপ্টোকক্কাল সংক্রমণ সাধারণ অ্যান্টিবায়োটিকের প্রতি প্রতিরোধী হতে পারে। আপনার কালচার এবং সেনসিটিভিটি পরীক্ষা করা উচিত। এটি অ্যান্টিবায়োটিক নির্বাচন করতে সাহায্য করবে। আপনার ডাক্তারের সাথে পরামর্শ করুন এবং সেই অনুযায়ী চিকিৎসা নিন। আশা করি আমি আপনার প্রশ্নের উত্তর দিতে পেরেছি, যদি আপনার কোনো সন্দেহ থাকে তবে আমার সাথে bit.ly/ Chat Doctor-এ যোগাযোগ করুন। নাসেনিয়া ডক ব্যবহার করার জন্য ধন্যবাদ। আপনার সুস্বাস্থ্য কামনা করি।"
72542,"হেলো, ডেইরি, আমি আপনার প্রশ্নটি দেখেছি। আমি আপনার উদ্বেগ বুঝতে পারছি। আপনার হার্নিয়া সার্জারির ইতিহাস রয়েছে এবং এখন অস্ত্রোপচার পরবর্তী সংক্রমণ হয়েছে। আপনি স্ট্রেপ্টোকক্কাল সংক্রমণে ভুগছেন। আপনার স্ট্রেপ্টোকক্কাল সংক্রমণ সাধারণ অ্যান্টিবায়োটিকের প্রতি প্রতিরোধী হতে পারে। আপনার কালচার এবং সেনসিটিভিটি পরীক্ষা করা উচিত। এটি অ্যান্টিবায়োটিক নির্বাচন করতে সাহায্য করবে। আপনার ডাক্তারের সাথে পরামর্শ করুন এবং সেই অনুযায়ী চিকিৎসা নিন। আশা করি আমি আপনার প্রশ্নের উত্তর দিতে পেরেছি, যদি আপনার কোনো সন্দেহ থাকে তবে আমার সাথে bit.ly/ Chat Doctor-এ যোগাযোগ করুন। নাসেনিয়া ডক ব্যবহার করার জন্য ধন্যবাদ। আপনার সুস্বাস্থ্য কামনা করি।"
49221,"হেলো, ডেইরি, আমি আপনার প্রশ্নটি দেখেছি। আমি আপনার উদ্বেগ বুঝতে পারছি। আপনার হার্নিয়া সার্জারির ইতিহাস রয়েছে এবং এখন অস্ত্রোপচার পরবর্তী সংক্রমণ হয়েছে। আপনি স্ট্রেপ্টোকক্কাল সংক্রমণে ভুগছেন। আপনার স্ট্রেপ্টোকক্কাল সংক্রমণ সাধারণ অ্যান্টিবায়োটিকের প্রতি প্রতিরোধী হতে পারে। আপনার কালচার এবং সেনসিটিভিটি পরীক্ষা করা উচিত। এটি অ্যান্টিবায়োটিক নির্বাচন করতে সাহায্য করবে। আপনার ডাক্তারের সাথে পরামর্শ করুন এবং সেই অনুযায়ী চিকিৎসা নিন। আশা করি আমি আপনার প্রশ্নের উত্তর দিতে পেরেছি, যদি আপনার কোনো সন্দেহ থাকে তবে আমার সাথে bit.ly/ Chat Doctor-এ যোগাযোগ করুন। নাসেনিয়া ডক ব্যবহার করার জন্য ধন্যবাদ। আপনার সুস্বাস্থ্য কামনা করি।"
69715,"হেলো, ডেইরি, আমি আপনার প্রশ্নটি দেখেছি। আমি আপনার উদ্বেগ বুঝতে পারছি। আপনার হার্নিয়া সার্জারির ইতিহাস রয়েছে এবং এখন অস্ত্রোপচার পরবর্তী সংক্রমণ হয়েছে। আপনি স্ট্রেপ্টোকক্কাল সংক্রমণে ভুগছেন। আপনার স্ট্রেপ্টোকক্কাল সংক্রমণ সাধারণ অ্যান্টিবায়োটিকের প্রতি প্রতিরোধী হতে পারে। আপনার কালচার এবং সেনসিটিভিটি পরীক্ষা করা উচিত। এটি অ্যান্টিবায়োটিক নির্বাচন করতে সাহায্য করবে। আপনার ডাক্তারের সাথে পরামর্শ করুন এবং সেই অনুযায়ী চিকিৎসা নিন। আশা করি আমি আপনার প্রশ্নের উত্তর দিতে পেরেছি, যদি আপনার কোনো সন্দেহ থাকে তবে আমার সাথে bit.ly/ Chat Doctor-এ যোগাযোগ করুন। নাসেনিয়া ডক ব্যবহার করার জন্য ধন্যবাদ। আপনার সুস্বাস্থ্য কামনা করি।"
43586,"হেলো, ডেইরি, আমি আপনার প্রশ্নটি দেখেছি। আমি আপনার উদ্বেগ বুঝতে পারছি। আপনার হার্নিয়া সার্জারির ইতিহাস রয়েছে এবং এখন অস্ত্রোপচার পরবর্তী সংক্রমণ হয়েছে। আপনি স্ট্রেপ্টোকক্কাল সংক্রমণে ভুগছেন। আপনার স্ট্রেপ্টোকক্কাল সংক্রমণ সাধারণ অ্যান্টিবায়োটিকের প্রতি প্রতিরোধী হতে পারে। আপনার কালচার এবং সেনসিটিভিটি পরীক্ষা করা উচিত। এটি অ্যান্টিবায়োটিক নির্বাচন করতে সাহায্য করবে। আপনার ডাক্তারের সাথে পরামর্শ করুন এবং সেই অনুযায়ী চিকিৎসা নিন। আশা করি আমি আপনার প্রশ্নের উত্তর দিতে পেরেছি, যদি আপনার কোনো সন্দেহ থাকে তবে আমার সাথে bit.ly/ Chat Doctor-এ যোগাযোগ করুন। নাসেনিয়া ডক ব্যবহার করার জন্য ধন্যবাদ। আপনার সুস্বাস্থ্য কামনা করি।"
15304,"হেলো, ডেইরি, আমি আপনার প্রশ্নটি দেখেছি। আমি আপনার উদ্বেগ বুঝতে পারছি। আপনার হার্নিয়া সার্জারির ইতিহাস রয়েছে এবং এখন অস্ত্রোপচার পরবর্তী সংক্রমণ হয়েছে। আপনি স্ট্রেপ্টোকক্কাল সংক্রমণে ভুগছেন। আপনার স্ট্রেপ্টোকক্কাল সংক্রমণ সাধারণ অ্যান্টিবায়োটিকের প্রতি প্রতিরোধী হতে পারে। আপনার কালচার এবং সেনসিটিভিটি পরীক্ষা করা উচিত। এটি অ্যান্টিবায়োটিক নির্বাচন করতে সাহায্য করবে। আপনার ডাক্তারের সাথে পরামর্শ করুন এবং সেই অনুযায়ী চিকিৎসা নিন। আশা করি আমি আপনার প্রশ্নের উত্তর দিতে পেরেছি, যদি আপনার কোনো সন্দেহ থাকে তবে আমার সাথে bit.ly/ Chat Doctor-এ যোগাযোগ করুন। নাসেনিয়া ডক ব্যবহার করার জন্য ধন্যবাদ। আপনার সুস্বাস্থ্য কামনা করি।"
53156,"হেলো, ডেইরি, আমি আপনার প্রশ্নটি দেখেছি। আমি আপনার উদ্বেগ বুঝতে পারছি। আপনার হার্নিয়া সার্জারির ইতিহাস রয়েছে এবং এখন অস্ত্রোপচার পরবর্তী সংক্রমণ হয়েছে। আপনি স্ট্রেপ্টোকক্কাল সংক্রমণে ভুগছেন। আপনার স্ট্রেপ্টোকক্কাল সংক্রমণ সাধারণ অ্যান্টিবায়োটিকের প্রতি প্রতিরোধী হতে পারে। আপনার কালচার এবং সেনসিটিভিটি পরীক্ষা করা উচিত। এটি অ্যান্টিবায়োটিক নির্বাচন করতে সাহায্য করবে। আপনার ডাক্তারের সাথে পরামর্শ করুন এবং সেই অনুযায়ী চিকিৎসা নিন। আশা করি আমি আপনার প্রশ্নের উত্তর দিতে পেরেছি, যদি আপনার কোনো সন্দেহ থাকে তবে আমার সাথে bit.ly/ Chat Doctor-এ যোগাযোগ করুন। নাসেনিয়া ডক ব্যবহার করার জন্য ধন্যবাদ। আপনার সুস্বাস্থ্য কামনা করি।"
59914,"হেলো, ডেইরি, আমি আপনার প্রশ্নটি দেখেছি। আমি আপনার উদ্বেগ বুঝতে পারছি। আপনার হার্নিয়া সার্জারির ইতিহাস রয়েছে এবং এখন অস্ত্রোপচার পরবর্তী সংক্রমণ হয়েছে। আপনি স্ট্রেপ্টোকক্কাল সংক্রমণে ভুগছেন। আপনার স্ট্রেপ্টোকক্কাল সংক্রমণ সাধারণ অ্যান্টিবায়োটিকের প্রতি প্রতিরোধী হতে পারে। আপনার কালচার এবং সেনসিটিভিটি পরীক্ষা করা উচিত। এটি অ্যান্টিবায়োটিক নির্বাচন করতে সাহায্য করবে। আপনার ডাক্তারের সাথে পরামর্শ করুন এবং সেই অনুযায়ী চিকিৎসা নিন। আশা করি আমি আপনার প্রশ্নের উত্তর দিতে পেরেছি, যদি আপনার কোনো সন্দেহ থাকে তবে আমার সাথে bit.ly/ Chat Doctor-এ যোগাযোগ করুন। নাসেনিয়া ডক ব্যবহার করার জন্য ধন্যবাদ। আপনার সুস্বাস্থ্য কামনা করি।"
47815,"হেলো, ডেইরি, আমি আপনার প্রশ্নটি দেখেছি। আমি আপনার উদ্বেগ বুঝতে পারছি। আপনার হার্নিয়া সার্জারির ইতিহাস রয়েছে এবং এখন অস্ত্রোপচার পরবর্তী সংক্রমণ হয়েছে। আপনি স্ট্রেপ্টোকক্কাল সংক্রমণে ভুগছেন। আপনার স্ট্রেপ্টোকক্কাল সংক্রমণ সাধারণ অ্যান্টিবায়োটিকের প্রতি প্রতিরোধী হতে পারে। আপনার কালচার এবং সেনসিটিভিটি পরীক্ষা করা উচিত। এটি অ্যান্টিবায়োটিক নির্বাচন করতে সাহায্য করবে। আপনার ডাক্তারের সাথে পরামর্শ করুন এবং সেই অনুযায়ী চিকিৎসা নিন। আশা করি আমি আপনার প্রশ্নের উত্তর দিতে পেরেছি, যদি আপনার কোনো সন্দেহ থাকে তবে আমার সাথে bit.ly/ Chat Doctor-এ যোগাযোগ করুন। নাসেনিয়া ডক ব্যবহার করার জন্য ধন্যবাদ। আপনার সুস্বাস্থ্য কামনা করি।"
2785,"হেলো, ডেইরি, আমি আপনার প্রশ্নটি দেখেছি। আমি আপনার উদ্বেগ বুঝতে পারছি। আপনার হার্নিয়া সার্জারির ইতিহাস রয়েছে এবং এখন অস্ত্রোপচার পরবর্তী সংক্রমণ হয়েছে। আপনি স্ট্রেপ্টোকক্কাল সংক্রমণে ভুগছেন। আপনার স্ট্রেপ্টোকক্কাল সংক্রমণ সাধারণ অ্যান্টিবায়োটিকের প্রতি প্রতিরোধী হতে পারে। আপনার কালচার এবং সেনসিটিভিটি পরীক্ষা করা উচিত। এটি অ্যান্টিবায়োটিক নির্বাচন করতে সাহায্য করবে। আপনার ডাক্তারের সাথে পরামর্শ করুন এবং সেই অনুযায়ী চিকিৎসা নিন। আশা করি আমি আপনার প্রশ্নের উত্তর দিতে পেরেছি, যদি আপনার কোনো সন্দেহ থাকে তবে আমার সাথে bit.ly/ Chat Doctor-এ যোগাযোগ করুন। নাসেনিয়া ডক ব্যবহার করার জন্য ধন্যবাদ। আপনার সুস্বাস্থ্য কামনা করি।"
90357,"হেলো, ডেইরি, আমি আপনার প্রশ্নটি দেখেছি। আমি আপনার উদ্বেগ বুঝতে পারছি। আপনার হার্নিয়া সার্জারির ইতিহাস রয়েছে এবং এখন অস্ত্রোপচার পরবর্তী সংক্রমণ হয়েছে। আপনি স্ট্রেপ্টোকক্কাল সংক্রমণে ভুগছেন। আপনার স্ট্রেপ্টোকক্কাল সংক্রমণ সাধারণ অ্যান্টিবায়োটিকের প্রতি প্রতিরোধী হতে পারে। আপনার কালচার এবং সেনসিটিভিটি পরীক্ষা করা উচিত। এটি অ্যান্টিবায়োটিক নির্বাচন করতে সাহায্য করবে। আপনার ডাক্তারের সাথে পরামর্শ করুন এবং সেই অনুযায়ী চিকিৎসা নিন। আশা করি আমি আপনার প্রশ্নের উত্তর দিতে পেরেছি, যদি আপনার কোনো সন্দেহ থাকে তবে আমার সাথে bit.ly/ Chat Doctor-এ যোগাযোগ করুন। নাসেনিয়া ডক ব্যবহার করার জন্য ধন্যবাদ। আপনার সুস্বাস্থ্য কামনা করি।"
88495,"হেলো, ডেইরি, আমি আপনার প্রশ্নটি দেখেছি। আমি আপনার উদ্বেগ বুঝতে পারছি। আপনার হার্নিয়া সার্জারির ইতিহাস রয়েছে এবং এখন অস্ত্রোপচার পরবর্তী সংক্রমণ হয়েছে। আপনি স্ট্রেপ্টোকক্কাল সংক্রমণে ভুগছেন। আপনার স্ট্রেপ্টোকক্কাল সংক্রমণ সাধারণ অ্যান্টিবায়োটিকের প্রতি প্রতিরোধী হতে পারে। আপনার কালচার এবং সেনসিটিভিটি পরীক্ষা করা উচিত। এটি অ্যান্টিবায়োটিক নির্বাচন করতে সাহায্য করবে। আপনার ডাক্তারের সাথে পরামর্শ করুন এবং সেই অনুযায়ী চিকিৎসা নিন। আশা করি আমি আপনার প্রশ্নের উত্তর দিতে পেরেছি, যদি আপনার কোনো সন্দেহ থাকে তবে আমার সাথে bit.ly/ Chat Doctor-এ যোগাযোগ করুন। নাসেনিয়া ডক ব্যবহার করার জন্য ধন্যবাদ। আপনার সুস্বাস্থ্য কামনা করি।"
11846,"হেলো, ডেইরি, আমি আপনার প্রশ্নটি দেখেছি। আমি আপনার উদ্বেগ বুঝতে পারছি। আপনার হার্নিয়া সার্জারির ইতিহাস রয়েছে এবং এখন অস্ত্রোপচার পরবর্তী সংক্রমণ হয়েছে। আপনি স্ট্রেপ্টোকক্কাল সংক্রমণে ভুগছেন। আপনার স্ট্রেপ্টোকক্কাল সংক্রমণ সাধারণ অ্যান্টিবায়োটিকের প্রতি প্রতিরোধী হতে পারে। আপনার কালচার এবং সেনসিটিভিটি পরীক্ষা করা উচিত। এটি অ্যান্টিবায়োটিক নির্বাচন করতে সাহায্য করবে। আপনার ডাক্তারের সাথে পরামর্শ করুন এবং সেই অনুযায়ী চিকিৎসা নিন। আশা করি আমি আপনার প্রশ্নের উত্তর দিতে পেরেছি, যদি আপনার কোনো সন্দেহ থাকে তবে আমার সাথে bit.ly/ Chat Doctor-এ যোগাযোগ করুন। নাসেনিয়া ডক ব্যবহার করার জন্য ধন্যবাদ। আপনার সুস্বাস্থ্য কামনা করি।"
57293,"হেলো, ডেইরি, আমি আপনার প্রশ্নটি দেখেছি। আমি আপনার উদ্বেগ বুঝতে পারছি। আপনার হার্নিয়া সার্জারির ইতিহাস রয়েছে এবং এখন অস্ত্রোপচার পরবর্তী সংক্রমণ হয়েছে। আপনি স্ট্রেপ্টোকক্কাল সংক্রমণে ভুগছেন। আপনার স্ট্রেপ্টোকক্কাল সংক্রমণ সাধারণ অ্যান্টিবায়োটিকের প্রতি প্রতিরোধী হতে পারে। আপনার কালচার এবং সেনসিটিভিটি পরীক্ষা করা উচিত। এটি অ্যান্টিবায়োটিক নির্বাচন করতে সাহায্য করবে। আপনার ডাক্তারের সাথে পরামর্শ করুন এবং সেই অনুযায়ী চিকিৎসা নিন। আশা করি আমি আপনার প্রশ্নের উত্তর দিতে পেরেছি, যদি আপনার কোনো সন্দেহ থাকে তবে আমার সাথে bit.ly/ Chat Doctor-এ যোগাযোগ করুন। নাসেনিয়া ডক ব্যবহার করার জন্য ধন্যবাদ। আপনার সুস্বাস্থ্য কামনা করি।"
19930,"হেলো, ডেইরি, আমি আপনার প্রশ্নটি দেখেছি। আমি আপনার উদ্বেগ বুঝতে পারছি। আপনার হার্নিয়া সার্জারির ইতিহাস রয়েছে এবং এখন অস্ত্রোপচার পরবর্তী সংক্রমণ হয়েছে। আপনি স্ট্রেপ্টোকক্কাল সংক্রমণে ভুগছেন। আপনার স্ট্রেপ্টোকক্কাল সংক্রমণ সাধারণ অ্যান্টিবায়োটিকের প্রতি প্রতিরোধী হতে পারে। আপনার কালচার এবং সেনসিটিভিটি পরীক্ষা করা উচিত। এটি অ্যান্টিবায়োটিক নির্বাচন করতে সাহায্য করবে। আপনার ডাক্তারের সাথে পরামর্শ করুন এবং সেই অনুযায়ী চিকিৎসা নিন। আশা করি আমি আপনার প্রশ্নের উত্তর দিতে পেরেছি, যদি আপনার কোনো সন্দেহ থাকে তবে আমার সাথে bit.ly/ Chat Doctor-এ যোগাযোগ করুন। নাসেনিয়া ডক ব্যবহার করার জন্য ধন্যবাদ। আপনার সুস্বাস্থ্য কামনা করি।"
70073,"হেলো, ডেইরি, আমি আপনার প্রশ্নটি দেখেছি। আমি আপনার উদ্বেগ বুঝতে পারছি। আপনার হার্নিয়া সার্জারির ইতিহাস রয়েছে এবং এখন অস্ত্রোপচার পরবর্তী সংক্রমণ হয়েছে। আপনি স্ট্রেপ্টোকক্কাল সংক্রমণে ভুগছেন। আপনার স্ট্রেপ্টোকক্কাল সংক্রমণ সাধারণ অ্যান্টিবায়োটিকের প্রতি প্রতিরোধী হতে পারে। আপনার কালচার এবং সেনসিটিভিটি পরীক্ষা করা উচিত। এটি অ্যান্টিবায়োটিক নির্বাচন করতে সাহায্য করবে। আপনার ডাক্তারের সাথে পরামর্শ করুন এবং সেই অনুযায়ী চিকিৎসা নিন। আশা করি আমি আপনার প্রশ্নের উত্তর দিতে পেরেছি, যদি আপনার কোনো সন্দেহ থাকে তবে আমার সাথে bit.ly/ Chat Doctor-এ যোগাযোগ করুন। নাসেনিয়া ডক ব্যবহার করার জন্য ধন্যবাদ। আপনার সুস্বাস্থ্য কামনা করি।"
64837,"হেলো, ডেইরি, আমি আপনার প্রশ্নটি দেখেছি। আমি আপনার উদ্বেগ বুঝতে পারছি। আপনার হার্নিয়া সার্জারির ইতিহাস রয়েছে এবং এখন অস্ত্রোপচার পরবর্তী সংক্রমণ হয়েছে। আপনি স্ট্রেপ্টোকক্কাল সংক্রমণে ভুগছেন। আপনার স্ট্রেপ্টোকক্কাল সংক্রমণ সাধারণ অ্যান্টিবায়োটিকের প্রতি প্রতিরোধী হতে পারে। আপনার কালচার এবং সেনসিটিভিটি পরীক্ষা করা উচিত। এটি অ্যান্টিবায়োটিক নির্বাচন করতে সাহায্য করবে। আপনার ডাক্তারের সাথে পরামর্শ করুন এবং সেই অনুযায়ী চিকিৎসা নিন। আশা করি আমি আপনার প্রশ্নের উত্তর দিতে পেরেছি, যদি আপনার কোনো সন্দেহ থাকে তবে আমার সাথে bit.ly/ Chat Doctor-এ যোগাযোগ করুন। নাসেনিয়া ডক ব্যবহার করার জন্য ধন্যবাদ। আপনার সুস্বাস্থ্য কামনা করি।"
71887,"হেলো, ডেইরি, আমি আপনার প্রশ্নটি দেখেছি। আমি আপনার উদ্বেগ বুঝতে পারছি। আপনার হার্নিয়া সার্জারির ইতিহাস রয়েছে এবং এখন অস্ত্রোপচার পরবর্তী সংক্রমণ হয়েছে। আপনি স্ট্রেপ্টোকক্কাল সংক্রমণে ভুগছেন। আপনার স্ট্রেপ্টোকক্কাল সংক্রমণ সাধারণ অ্যান্টিবায়োটিকের প্রতি প্রতিরোধী হতে পারে। আপনার কালচার এবং সেনসিটিভিটি পরীক্ষা করা উচিত। এটি অ্যান্টিবায়োটিক নির্বাচন করতে সাহায্য করবে। আপনার ডাক্তারের সাথে পরামর্শ করুন এবং সেই অনুযায়ী চিকিৎসা নিন। আশা করি আমি আপনার প্রশ্নের উত্তর দিতে পেরেছি, যদি আপনার কোনো সন্দেহ থাকে তবে আমার সাথে bit.ly/ Chat Doctor-এ যোগাযোগ করুন। নাসেনিয়া ডক ব্যবহার করার জন্য ধন্যবাদ। আপনার সুস্বাস্থ্য কামনা করি।"
49503,"হেলো, ডেইরি, আমি আপনার প্রশ্নটি দেখেছি। আমি আপনার উদ্বেগ বুঝতে পারছি। আপনার হার্নিয়া সার্জারির ইতিহাস রয়েছে এবং এখন অস্ত্রোপচার পরবর্তী সংক্রমণ হয়েছে। আপনি স্ট্রেপ্টোকক্কাল সংক্রমণে ভুগছেন। আপনার স্ট্রেপ্টোকক্কাল সংক্রমণ সাধারণ অ্যান্টিবায়োটিকের প্রতি প্রতিরোধী হতে পারে। আপনার কালচার এবং সেনসিটিভিটি পরীক্ষা করা উচিত। এটি অ্যান্টিবায়োটিক নির্বাচন করতে সাহায্য করবে। আপনার ডাক্তারের সাথে পরামর্শ করুন এবং সেই অনুযায়ী চিকিৎসা নিন। আশা করি আমি আপনার প্রশ্নের উত্তর দিতে পেরেছি, যদি আপনার কোনো সন্দেহ থাকে তবে আমার সাথে bit.ly/ Chat Doctor-এ যোগাযোগ করুন। নাসেনিয়া ডক ব্যবহার করার জন্য ধন্যবাদ। আপনার সুস্বাস্থ্য কামনা করি।"
24131,"হেলো, ডেইরি, আমি আপনার প্রশ্নটি দেখেছি। আমি আপনার উদ্বেগ বুঝতে পারছি। আপনার হার্নিয়া সার্জারির ইতিহাস রয়েছে এবং এখন অস্ত্রোপচার পরবর্তী সংক্রমণ হয়েছে। আপনি স্ট্রেপ্টোকক্কাল সংক্রমণে ভুগছেন। আপনার স্ট্রেপ্টোকক্কাল সংক্রমণ সাধারণ অ্যান্টিবায়োটিকের প্রতি প্রতিরোধী হতে পারে। আপনার কালচার এবং সেনসিটিভিটি পরীক্ষা করা উচিত। এটি অ্যান্টিবায়োটিক নির্বাচন করতে সাহায্য করবে। আপনার ডাক্তারের সাথে পরামর্শ করুন এবং সেই অনুযায়ী চিকিৎসা নিন। আশা করি আমি আপনার প্রশ্নের উত্তর দিতে পেরেছি, যদি আপনার কোনো সন্দেহ থাকে তবে আমার সাথে bit.ly/ Chat Doctor-এ যোগাযোগ করুন। নাসেনিয়া ডক ব্যবহার করার জন্য ধন্যবাদ। আপনার সুস্বাস্থ্য কামনা করি।"
94280,"হেলো, ডেইরি, আমি আপনার প্রশ্নটি দেখেছি। আমি আপনার উদ্বেগ বুঝতে পারছি। আপনার হার্নিয়া সার্জারির ইতিহাস রয়েছে এবং এখন অস্ত্রোপচার পরবর্তী সংক্রমণ হয়েছে। আপনি স্ট্রেপ্টোকক্কাল সংক্রমণে ভুগছেন। আপনার স্ট্রেপ্টোকক্কাল সংক্রমণ সাধারণ অ্যান্টিবায়োটিকের প্রতি প্রতিরোধী হতে পারে। আপনার কালচার এবং সেনসিটিভিটি পরীক্ষা করা উচিত। এটি অ্যান্টিবায়োটিক নির্বাচন করতে সাহায্য করবে। আপনার ডাক্তারের সাথে পরামর্শ করুন এবং সেই অনুযায়ী চিকিৎসা নিন। আশা করি আমি আপনার প্রশ্নের উত্তর দিতে পেরেছি, যদি আপনার কোনো সন্দেহ থাকে তবে আমার সাথে bit.ly/ Chat Doctor-এ যোগাযোগ করুন। নাসেনিয়া ডক ব্যবহার করার জন্য ধন্যবাদ। আপনার সুস্বাস্থ্য কামনা করি।"
107375,"হেলো, ডেইরি, আমি আপনার প্রশ্নটি দেখেছি। আমি আপনার উদ্বেগ বুঝতে পারছি। আপনার হার্নিয়া সার্জারির ইতিহাস রয়েছে এবং এখন অস্ত্রোপচার পরবর্তী সংক্রমণ হয়েছে। আপনি স্ট্রেপ্টোকক্কাল সংক্রমণে ভুগছেন। আপনার স্ট্রেপ্টোকক্কাল সংক্রমণ সাধারণ অ্যান্টিবায়োটিকের প্রতি প্রতিরোধী হতে পারে। আপনার কালচার এবং সেনসিটিভিটি পরীক্ষা করা উচিত। এটি অ্যান্টিবায়োটিক নির্বাচন করতে সাহায্য করবে। আপনার ডাক্তারের সাথে পরামর্শ করুন এবং সেই অনুযায়ী চিকিৎসা নিন। আশা করি আমি আপনার প্রশ্নের উত্তর দিতে পেরেছি, যদি আপনার কোনো সন্দেহ থাকে তবে আমার সাথে bit.ly/ Chat Doctor-এ যোগাযোগ করুন। নাসেনিয়া ডক ব্যবহার করার জন্য ধন্যবাদ। আপনার সুস্বাস্থ্য কামনা করি।"
13934,"হেলো, ডেইরি, আমি আপনার প্রশ্নটি দেখেছি। আমি আপনার উদ্বেগ বুঝতে পারছি। আপনার হার্নিয়া সার্জারির ইতিহাস রয়েছে এবং এখন অস্ত্রোপচার পরবর্তী সংক্রমণ হয়েছে। আপনি স্ট্রেপ্টোকক্কাল সংক্রমণে ভুগছেন। আপনার স্ট্রেপ্টোকক্কাল সংক্রমণ সাধারণ অ্যান্টিবায়োটিকের প্রতি প্রতিরোধী হতে পারে। আপনার কালচার এবং সেনসিটিভিটি পরীক্ষা করা উচিত। এটি অ্যান্টিবায়োটিক নির্বাচন করতে সাহায্য করবে। আপনার ডাক্তারের সাথে পরামর্শ করুন এবং সেই অনুযায়ী চিকিৎসা নিন। আশা করি আমি আপনার প্রশ্নের উত্তর দিতে পেরেছি, যদি আপনার কোনো সন্দেহ থাকে তবে আমার সাথে bit.ly/ Chat Doctor-এ যোগাযোগ করুন। নাসেনিয়া ডক ব্যবহার করার জন্য ধন্যবাদ। আপনার সুস্বাস্থ্য কামনা করি।"
72544,"হেলো, ডেইরি, আমি আপনার প্রশ্নটি দেখেছি। আমি আপনার উদ্বেগ বুঝতে পারছি। আপনার হার্নিয়া সার্জারির ইতিহাস রয়েছে এবং এখন অস্ত্রোপচার পরবর্তী সংক্রমণ হয়েছে। আপনি স্ট্রেপ্টোকক্কাল সংক্রমণে ভুগছেন। আপনার স্ট্রেপ্টোকক্কাল সংক্রমণ সাধারণ অ্যান্টিবায়োটিকের প্রতি প্রতিরোধী হতে পারে। আপনার কালচার এবং সেনসিটিভিটি পরীক্ষা করা উচিত। এটি অ্যান্টিবায়োটিক নির্বাচন করতে সাহায্য করবে। আপনার ডাক্তারের সাথে পরামর্শ করুন এবং সেই অনুযায়ী চিকিৎসা নিন। আশা করি আমি আপনার প্রশ্নের উত্তর দিতে পেরেছি, যদি আপনার কোনো সন্দেহ থাকে তবে আমার সাথে bit.ly/ Chat Doctor-এ যোগাযোগ করুন। নাসেনিয়া ডক ব্যবহার করার জন্য ধন্যবাদ। আপনার সুস্বাস্থ্য কামনা করি।"
68950,"হেলো, ডেইরি, আমি আপনার প্রশ্নটি দেখেছি। আমি আপনার উদ্বেগ বুঝতে পারছি। আপনার হার্নিয়া সার্জারির ইতিহাস রয়েছে এবং এখন অস্ত্রোপচার পরবর্তী সংক্রমণ হয়েছে। আপনি স্ট্রেপ্টোকক্কাল সংক্রমণে ভুগছেন। আপনার স্ট্রেপ্টোকক্কাল সংক্রমণ সাধারণ অ্যান্টিবায়োটিকের প্রতি প্রতিরোধী হতে পারে। আপনার কালচার এবং সেনসিটিভিটি পরীক্ষা করা উচিত। এটি অ্যান্টিবায়োটিক নির্বাচন করতে সাহায্য করবে। আপনার ডাক্তারের সাথে পরামর্শ করুন এবং সেই অনুযায়ী চিকিৎসা নিন। আশা করি আমি আপনার প্রশ্নের উত্তর দিতে পেরেছি, যদি আপনার কোনো সন্দেহ থাকে তবে আমার সাথে bit.ly/ Chat Doctor-এ যোগাযোগ করুন। নাসেনিয়া ডক ব্যবহার করার জন্য ধন্যবাদ। আপনার সুস্বাস্থ্য কামনা করি।"
59028,"হেলো, ডেইরি, আমি আপনার প্রশ্নটি দেখেছি। আমি আপনার উদ্বেগ বুঝতে পারছি। আপনার হার্নিয়া সার্জারির ইতিহাস রয়েছে এবং এখন অস্ত্রোপচার পরবর্তী সংক্রমণ হয়েছে। আপনি স্ট্রেপ্টোকক্কাল সংক্রমণে ভুগছেন। আপনার স্ট্রেপ্টোকক্কাল সংক্রমণ সাধারণ অ্যান্টিবায়োটিকের প্রতি প্রতিরোধী হতে পারে। আপনার কালচার এবং সেনসিটিভিটি পরীক্ষা করা উচিত। এটি অ্যান্টিবায়োটিক নির্বাচন করতে সাহায্য করবে। আপনার ডাক্তারের সাথে পরামর্শ করুন এবং সেই অনুযায়ী চিকিৎসা নিন। আশা করি আমি আপনার প্রশ্নের উত্তর দিতে পেরেছি, যদি আপনার কোনো সন্দেহ থাকে তবে আমার সাথে bit.ly/ Chat Doctor-এ যোগাযোগ করুন। নাসেনিয়া ডক ব্যবহার করার জন্য ধন্যবাদ। আপনার সুস্বাস্থ্য কামনা করি।"
88091,"হেলো, ডেইরি, আমি আপনার প্রশ্নটি দেখেছি। আমি আপনার উদ্বেগ বুঝতে পারছি। আপনার হার্নিয়া সার্জারির ইতিহাস রয়েছে এবং এখন অস্ত্রোপচার পরবর্তী সংক্রমণ হয়েছে। আপনি স্ট্রেপ্টোকক্কাল সংক্রমণে ভুগছেন। আপনার স্ট্রেপ্টোকক্কাল সংক্রমণ সাধারণ অ্যান্টিবায়োটিকের প্রতি প্রতিরোধী হতে পারে। আপনার কালচার এবং সেনসিটিভিটি পরীক্ষা করা উচিত। এটি অ্যান্টিবায়োটিক নির্বাচন করতে সাহায্য করবে। আপনার ডাক্তারের সাথে পরামর্শ করুন এবং সেই অনুযায়ী চিকিৎসা নিন। আশা করি আমি আপনার প্রশ্নের উত্তর দিতে পেরেছি, যদি আপনার কোনো সন্দেহ থাকে তবে আমার সাথে bit.ly/ Chat Doctor-এ যোগাযোগ করুন। নাসেনিয়া ডক ব্যবহার করার জন্য ধন্যবাদ। আপনার সুস্বাস্থ্য কামনা করি।"
28142,"হেলো, ডেইরি, আমি আপনার প্রশ্নটি দেখেছি। আমি আপনার উদ্বেগ বুঝতে পারছি। আপনার হার্নিয়া সার্জারির ইতিহাস রয়েছে এবং এখন অস্ত্রোপচার পরবর্তী সংক্রমণ হয়েছে। আপনি স্ট্রেপ্টোকক্কাল সংক্রমণে ভুগছেন। আপনার স্ট্রেপ্টোকক্কাল সংক্রমণ সাধারণ অ্যান্টিবায়োটিকের প্রতি প্রতিরোধী হতে পারে। আপনার কালচার এবং সেনসিটিভিটি পরীক্ষা করা উচিত। এটি অ্যান্টিবায়োটিক নির্বাচন করতে সাহায্য করবে। আপনার ডাক্তারের সাথে পরামর্শ করুন এবং সেই অনুযায়ী চিকিৎসা নিন। আশা করি আমি আপনার প্রশ্নের উত্তর দিতে পেরেছি, যদি আপনার কোনো সন্দেহ থাকে তবে আমার সাথে bit.ly/ Chat Doctor-এ যোগাযোগ করুন। নাসেনিয়া ডক ব্যবহার করার জন্য ধন্যবাদ। আপনার সুস্বাস্থ্য কামনা করি।"
40830,"হেলো, ডেইরি, আমি আপনার প্রশ্নটি দেখেছি। আমি আপনার উদ্বেগ বুঝতে পারছি। আপনার হার্নিয়া সার্জারির ইতিহাস রয়েছে এবং এখন অস্ত্রোপচার পরবর্তী সংক্রমণ হয়েছে। আপনি স্ট্রেপ্টোকক্কাল সংক্রমণে ভুগছেন। আপনার স্ট্রেপ্টোকক্কাল সংক্রমণ সাধারণ অ্যান্টিবায়োটিকের প্রতি প্রতিরোধী হতে পারে। আপনার কালচার এবং সেনসিটিভিটি পরীক্ষা করা উচিত। এটি অ্যান্টিবায়োটিক নির্বাচন করতে সাহায্য করবে। আপনার ডাক্তারের সাথে পরামর্শ করুন এবং সেই অনুযায়ী চিকিৎসা নিন। আশা করি আমি আপনার প্রশ্নের উত্তর দিতে পেরেছি, যদি আপনার কোনো সন্দেহ থাকে তবে আমার সাথে bit.ly/ Chat Doctor-এ যোগাযোগ করুন। নাসেনিয়া ডক ব্যবহার করার জন্য ধন্যবাদ। আপনার সুস্বাস্থ্য কামনা করি।"
42192,"হেলো, ডেইরি, আমি আপনার প্রশ্নটি দেখেছি। আমি আপনার উদ্বেগ বুঝতে পারছি। আপনার হার্নিয়া সার্জারির ইতিহাস রয়েছে এবং এখন অস্ত্রোপচার পরবর্তী সংক্রমণ হয়েছে। আপনি স্ট্রেপ্টোকক্কাল সংক্রমণে ভুগছেন। আপনার স্ট্রেপ্টোকক্কাল সংক্রমণ সাধারণ অ্যান্টিবায়োটিকের প্রতি প্রতিরোধী হতে পারে। আপনার কালচার এবং সেনসিটিভিটি পরীক্ষা করা উচিত। এটি অ্যান্টিবায়োটিক নির্বাচন করতে সাহায্য করবে। আপনার ডাক্তারের সাথে পরামর্শ করুন এবং সেই অনুযায়ী চিকিৎসা নিন। আশা করি আমি আপনার প্রশ্নের উত্তর দিতে পেরেছি, যদি আপনার কোনো সন্দেহ থাকে তবে আমার সাথে bit.ly/ Chat Doctor-এ যোগাযোগ করুন। নাসেনিয়া ডক ব্যবহার করার জন্য ধন্যবাদ। আপনার সুস্বাস্থ্য কামনা করি।"
41823,"হেলো, ডেইরি, আমি আপনার প্রশ্নটি দেখেছি। আমি আপনার উদ্বেগ বুঝতে পারছি। আপনার হার্নিয়া সার্জারির ইতিহাস রয়েছে এবং এখন অস্ত্রোপচার পরবর্তী সংক্রমণ হয়েছে। আপনি স্ট্রেপ্টোকক্কাল সংক্রমণে ভুগছেন। আপনার স্ট্রেপ্টোকক্কাল সংক্রমণ সাধারণ অ্যান্টিবায়োটিকের প্রতি প্রতিরোধী হতে পারে। আপনার কালচার এবং সেনসিটিভিটি পরীক্ষা করা উচিত। এটি অ্যান্টিবায়োটিক নির্বাচন করতে সাহায্য করবে। আপনার ডাক্তারের সাথে পরামর্শ করুন এবং সেই অনুযায়ী চিকিৎসা নিন। আশা করি আমি আপনার প্রশ্নের উত্তর দিতে পেরেছি, যদি আপনার কোনো সন্দেহ থাকে তবে আমার সাথে bit.ly/ Chat Doctor-এ যোগাযোগ করুন। নাসেনিয়া ডক ব্যবহার করার জন্য ধন্যবাদ। আপনার সুস্বাস্থ্য কামনা করি।"
53136,"হেলো, ডেইরি, আমি আপনার প্রশ্নটি দেখেছি। আমি আপনার উদ্বেগ বুঝতে পারছি। আপনার হার্নিয়া সার্জারির ইতিহাস রয়েছে এবং এখন অস্ত্রোপচার পরবর্তী সংক্রমণ হয়েছে। আপনি স্ট্রেপ্টোকক্কাল সংক্রমণে ভুগছেন। আপনার স্ট্রেপ্টোকক্কাল সংক্রমণ সাধারণ অ্যান্টিবায়োটিকের প্রতি প্রতিরোধী হতে পারে। আপনার কালচার এবং সেনসিটিভিটি পরীক্ষা করা উচিত। এটি অ্যান্টিবায়োটিক নির্বাচন করতে সাহায্য করবে। আপনার ডাক্তারের সাথে পরামর্শ করুন এবং সেই অনুযায়ী চিকিৎসা নিন। আশা করি আমি আপনার প্রশ্নের উত্তর দিতে পেরেছি, যদি আপনার কোনো সন্দেহ থাকে তবে আমার সাথে bit.ly/ Chat Doctor-এ যোগাযোগ করুন। নাসেনিয়া ডক ব্যবহার করার জন্য ধন্যবাদ। আপনার সুস্বাস্থ্য কামনা করি।"
9555,"হেলো, ডেইরি, আমি আপনার প্রশ্নটি দেখেছি। আমি আপনার উদ্বেগ বুঝতে পারছি। আপনার হার্নিয়া সার্জারির ইতিহাস রয়েছে এবং এখন অস্ত্রোপচার পরবর্তী সংক্রমণ হয়েছে। আপনি স্ট্রেপ্টোকক্কাল সংক্রমণে ভুগছেন। আপনার স্ট্রেপ্টোকক্কাল সংক্রমণ সাধারণ অ্যান্টিবায়োটিকের প্রতি প্রতিরোধী হতে পারে। আপনার কালচার এবং সেনসিটিভিটি পরীক্ষা করা উচিত। এটি অ্যান্টিবায়োটিক নির্বাচন করতে সাহায্য করবে। আপনার ডাক্তারের সাথে পরামর্শ করুন এবং সেই অনুযায়ী চিকিৎসা নিন। আশা করি আমি আপনার প্রশ্নের উত্তর দিতে পেরেছি, যদি আপনার কোনো সন্দেহ থাকে তবে আমার সাথে bit.ly/ Chat Doctor-এ যোগাযোগ করুন। নাসেনিয়া ডক ব্যবহার করার জন্য ধন্যবাদ। আপনার সুস্বাস্থ্য কামনা করি।"
107101,"হেলো, ডেইরি, আমি আপনার প্রশ্নটি দেখেছি। আমি আপনার উদ্বেগ বুঝতে পারছি। আপনার হার্নিয়া সার্জারির ইতিহাস রয়েছে এবং এখন অস্ত্রোপচার পরবর্তী সংক্রমণ হয়েছে। আপনি স্ট্রেপ্টোকক্কাল সংক্রমণে ভুগছেন। আপনার স্ট্রেপ্টোকক্কাল সংক্রমণ সাধারণ অ্যান্টিবায়োটিকের প্রতি প্রতিরোধী হতে পারে। আপনার কালচার এবং সেনসিটিভিটি পরীক্ষা করা উচিত। এটি অ্যান্টিবায়োটিক নির্বাচন করতে সাহায্য করবে। আপনার ডাক্তারের সাথে পরামর্শ করুন এবং সেই অনুযায়ী চিকিৎসা নিন। আশা করি আমি আপনার প্রশ্নের উত্তর দিতে পেরেছি, যদি আপনার কোনো সন্দেহ থাকে তবে আমার সাথে bit.ly/ Chat Doctor-এ যোগাযোগ করুন। নাসেনিয়া ডক ব্যবহার করার জন্য ধন্যবাদ। আপনার সুস্বাস্থ্য কামনা করি।"
79128,"হেলো, ডেইরি, আমি আপনার প্রশ্নটি দেখেছি। আমি আপনার উদ্বেগ বুঝতে পারছি। আপনার হার্নিয়া সার্জারির ইতিহাস রয়েছে এবং এখন অস্ত্রোপচার পরবর্তী সংক্রমণ হয়েছে। আপনি স্ট্রেপ্টোকক্কাল সংক্রমণে ভুগছেন। আপনার স্ট্রেপ্টোকক্কাল সংক্রমণ সাধারণ অ্যান্টিবায়োটিকের প্রতি প্রতিরোধী হতে পারে। আপনার কালচার এবং সেনসিটিভিটি পরীক্ষা করা উচিত। এটি অ্যান্টিবায়োটিক নির্বাচন করতে সাহায্য করবে। আপনার ডাক্তারের সাথে পরামর্শ করুন এবং সেই অনুযায়ী চিকিৎসা নিন। আশা করি আমি আপনার প্রশ্নের উত্তর দিতে পেরেছি, যদি আপনার কোনো সন্দেহ থাকে তবে আমার সাথে bit.ly/ Chat Doctor-এ যোগাযোগ করুন। নাসেনিয়া ডক ব্যবহার করার জন্য ধন্যবাদ। আপনার সুস্বাস্থ্য কামনা করি।"
18927,"হেলো, ডেইরি, আমি আপনার প্রশ্নটি দেখেছি। আমি আপনার উদ্বেগ বুঝতে পারছি। আপনার হার্নিয়া সার্জারির ইতিহাস রয়েছে এবং এখন অস্ত্রোপচার পরবর্তী সংক্রমণ হয়েছে। আপনি স্ট্রেপ্টোকক্কাল সংক্রমণে ভুগছেন। আপনার স্ট্রেপ্টোকক্কাল সংক্রমণ সাধারণ অ্যান্টিবায়োটিকের প্রতি প্রতিরোধী হতে পারে। আপনার কালচার এবং সেনসিটিভিটি পরীক্ষা করা উচিত। এটি অ্যান্টিবায়োটিক নির্বাচন করতে সাহায্য করবে। আপনার ডাক্তারের সাথে পরামর্শ করুন এবং সেই অনুযায়ী চিকিৎসা নিন। আশা করি আমি আপনার প্রশ্নের উত্তর দিতে পেরেছি, যদি আপনার কোনো সন্দেহ থাকে তবে আমার সাথে bit.ly/ Chat Doctor-এ যোগাযোগ করুন। নাসেনিয়া ডক ব্যবহার করার জন্য ধন্যবাদ। আপনার সুস্বাস্থ্য কামনা করি।"
343,"হেলো, ডেইরি, আমি আপনার প্রশ্নটি দেখেছি। আমি আপনার উদ্বেগ বুঝতে পারছি। আপনার হার্নিয়া সার্জারির ইতিহাস রয়েছে এবং এখন অস্ত্রোপচার পরবর্তী সংক্রমণ হয়েছে। আপনি স্ট্রেপ্টোকক্কাল সংক্রমণে ভুগছেন। আপনার স্ট্রেপ্টোকক্কাল সংক্রমণ সাধারণ অ্যান্টিবায়োটিকের প্রতি প্রতিরোধী হতে পারে। আপনার কালচার এবং সেনসিটিভিটি পরীক্ষা করা উচিত। এটি অ্যান্টিবায়োটিক নির্বাচন করতে সাহায্য করবে। আপনার ডাক্তারের সাথে পরামর্শ করুন এবং সেই অনুযায়ী চিকিৎসা নিন। আশা করি আমি আপনার প্রশ্নের উত্তর দিতে পেরেছি, যদি আপনার কোনো সন্দেহ থাকে তবে আমার সাথে bit.ly/ Chat Doctor-এ যোগাযোগ করুন। নাসেনিয়া ডক ব্যবহার করার জন্য ধন্যবাদ। আপনার সুস্বাস্থ্য কামনা করি।"
34874,"হেলো, ডেইরি, আমি আপনার প্রশ্নটি দেখেছি। আমি আপনার উদ্বেগ বুঝতে পারছি। আপনার হার্নিয়া সার্জারির ইতিহাস রয়েছে এবং এখন অস্ত্রোপচার পরবর্তী সংক্রমণ হয়েছে। আপনি স্ট্রেপ্টোকক্কাল সংক্রমণে ভুগছেন। আপনার স্ট্রেপ্টোকক্কাল সংক্রমণ সাধারণ অ্যান্টিবায়োটিকের প্রতি প্রতিরোধী হতে পারে। আপনার কালচার এবং সেনসিটিভিটি পরীক্ষা করা উচিত। এটি অ্যান্টিবায়োটিক নির্বাচন করতে সাহায্য করবে। আপনার ডাক্তারের সাথে পরামর্শ করুন এবং সেই অনুযায়ী চিকিৎসা নিন। আশা করি আমি আপনার প্রশ্নের উত্তর দিতে পেরেছি, যদি আপনার কোনো সন্দেহ থাকে তবে আমার সাথে bit.ly/ Chat Doctor-এ যোগাযোগ করুন। নাসেনিয়া ডক ব্যবহার করার জন্য ধন্যবাদ। আপনার সুস্বাস্থ্য কামনা করি।"
51361,"হেলো, ডেইরি, আমি আপনার প্রশ্নটি দেখেছি। আমি আপনার উদ্বেগ বুঝতে পারছি। আপনার হার্নিয়া সার্জারির ইতিহাস রয়েছে এবং এখন অস্ত্রোপচার পরবর্তী সংক্রমণ হয়েছে। আপনি স্ট্রেপ্টোকক্কাল সংক্রমণে ভুগছেন। আপনার স্ট্রেপ্টোকক্কাল সংক্রমণ সাধারণ অ্যান্টিবায়োটিকের প্রতি প্রতিরোধী হতে পারে। আপনার কালচার এবং সেনসিটিভিটি পরীক্ষা করা উচিত। এটি অ্যান্টিবায়োটিক নির্বাচন করতে সাহায্য করবে। আপনার ডাক্তারের সাথে পরামর্শ করুন এবং সেই অনুযায়ী চিকিৎসা নিন। আশা করি আমি আপনার প্রশ্নের উত্তর দিতে পেরেছি, যদি আপনার কোনো সন্দেহ থাকে তবে আমার সাথে bit.ly/ Chat Doctor-এ যোগাযোগ করুন। নাসেনিয়া ডক ব্যবহার করার জন্য ধন্যবাদ। আপনার সুস্বাস্থ্য কামনা করি।"
83545,"হেলো, ডেইরি, আমি আপনার প্রশ্নটি দেখেছি। আমি আপনার উদ্বেগ বুঝতে পারছি। আপনার হার্নিয়া সার্জারির ইতিহাস রয়েছে এবং এখন অস্ত্রোপচার পরবর্তী সংক্রমণ হয়েছে। আপনি স্ট্রেপ্টোকক্কাল সংক্রমণে ভুগছেন। আপনার স্ট্রেপ্টোকক্কাল সংক্রমণ সাধারণ অ্যান্টিবায়োটিকের প্রতি প্রতিরোধী হতে পারে। আপনার কালচার এবং সেনসিটিভিটি পরীক্ষা করা উচিত। এটি অ্যান্টিবায়োটিক নির্বাচন করতে সাহায্য করবে। আপনার ডাক্তারের সাথে পরামর্শ করুন এবং সেই অনুযায়ী চিকিৎসা নিন। আশা করি আমি আপনার প্রশ্নের উত্তর দিতে পেরেছি, যদি আপনার কোনো সন্দেহ থাকে তবে আমার সাথে bit.ly/ Chat Doctor-এ যোগাযোগ করুন। নাসেনিয়া ডক ব্যবহার করার জন্য ধন্যবাদ। আপনার সুস্বাস্থ্য কামনা করি।"
66163,"হেলো, ডেইরি, আমি আপনার প্রশ্নটি দেখেছি। আমি আপনার উদ্বেগ বুঝতে পারছি। আপনার হার্নিয়া সার্জারির ইতিহাস রয়েছে এবং এখন অস্ত্রোপচার পরবর্তী সংক্রমণ হয়েছে। আপনি স্ট্রেপ্টোকক্কাল সংক্রমণে ভুগছেন। আপনার স্ট্রেপ্টোকক্কাল সংক্রমণ সাধারণ অ্যান্টিবায়োটিকের প্রতি প্রতিরোধী হতে পারে। আপনার কালচার এবং সেনসিটিভিটি পরীক্ষা করা উচিত। এটি অ্যান্টিবায়োটিক নির্বাচন করতে সাহায্য করবে। আপনার ডাক্তারের সাথে পরামর্শ করুন এবং সেই অনুযায়ী চিকিৎসা নিন। আশা করি আমি আপনার প্রশ্নের উত্তর দিতে পেরেছি, যদি আপনার কোনো সন্দেহ থাকে তবে আমার সাথে bit.ly/ Chat Doctor-এ যোগাযোগ করুন। নাসেনিয়া ডক ব্যবহার করার জন্য ধন্যবাদ। আপনার সুস্বাস্থ্য কামনা করি।"
98537,"হেলো, ডেইরি, আমি আপনার প্রশ্নটি দেখেছি। আমি আপনার উদ্বেগ বুঝতে পারছি। আপনার হার্নিয়া সার্জারির ইতিহাস রয়েছে এবং এখন অস্ত্রোপচার পরবর্তী সংক্রমণ হয়েছে। আপনি স্ট্রেপ্টোকক্কাল সংক্রমণে ভুগছেন। আপনার স্ট্রেপ্টোকক্কাল সংক্রমণ সাধারণ অ্যান্টিবায়োটিকের প্রতি প্রতিরোধী হতে পারে। আপনার কালচার এবং সেনসিটিভিটি পরীক্ষা করা উচিত। এটি অ্যান্টিবায়োটিক নির্বাচন করতে সাহায্য করবে। আপনার ডাক্তারের সাথে পরামর্শ করুন এবং সেই অনুযায়ী চিকিৎসা নিন। আশা করি আমি আপনার প্রশ্নের উত্তর দিতে পেরেছি, যদি আপনার কোনো সন্দেহ থাকে তবে আমার সাথে bit.ly/ Chat Doctor-এ যোগাযোগ করুন। নাসেনিয়া ডক ব্যবহার করার জন্য ধন্যবাদ। আপনার সুস্বাস্থ্য কামনা করি।"
9553,"হেলো, ডেইরি, আমি আপনার প্রশ্নটি দেখেছি। আমি আপনার উদ্বেগ বুঝতে পারছি। আপনার হার্নিয়া সার্জারির ইতিহাস রয়েছে এবং এখন অস্ত্রোপচার পরবর্তী সংক্রমণ হয়েছে। আপনি স্ট্রেপ্টোকক্কাল সংক্রমণে ভুগছেন। আপনার স্ট্রেপ্টোকক্কাল সংক্রমণ সাধারণ অ্যান্টিবায়োটিকের প্রতি প্রতিরোধী হতে পারে। আপনার কালচার এবং সেনসিটিভিটি পরীক্ষা করা উচিত। এটি অ্যান্টিবায়োটিক নির্বাচন করতে সাহায্য করবে। আপনার ডাক্তারের সাথে পরামর্শ করুন এবং সেই অনুযায়ী চিকিৎসা নিন। আশা করি আমি আপনার প্রশ্নের উত্তর দিতে পেরেছি, যদি আপনার কোনো সন্দেহ থাকে তবে আমার সাথে bit.ly/ Chat Doctor-এ যোগাযোগ করুন। নাসেনিয়া ডক ব্যবহার করার জন্য ধন্যবাদ। আপনার সুস্বাস্থ্য কামনা করি।"
83347,"হেলো, ডেইরি, আমি আপনার প্রশ্নটি দেখেছি। আমি আপনার উদ্বেগ বুঝতে পারছি। আপনার হার্নিয়া সার্জারির ইতিহাস রয়েছে এবং এখন অস্ত্রোপচার পরবর্তী সংক্রমণ হয়েছে। আপনি স্ট্রেপ্টোকক্কাল সংক্রমণে ভুগছেন। আপনার স্ট্রেপ্টোকক্কাল সংক্রমণ সাধারণ অ্যান্টিবায়োটিকের প্রতি প্রতিরোধী হতে পারে। আপনার কালচার এবং সেনসিটিভিটি পরীক্ষা করা উচিত। এটি অ্যান্টিবায়োটিক নির্বাচন করতে সাহায্য করবে। আপনার ডাক্তারের সাথে পরামর্শ করুন এবং সেই অনুযায়ী চিকিৎসা নিন। আশা করি আমি আপনার প্রশ্নের উত্তর দিতে পেরেছি, যদি আপনার কোনো সন্দেহ থাকে তবে আমার সাথে bit.ly/ Chat Doctor-এ যোগাযোগ করুন। নাসেনিয়া ডক ব্যবহার করার জন্য ধন্যবাদ। আপনার সুস্বাস্থ্য কামনা করি।"
102029,"হেলো, ডেইরি, আমি আপনার প্রশ্নটি দেখেছি। আমি আপনার উদ্বেগ বুঝতে পারছি। আপনার হার্নিয়া সার্জারির ইতিহাস রয়েছে এবং এখন অস্ত্রোপচার পরবর্তী সংক্রমণ হয়েছে। আপনি স্ট্রেপ্টোকক্কাল সংক্রমণে ভুগছেন। আপনার স্ট্রেপ্টোকক্কাল সংক্রমণ সাধারণ অ্যান্টিবায়োটিকের প্রতি প্রতিরোধী হতে পারে। আপনার কালচার এবং সেনসিটিভিটি পরীক্ষা করা উচিত। এটি অ্যান্টিবায়োটিক নির্বাচন করতে সাহায্য করবে। আপনার ডাক্তারের সাথে পরামর্শ করুন এবং সেই অনুযায়ী চিকিৎসা নিন। আশা করি আমি আপনার প্রশ্নের উত্তর দিতে পেরেছি, যদি আপনার কোনো সন্দেহ থাকে তবে আমার সাথে bit.ly/ Chat Doctor-এ যোগাযোগ করুন। নাসেনিয়া ডক ব্যবহার করার জন্য ধন্যবাদ। আপনার সুস্বাস্থ্য কামনা করি।"
39420,"হেলো, ডেইরি, আমি আপনার প্রশ্নটি দেখেছি। আমি আপনার উদ্বেগ বুঝতে পারছি। আপনার হার্নিয়া সার্জারির ইতিহাস রয়েছে এবং এখন অস্ত্রোপচার পরবর্তী সংক্রমণ হয়েছে। আপনি স্ট্রেপ্টোকক্কাল সংক্রমণে ভুগছেন। আপনার স্ট্রেপ্টোকক্কাল সংক্রমণ সাধারণ অ্যান্টিবায়োটিকের প্রতি প্রতিরোধী হতে পারে। আপনার কালচার এবং সেনসিটিভিটি পরীক্ষা করা উচিত। এটি অ্যান্টিবায়োটিক নির্বাচন করতে সাহায্য করবে। আপনার ডাক্তারের সাথে পরামর্শ করুন এবং সেই অনুযায়ী চিকিৎসা নিন। আশা করি আমি আপনার প্রশ্নের উত্তর দিতে পেরেছি, যদি আপনার কোনো সন্দেহ থাকে তবে আমার সাথে bit.ly/ Chat Doctor-এ যোগাযোগ করুন। নাসেনিয়া ডক ব্যবহার করার জন্য ধন্যবাদ। আপনার সুস্বাস্থ্য কামনা করি।"
13524,"হেলো, ডেইরি, আমি আপনার প্রশ্নটি দেখেছি। আমি আপনার উদ্বেগ বুঝতে পারছি। আপনার হার্নিয়া সার্জারির ইতিহাস রয়েছে এবং এখন অস্ত্রোপচার পরবর্তী সংক্রমণ হয়েছে। আপনি স্ট্রেপ্টোকক্কাল সংক্রমণে ভুগছেন। আপনার স্ট্রেপ্টোকক্কাল সংক্রমণ সাধারণ অ্যান্টিবায়োটিকের প্রতি প্রতিরোধী হতে পারে। আপনার কালচার এবং সেনসিটিভিটি পরীক্ষা করা উচিত। এটি অ্যান্টিবায়োটিক নির্বাচন করতে সাহায্য করবে। আপনার ডাক্তারের সাথে পরামর্শ করুন এবং সেই অনুযায়ী চিকিৎসা নিন। আশা করি আমি আপনার প্রশ্নের উত্তর দিতে পেরেছি, যদি আপনার কোনো সন্দেহ থাকে তবে আমার সাথে bit.ly/ Chat Doctor-এ যোগাযোগ করুন। নাসেনিয়া ডক ব্যবহার করার জন্য ধন্যবাদ। আপনার সুস্বাস্থ্য কামনা করি।"
44293,"হেলো, ডেইরি, আমি আপনার প্রশ্নটি দেখেছি। আমি আপনার উদ্বেগ বুঝতে পারছি। আপনার হার্নিয়া সার্জারির ইতিহাস রয়েছে এবং এখন অস্ত্রোপচার পরবর্তী সংক্রমণ হয়েছে। আপনি স্ট্রেপ্টোকক্কাল সংক্রমণে ভুগছেন। আপনার স্ট্রেপ্টোকক্কাল সংক্রমণ সাধারণ অ্যান্টিবায়োটিকের প্রতি প্রতিরোধী হতে পারে। আপনার কালচার এবং সেনসিটিভিটি পরীক্ষা করা উচিত। এটি অ্যান্টিবায়োটিক নির্বাচন করতে সাহায্য করবে। আপনার ডাক্তারের সাথে পরামর্শ করুন এবং সেই অনুযায়ী চিকিৎসা নিন। আশা করি আমি আপনার প্রশ্নের উত্তর দিতে পেরেছি, যদি আপনার কোনো সন্দেহ থাকে তবে আমার সাথে bit.ly/ Chat Doctor-এ যোগাযোগ করুন। নাসেনিয়া ডক ব্যবহার করার জন্য ধন্যবাদ। আপনার সুস্বাস্থ্য কামনা করি।"
90974,"হেলো, ডেইরি, আমি আপনার প্রশ্নটি দেখেছি। আমি আপনার উদ্বেগ বুঝতে পারছি। আপনার হার্নিয়া সার্জারির ইতিহাস রয়েছে এবং এখন অস্ত্রোপচার পরবর্তী সংক্রমণ হয়েছে। আপনি স্ট্রেপ্টোকক্কাল সংক্রমণে ভুগছেন। আপনার স্ট্রেপ্টোকক্কাল সংক্রমণ সাধারণ অ্যান্টিবায়োটিকের প্রতি প্রতিরোধী হতে পারে। আপনার কালচার এবং সেনসিটিভিটি পরীক্ষা করা উচিত। এটি অ্যান্টিবায়োটিক নির্বাচন করতে সাহায্য করবে। আপনার ডাক্তারের সাথে পরামর্শ করুন এবং সেই অনুযায়ী চিকিৎসা নিন। আশা করি আমি আপনার প্রশ্নের উত্তর দিতে পেরেছি, যদি আপনার কোনো সন্দেহ থাকে তবে আমার সাথে bit.ly/ Chat Doctor-এ যোগাযোগ করুন। নাসেনিয়া ডক ব্যবহার করার জন্য ধন্যবাদ। আপনার সুস্বাস্থ্য কামনা করি।"
71873,"হেলো, ডেইরি, আমি আপনার প্রশ্নটি দেখেছি। আমি আপনার উদ্বেগ বুঝতে পারছি। আপনার হার্নিয়া সার্জারির ইতিহাস রয়েছে এবং এখন অস্ত্রোপচার পরবর্তী সংক্রমণ হয়েছে। আপনি স্ট্রেপ্টোকক্কাল সংক্রমণে ভুগছেন। আপনার স্ট্রেপ্টোকক্কাল সংক্রমণ সাধারণ অ্যান্টিবায়োটিকের প্রতি প্রতিরোধী হতে পারে। আপনার কালচার এবং সেনসিটিভিটি পরীক্ষা করা উচিত। এটি অ্যান্টিবায়োটিক নির্বাচন করতে সাহায্য করবে। আপনার ডাক্তারের সাথে পরামর্শ করুন এবং সেই অনুযায়ী চিকিৎসা নিন। আশা করি আমি আপনার প্রশ্নের উত্তর দিতে পেরেছি, যদি আপনার কোনো সন্দেহ থাকে তবে আমার সাথে bit.ly/ Chat Doctor-এ যোগাযোগ করুন। নাসেনিয়া ডক ব্যবহার করার জন্য ধন্যবাদ। আপনার সুস্বাস্থ্য কামনা করি।"
83944,"হেলো, ডেইরি, আমি আপনার প্রশ্নটি দেখেছি। আমি আপনার উদ্বেগ বুঝতে পারছি। আপনার হার্নিয়া সার্জারির ইতিহাস রয়েছে এবং এখন অস্ত্রোপচার পরবর্তী সংক্রমণ হয়েছে। আপনি স্ট্রেপ্টোকক্কাল সংক্রমণে ভুগছেন। আপনার স্ট্রেপ্টোকক্কাল সংক্রমণ সাধারণ অ্যান্টিবায়োটিকের প্রতি প্রতিরোধী হতে পারে। আপনার কালচার এবং সেনসিটিভিটি পরীক্ষা করা উচিত। এটি অ্যান্টিবায়োটিক নির্বাচন করতে সাহায্য করবে। আপনার ডাক্তারের সাথে পরামর্শ করুন এবং সেই অনুযায়ী চিকিৎসা নিন। আশা করি আমি আপনার প্রশ্নের উত্তর দিতে পেরেছি, যদি আপনার কোনো সন্দেহ থাকে তবে আমার সাথে bit.ly/ Chat Doctor-এ যোগাযোগ করুন। নাসেনিয়া ডক ব্যবহার করার জন্য ধন্যবাদ। আপনার সুস্বাস্থ্য কামনা করি।"
86012,"হেলো, ডেইরি, আমি আপনার প্রশ্নটি দেখেছি। আমি আপনার উদ্বেগ বুঝতে পারছি। আপনার হার্নিয়া সার্জারির ইতিহাস রয়েছে এবং এখন অস্ত্রোপচার পরবর্তী সংক্রমণ হয়েছে। আপনি স্ট্রেপ্টোকক্কাল সংক্রমণে ভুগছেন। আপনার স্ট্রেপ্টোকক্কাল সংক্রমণ সাধারণ অ্যান্টিবায়োটিকের প্রতি প্রতিরোধী হতে পারে। আপনার কালচার এবং সেনসিটিভিটি পরীক্ষা করা উচিত। এটি অ্যান্টিবায়োটিক নির্বাচন করতে সাহায্য করবে। আপনার ডাক্তারের সাথে পরামর্শ করুন এবং সেই অনুযায়ী চিকিৎসা নিন। আশা করি আমি আপনার প্রশ্নের উত্তর দিতে পেরেছি, যদি আপনার কোনো সন্দেহ থাকে তবে আমার সাথে bit.ly/ Chat Doctor-এ যোগাযোগ করুন। নাসেনিয়া ডক ব্যবহার করার জন্য ধন্যবাদ। আপনার সুস্বাস্থ্য কামনা করি।"
51939,"হেলো, ডেইরি, আমি আপনার প্রশ্নটি দেখেছি। আমি আপনার উদ্বেগ বুঝতে পারছি। আপনার হার্নিয়া সার্জারির ইতিহাস রয়েছে এবং এখন অস্ত্রোপচার পরবর্তী সংক্রমণ হয়েছে। আপনি স্ট্রেপ্টোকক্কাল সংক্রমণে ভুগছেন। আপনার স্ট্রেপ্টোকক্কাল সংক্রমণ সাধারণ অ্যান্টিবায়োটিকের প্রতি প্রতিরোধী হতে পারে। আপনার কালচার এবং সেনসিটিভিটি পরীক্ষা করা উচিত। এটি অ্যান্টিবায়োটিক নির্বাচন করতে সাহায্য করবে। আপনার ডাক্তারের সাথে পরামর্শ করুন এবং সেই অনুযায়ী চিকিৎসা নিন। আশা করি আমি আপনার প্রশ্নের উত্তর দিতে পেরেছি, যদি আপনার কোনো সন্দেহ থাকে তবে আমার সাথে bit.ly/ Chat Doctor-এ যোগাযোগ করুন। নাসেনিয়া ডক ব্যবহার করার জন্য ধন্যবাদ। আপনার সুস্বাস্থ্য কামনা করি।"
38466,"হেলো, ডেইরি, আমি আপনার প্রশ্নটি দেখেছি। আমি আপনার উদ্বেগ বুঝতে পারছি। আপনার হার্নিয়া সার্জারির ইতিহাস রয়েছে এবং এখন অস্ত্রোপচার পরবর্তী সংক্রমণ হয়েছে। আপনি স্ট্রেপ্টোকক্কাল সংক্রমণে ভুগছেন। আপনার স্ট্রেপ্টোকক্কাল সংক্রমণ সাধারণ অ্যান্টিবায়োটিকের প্রতি প্রতিরোধী হতে পারে। আপনার কালচার এবং সেনসিটিভিটি পরীক্ষা করা উচিত। এটি অ্যান্টিবায়োটিক নির্বাচন করতে সাহায্য করবে। আপনার ডাক্তারের সাথে পরামর্শ করুন এবং সেই অনুযায়ী চিকিৎসা নিন। আশা করি আমি আপনার প্রশ্নের উত্তর দিতে পেরেছি, যদি আপনার কোনো সন্দেহ থাকে তবে আমার সাথে bit.ly/ Chat Doctor-এ যোগাযোগ করুন। নাসেনিয়া ডক ব্যবহার করার জন্য ধন্যবাদ। আপনার সুস্বাস্থ্য কামনা করি।"
30242,"হেলো, ডেইরি, আমি আপনার প্রশ্নটি দেখেছি। আমি আপনার উদ্বেগ বুঝতে পারছি। আপনার হার্নিয়া সার্জারির ইতিহাস রয়েছে এবং এখন অস্ত্রোপচার পরবর্তী সংক্রমণ হয়েছে। আপনি স্ট্রেপ্টোকক্কাল সংক্রমণে ভুগছেন। আপনার স্ট্রেপ্টোকক্কাল সংক্রমণ সাধারণ অ্যান্টিবায়োটিকের প্রতি প্রতিরোধী হতে পারে। আপনার কালচার এবং সেনসিটিভিটি পরীক্ষা করা উচিত। এটি অ্যান্টিবায়োটিক নির্বাচন করতে সাহায্য করবে। আপনার ডাক্তারের সাথে পরামর্শ করুন এবং সেই অনুযায়ী চিকিৎসা নিন। আশা করি আমি আপনার প্রশ্নের উত্তর দিতে পেরেছি, যদি আপনার কোনো সন্দেহ থাকে তবে আমার সাথে bit.ly/ Chat Doctor-এ যোগাযোগ করুন। নাসেনিয়া ডক ব্যবহার করার জন্য ধন্যবাদ। আপনার সুস্বাস্থ্য কামনা করি।"
108266,"হেলো, ডেইরি, আমি আপনার প্রশ্নটি দেখেছি। আমি আপনার উদ্বেগ বুঝতে পারছি। আপনার হার্নিয়া সার্জারির ইতিহাস রয়েছে এবং এখন অস্ত্রোপচার পরবর্তী সংক্রমণ হয়েছে। আপনি স্ট্রেপ্টোকক্কাল সংক্রমণে ভুগছেন। আপনার স্ট্রেপ্টোকক্কাল সংক্রমণ সাধারণ অ্যান্টিবায়োটিকের প্রতি প্রতিরোধী হতে পারে। আপনার কালচার এবং সেনসিটিভিটি পরীক্ষা করা উচিত। এটি অ্যান্টিবায়োটিক নির্বাচন করতে সাহায্য করবে। আপনার ডাক্তারের সাথে পরামর্শ করুন এবং সেই অনুযায়ী চিকিৎসা নিন। আশা করি আমি আপনার প্রশ্নের উত্তর দিতে পেরেছি, যদি আপনার কোনো সন্দেহ থাকে তবে আমার সাথে bit.ly/ Chat Doctor-এ যোগাযোগ করুন। নাসেনিয়া ডক ব্যবহার করার জন্য ধন্যবাদ। আপনার সুস্বাস্থ্য কামনা করি।"
10379,"হেলো, ডেইরি, আমি আপনার প্রশ্নটি দেখেছি। আমি আপনার উদ্বেগ বুঝতে পারছি। আপনার হার্নিয়া সার্জারির ইতিহাস রয়েছে এবং এখন অস্ত্রোপচার পরবর্তী সংক্রমণ হয়েছে। আপনি স্ট্রেপ্টোকক্কাল সংক্রমণে ভুগছেন। আপনার স্ট্রেপ্টোকক্কাল সংক্রমণ সাধারণ অ্যান্টিবায়োটিকের প্রতি প্রতিরোধী হতে পারে। আপনার কালচার এবং সেনসিটিভিটি পরীক্ষা করা উচিত। এটি অ্যান্টিবায়োটিক নির্বাচন করতে সাহায্য করবে। আপনার ডাক্তারের সাথে পরামর্শ করুন এবং সেই অনুযায়ী চিকিৎসা নিন। আশা করি আমি আপনার প্রশ্নের উত্তর দিতে পেরেছি, যদি আপনার কোনো সন্দেহ থাকে তবে আমার সাথে bit.ly/ Chat Doctor-এ যোগাযোগ করুন। নাসেনিয়া ডক ব্যবহার করার জন্য ধন্যবাদ। আপনার সুস্বাস্থ্য কামনা করি।"
44909,"হেলো, ডেইরি, আমি আপনার প্রশ্নটি দেখেছি। আমি আপনার উদ্বেগ বুঝতে পারছি। আপনার হার্নিয়া সার্জারির ইতিহাস রয়েছে এবং এখন অস্ত্রোপচার পরবর্তী সংক্রমণ হয়েছে। আপনি স্ট্রেপ্টোকক্কাল সংক্রমণে ভুগছেন। আপনার স্ট্রেপ্টোকক্কাল সংক্রমণ সাধারণ অ্যান্টিবায়োটিকের প্রতি প্রতিরোধী হতে পারে। আপনার কালচার এবং সেনসিটিভিটি পরীক্ষা করা উচিত। এটি অ্যান্টিবায়োটিক নির্বাচন করতে সাহায্য করবে। আপনার ডাক্তারের সাথে পরামর্শ করুন এবং সেই অনুযায়ী চিকিৎসা নিন। আশা করি আমি আপনার প্রশ্নের উত্তর দিতে পেরেছি, যদি আপনার কোনো সন্দেহ থাকে তবে আমার সাথে bit.ly/ Chat Doctor-এ যোগাযোগ করুন। নাসেনিয়া ডক ব্যবহার করার জন্য ধন্যবাদ। আপনার সুস্বাস্থ্য কামনা করি।"
16788,"হেলো, ডেইরি, আমি আপনার প্রশ্নটি দেখেছি। আমি আপনার উদ্বেগ বুঝতে পারছি। আপনার হার্নিয়া সার্জারির ইতিহাস রয়েছে এবং এখন অস্ত্রোপচার পরবর্তী সংক্রমণ হয়েছে। আপনি স্ট্রেপ্টোকক্কাল সংক্রমণে ভুগছেন। আপনার স্ট্রেপ্টোকক্কাল সংক্রমণ সাধারণ অ্যান্টিবায়োটিকের প্রতি প্রতিরোধী হতে পারে। আপনার কালচার এবং সেনসিটিভিটি পরীক্ষা করা উচিত। এটি অ্যান্টিবায়োটিক নির্বাচন করতে সাহায্য করবে। আপনার ডাক্তারের সাথে পরামর্শ করুন এবং সেই অনুযায়ী চিকিৎসা নিন। আশা করি আমি আপনার প্রশ্নের উত্তর দিতে পেরেছি, যদি আপনার কোনো সন্দেহ থাকে তবে আমার সাথে bit.ly/ Chat Doctor-এ যোগাযোগ করুন। নাসেনিয়া ডক ব্যবহার করার জন্য ধন্যবাদ। আপনার সুস্বাস্থ্য কামনা করি।"
18776,"হেলো, ডেইরি, আমি আপনার প্রশ্নটি দেখেছি। আমি আপনার উদ্বেগ বুঝতে পারছি। আপনার হার্নিয়া সার্জারির ইতিহাস রয়েছে এবং এখন অস্ত্রোপচার পরবর্তী সংক্রমণ হয়েছে। আপনি স্ট্রেপ্টোকক্কাল সংক্রমণে ভুগছেন। আপনার স্ট্রেপ্টোকক্কাল সংক্রমণ সাধারণ অ্যান্টিবায়োটিকের প্রতি প্রতিরোধী হতে পারে। আপনার কালচার এবং সেনসিটিভিটি পরীক্ষা করা উচিত। এটি অ্যান্টিবায়োটিক নির্বাচন করতে সাহায্য করবে। আপনার ডাক্তারের সাথে পরামর্শ করুন এবং সেই অনুযায়ী চিকিৎসা নিন। আশা করি আমি আপনার প্রশ্নের উত্তর দিতে পেরেছি, যদি আপনার কোনো সন্দেহ থাকে তবে আমার সাথে bit.ly/ Chat Doctor-এ যোগাযোগ করুন। নাসেনিয়া ডক ব্যবহার করার জন্য ধন্যবাদ। আপনার সুস্বাস্থ্য কামনা করি।"
15908,"হেলো, ডেইরি, আমি আপনার প্রশ্নটি দেখেছি। আমি আপনার উদ্বেগ বুঝতে পারছি। আপনার হার্নিয়া সার্জারির ইতিহাস রয়েছে এবং এখন অস্ত্রোপচার পরবর্তী সংক্রমণ হয়েছে। আপনি স্ট্রেপ্টোকক্কাল সংক্রমণে ভুগছেন। আপনার স্ট্রেপ্টোকক্কাল সংক্রমণ সাধারণ অ্যান্টিবায়োটিকের প্রতি প্রতিরোধী হতে পারে। আপনার কালচার এবং সেনসিটিভিটি পরীক্ষা করা উচিত। এটি অ্যান্টিবায়োটিক নির্বাচন করতে সাহায্য করবে। আপনার ডাক্তারের সাথে পরামর্শ করুন এবং সেই অনুযায়ী চিকিৎসা নিন। আশা করি আমি আপনার প্রশ্নের উত্তর দিতে পেরেছি, যদি আপনার কোনো সন্দেহ থাকে তবে আমার সাথে bit.ly/ Chat Doctor-এ যোগাযোগ করুন। নাসেনিয়া ডক ব্যবহার করার জন্য ধন্যবাদ। আপনার সুস্বাস্থ্য কামনা করি।"
2064,"হেলো, ডেইরি, আমি আপনার প্রশ্নটি দেখেছি। আমি আপনার উদ্বেগ বুঝতে পারছি। আপনার হার্নিয়া সার্জারির ইতিহাস রয়েছে এবং এখন অস্ত্রোপচার পরবর্তী সংক্রমণ হয়েছে। আপনি স্ট্রেপ্টোকক্কাল সংক্রমণে ভুগছেন। আপনার স্ট্রেপ্টোকক্কাল সংক্রমণ সাধারণ অ্যান্টিবায়োটিকের প্রতি প্রতিরোধী হতে পারে। আপনার কালচার এবং সেনসিটিভিটি পরীক্ষা করা উচিত। এটি অ্যান্টিবায়োটিক নির্বাচন করতে সাহায্য করবে। আপনার ডাক্তারের সাথে পরামর্শ করুন এবং সেই অনুযায়ী চিকিৎসা নিন। আশা করি আমি আপনার প্রশ্নের উত্তর দিতে পেরেছি, যদি আপনার কোনো সন্দেহ থাকে তবে আমার সাথে bit.ly/ Chat Doctor-এ যোগাযোগ করুন। নাসেনিয়া ডক ব্যবহার করার জন্য ধন্যবাদ। আপনার সুস্বাস্থ্য কামনা করি।"
52361,"হেলো, ডেইরি, আমি আপনার প্রশ্নটি দেখেছি। আমি আপনার উদ্বেগ বুঝতে পারছি। আপনার হার্নিয়া সার্জারির ইতিহাস রয়েছে এবং এখন অস্ত্রোপচার পরবর্তী সংক্রমণ হয়েছে। আপনি স্ট্রেপ্টোকক্কাল সংক্রমণে ভুগছেন। আপনার স্ট্রেপ্টোকক্কাল সংক্রমণ সাধারণ অ্যান্টিবায়োটিকের প্রতি প্রতিরোধী হতে পারে। আপনার কালচার এবং সেনসিটিভিটি পরীক্ষা করা উচিত। এটি অ্যান্টিবায়োটিক নির্বাচন করতে সাহায্য করবে। আপনার ডাক্তারের সাথে পরামর্শ করুন এবং সেই অনুযায়ী চিকিৎসা নিন। আশা করি আমি আপনার প্রশ্নের উত্তর দিতে পেরেছি, যদি আপনার কোনো সন্দেহ থাকে তবে আমার সাথে bit.ly/ Chat Doctor-এ যোগাযোগ করুন। নাসেনিয়া ডক ব্যবহার করার জন্য ধন্যবাদ। আপনার সুস্বাস্থ্য কামনা করি।"
103328,"হেলো, ডেইরি, আমি আপনার প্রশ্নটি দেখেছি। আমি আপনার উদ্বেগ বুঝতে পারছি। আপনার হার্নিয়া সার্জারির ইতিহাস রয়েছে এবং এখন অস্ত্রোপচার পরবর্তী সংক্রমণ হয়েছে। আপনি স্ট্রেপ্টোকক্কাল সংক্রমণে ভুগছেন। আপনার স্ট্রেপ্টোকক্কাল সংক্রমণ সাধারণ অ্যান্টিবায়োটিকের প্রতি প্রতিরোধী হতে পারে। আপনার কালচার এবং সেনসিটিভিটি পরীক্ষা করা উচিত। এটি অ্যান্টিবায়োটিক নির্বাচন করতে সাহায্য করবে। আপনার ডাক্তারের সাথে পরামর্শ করুন এবং সেই অনুযায়ী চিকিৎসা নিন। আশা করি আমি আপনার প্রশ্নের উত্তর দিতে পেরেছি, যদি আপনার কোনো সন্দেহ থাকে তবে আমার সাথে bit.ly/ Chat Doctor-এ যোগাযোগ করুন। নাসেনিয়া ডক ব্যবহার করার জন্য ধন্যবাদ। আপনার সুস্বাস্থ্য কামনা করি।"
89843,"হেলো, ডেইরি, আমি আপনার প্রশ্নটি দেখেছি। আমি আপনার উদ্বেগ বুঝতে পারছি। আপনার হার্নিয়া সার্জারির ইতিহাস রয়েছে এবং এখন অস্ত্রোপচার পরবর্তী সংক্রমণ হয়েছে। আপনি স্ট্রেপ্টোকক্কাল সংক্রমণে ভুগছেন। আপনার স্ট্রেপ্টোকক্কাল সংক্রমণ সাধারণ অ্যান্টিবায়োটিকের প্রতি প্রতিরোধী হতে পারে। আপনার কালচার এবং সেনসিটিভিটি পরীক্ষা করা উচিত। এটি অ্যান্টিবায়োটিক নির্বাচন করতে সাহায্য করবে। আপনার ডাক্তারের সাথে পরামর্শ করুন এবং সেই অনুযায়ী চিকিৎসা নিন। আশা করি আমি আপনার প্রশ্নের উত্তর দিতে পেরেছি, যদি আপনার কোনো সন্দেহ থাকে তবে আমার সাথে bit.ly/ Chat Doctor-এ যোগাযোগ করুন। নাসেনিয়া ডক ব্যবহার করার জন্য ধন্যবাদ। আপনার সুস্বাস্থ্য কামনা করি।"
106391,"হেলো, ডেইরি, আমি আপনার প্রশ্নটি দেখেছি। আমি আপনার উদ্বেগ বুঝতে পারছি। আপনার হার্নিয়া সার্জারির ইতিহাস রয়েছে এবং এখন অস্ত্রোপচার পরবর্তী সংক্রমণ হয়েছে। আপনি স্ট্রেপ্টোকক্কাল সংক্রমণে ভুগছেন। আপনার স্ট্রেপ্টোকক্কাল সংক্রমণ সাধারণ অ্যান্টিবায়োটিকের প্রতি প্রতিরোধী হতে পারে। আপনার কালচার এবং সেনসিটিভিটি পরীক্ষা করা উচিত। এটি অ্যান্টিবায়োটিক নির্বাচন করতে সাহায্য করবে। আপনার ডাক্তারের সাথে পরামর্শ করুন এবং সেই অনুযায়ী চিকিৎসা নিন। আশা করি আমি আপনার প্রশ্নের উত্তর দিতে পেরেছি, যদি আপনার কোনো সন্দেহ থাকে তবে আমার সাথে bit.ly/ Chat Doctor-এ যোগাযোগ করুন। নাসেনিয়া ডক ব্যবহার করার জন্য ধন্যবাদ। আপনার সুস্বাস্থ্য কামনা করি।"
62526,"হেলো, ডেইরি, আমি আপনার প্রশ্নটি দেখেছি। আমি আপনার উদ্বেগ বুঝতে পারছি। আপনার হার্নিয়া সার্জারির ইতিহাস রয়েছে এবং এখন অস্ত্রোপচার পরবর্তী সংক্রমণ হয়েছে। আপনি স্ট্রেপ্টোকক্কাল সংক্রমণে ভুগছেন। আপনার স্ট্রেপ্টোকক্কাল সংক্রমণ সাধারণ অ্যান্টিবায়োটিকের প্রতি প্রতিরোধী হতে পারে। আপনার কালচার এবং সেনসিটিভিটি পরীক্ষা করা উচিত। এটি অ্যান্টিবায়োটিক নির্বাচন করতে সাহায্য করবে। আপনার ডাক্তারের সাথে পরামর্শ করুন এবং সেই অনুযায়ী চিকিৎসা নিন। আশা করি আমি আপনার প্রশ্নের উত্তর দিতে পেরেছি, যদি আপনার কোনো সন্দেহ থাকে তবে আমার সাথে bit.ly/ Chat Doctor-এ যোগাযোগ করুন। নাসেনিয়া ডক ব্যবহার করার জন্য ধন্যবাদ। আপনার সুস্বাস্থ্য কামনা করি।"
61038,"হেলো, ডেইরি, আমি আপনার প্রশ্নটি দেখেছি। আমি আপনার উদ্বেগ বুঝতে পারছি। আপনার হার্নিয়া সার্জারির ইতিহাস রয়েছে এবং এখন অস্ত্রোপচার পরবর্তী সংক্রমণ হয়েছে। আপনি স্ট্রেপ্টোকক্কাল সংক্রমণে ভুগছেন। আপনার স্ট্রেপ্টোকক্কাল সংক্রমণ সাধারণ অ্যান্টিবায়োটিকের প্রতি প্রতিরোধী হতে পারে। আপনার কালচার এবং সেনসিটিভিটি পরীক্ষা করা উচিত। এটি অ্যান্টিবায়োটিক নির্বাচন করতে সাহায্য করবে। আপনার ডাক্তারের সাথে পরামর্শ করুন এবং সেই অনুযায়ী চিকিৎসা নিন। আশা করি আমি আপনার প্রশ্নের উত্তর দিতে পেরেছি, যদি আপনার কোনো সন্দেহ থাকে তবে আমার সাথে bit.ly/ Chat Doctor-এ যোগাযোগ করুন। নাসেনিয়া ডক ব্যবহার করার জন্য ধন্যবাদ। আপনার সুস্বাস্থ্য কামনা করি।"
96383,"হেলো, ডেইরি, আমি আপনার প্রশ্নটি দেখেছি। আমি আপনার উদ্বেগ বুঝতে পারছি। আপনার হার্নিয়া সার্জারির ইতিহাস রয়েছে এবং এখন অস্ত্রোপচার পরবর্তী সংক্রমণ হয়েছে। আপনি স্ট্রেপ্টোকক্কাল সংক্রমণে ভুগছেন। আপনার স্ট্রেপ্টোকক্কাল সংক্রমণ সাধারণ অ্যান্টিবায়োটিকের প্রতি প্রতিরোধী হতে পারে। আপনার কালচার এবং সেনসিটিভিটি পরীক্ষা করা উচিত। এটি অ্যান্টিবায়োটিক নির্বাচন করতে সাহায্য করবে। আপনার ডাক্তারের সাথে পরামর্শ করুন এবং সেই অনুযায়ী চিকিৎসা নিন। আশা করি আমি আপনার প্রশ্নের উত্তর দিতে পেরেছি, যদি আপনার কোনো সন্দেহ থাকে তবে আমার সাথে bit.ly/ Chat Doctor-এ যোগাযোগ করুন। নাসেনিয়া ডক ব্যবহার করার জন্য ধন্যবাদ। আপনার সুস্বাস্থ্য কামনা করি।"
30453,"হেলো, ডেইরি, আমি আপনার প্রশ্নটি দেখেছি। আমি আপনার উদ্বেগ বুঝতে পারছি। আপনার হার্নিয়া সার্জারির ইতিহাস রয়েছে এবং এখন অস্ত্রোপচার পরবর্তী সংক্রমণ হয়েছে। আপনি স্ট্রেপ্টোকক্কাল সংক্রমণে ভুগছেন। আপনার স্ট্রেপ্টোকক্কাল সংক্রমণ সাধারণ অ্যান্টিবায়োটিকের প্রতি প্রতিরোধী হতে পারে। আপনার কালচার এবং সেনসিটিভিটি পরীক্ষা করা উচিত। এটি অ্যান্টিবায়োটিক নির্বাচন করতে সাহায্য করবে। আপনার ডাক্তারের সাথে পরামর্শ করুন এবং সেই অনুযায়ী চিকিৎসা নিন। আশা করি আমি আপনার প্রশ্নের উত্তর দিতে পেরেছি, যদি আপনার কোনো সন্দেহ থাকে তবে আমার সাথে bit.ly/ Chat Doctor-এ যোগাযোগ করুন। নাসেনিয়া ডক ব্যবহার করার জন্য ধন্যবাদ। আপনার সুস্বাস্থ্য কামনা করি।"
93055,"হেলো, ডেইরি, আমি আপনার প্রশ্নটি দেখেছি। আমি আপনার উদ্বেগ বুঝতে পারছি। আপনার হার্নিয়া সার্জারির ইতিহাস রয়েছে এবং এখন অস্ত্রোপচার পরবর্তী সংক্রমণ হয়েছে। আপনি স্ট্রেপ্টোকক্কাল সংক্রমণে ভুগছেন। আপনার স্ট্রেপ্টোকক্কাল সংক্রমণ সাধারণ অ্যান্টিবায়োটিকের প্রতি প্রতিরোধী হতে পারে। আপনার কালচার এবং সেনসিটিভিটি পরীক্ষা করা উচিত। এটি অ্যান্টিবায়োটিক নির্বাচন করতে সাহায্য করবে। আপনার ডাক্তারের সাথে পরামর্শ করুন এবং সেই অনুযায়ী চিকিৎসা নিন। আশা করি আমি আপনার প্রশ্নের উত্তর দিতে পেরেছি, যদি আপনার কোনো সন্দেহ থাকে তবে আমার সাথে bit.ly/ Chat Doctor-এ যোগাযোগ করুন। নাসেনিয়া ডক ব্যবহার করার জন্য ধন্যবাদ। আপনার সুস্বাস্থ্য কামনা করি।"
1231,"হেলো, ডেইরি, আমি আপনার প্রশ্নটি দেখেছি। আমি আপনার উদ্বেগ বুঝতে পারছি। আপনার হার্নিয়া সার্জারির ইতিহাস রয়েছে এবং এখন অস্ত্রোপচার পরবর্তী সংক্রমণ হয়েছে। আপনি স্ট্রেপ্টোকক্কাল সংক্রমণে ভুগছেন। আপনার স্ট্রেপ্টোকক্কাল সংক্রমণ সাধারণ অ্যান্টিবায়োটিকের প্রতি প্রতিরোধী হতে পারে। আপনার কালচার এবং সেনসিটিভিটি পরীক্ষা করা উচিত। এটি অ্যান্টিবায়োটিক নির্বাচন করতে সাহায্য করবে। আপনার ডাক্তারের সাথে পরামর্শ করুন এবং সেই অনুযায়ী চিকিৎসা নিন। আশা করি আমি আপনার প্রশ্নের উত্তর দিতে পেরেছি, যদি আপনার কোনো সন্দেহ থাকে তবে আমার সাথে bit.ly/ Chat Doctor-এ যোগাযোগ করুন। নাসেনিয়া ডক ব্যবহার করার জন্য ধন্যবাদ। আপনার সুস্বাস্থ্য কামনা করি।"
41399,"হেলো, ডেইরি, আমি আপনার প্রশ্নটি দেখেছি। আমি আপনার উদ্বেগ বুঝতে পারছি। আপনার হার্নিয়া সার্জারির ইতিহাস রয়েছে এবং এখন অস্ত্রোপচার পরবর্তী সংক্রমণ হয়েছে। আপনি স্ট্রেপ্টোকক্কাল সংক্রমণে ভুগছেন। আপনার স্ট্রেপ্টোকক্কাল সংক্রমণ সাধারণ অ্যান্টিবায়োটিকের প্রতি প্রতিরোধী হতে পারে। আপনার কালচার এবং সেনসিটিভিটি পরীক্ষা করা উচিত। এটি অ্যান্টিবায়োটিক নির্বাচন করতে সাহায্য করবে। আপনার ডাক্তারের সাথে পরামর্শ করুন এবং সেই অনুযায়ী চিকিৎসা নিন। আশা করি আমি আপনার প্রশ্নের উত্তর দিতে পেরেছি, যদি আপনার কোনো সন্দেহ থাকে তবে আমার সাথে bit.ly/ Chat Doctor-এ যোগাযোগ করুন। নাসেনিয়া ডক ব্যবহার করার জন্য ধন্যবাদ। আপনার সুস্বাস্থ্য কামনা করি।"
108681,"হেলো, ডেইরি, আমি আপনার প্রশ্নটি দেখেছি। আমি আপনার উদ্বেগ বুঝতে পারছি। আপনার হার্নিয়া সার্জারির ইতিহাস রয়েছে এবং এখন অস্ত্রোপচার পরবর্তী সংক্রমণ হয়েছে। আপনি স্ট্রেপ্টোকক্কাল সংক্রমণে ভুগছেন। আপনার স্ট্রেপ্টোকক্কাল সংক্রমণ সাধারণ অ্যান্টিবায়োটিকের প্রতি প্রতিরোধী হতে পারে। আপনার কালচার এবং সেনসিটিভিটি পরীক্ষা করা উচিত। এটি অ্যান্টিবায়োটিক নির্বাচন করতে সাহায্য করবে। আপনার ডাক্তারের সাথে পরামর্শ করুন এবং সেই অনুযায়ী চিকিৎসা নিন। আশা করি আমি আপনার প্রশ্নের উত্তর দিতে পেরেছি, যদি আপনার কোনো সন্দেহ থাকে তবে আমার সাথে bit.ly/ Chat Doctor-এ যোগাযোগ করুন। নাসেনিয়া ডক ব্যবহার করার জন্য ধন্যবাদ। আপনার সুস্বাস্থ্য কামনা করি।"
4911,"হেলো, ডেইরি, আমি আপনার প্রশ্নটি দেখেছি। আমি আপনার উদ্বেগ বুঝতে পারছি। আপনার হার্নিয়া সার্জারির ইতিহাস রয়েছে এবং এখন অস্ত্রোপচার পরবর্তী সংক্রমণ হয়েছে। আপনি স্ট্রেপ্টোকক্কাল সংক্রমণে ভুগছেন। আপনার স্ট্রেপ্টোকক্কাল সংক্রমণ সাধারণ অ্যান্টিবায়োটিকের প্রতি প্রতিরোধী হতে পারে। আপনার কালচার এবং সেনসিটিভিটি পরীক্ষা করা উচিত। এটি অ্যান্টিবায়োটিক নির্বাচন করতে সাহায্য করবে। আপনার ডাক্তারের সাথে পরামর্শ করুন এবং সেই অনুযায়ী চিকিৎসা নিন। আশা করি আমি আপনার প্রশ্নের উত্তর দিতে পেরেছি, যদি আপনার কোনো সন্দেহ থাকে তবে আমার সাথে bit.ly/ Chat Doctor-এ যোগাযোগ করুন। নাসেনিয়া ডক ব্যবহার করার জন্য ধন্যবাদ। আপনার সুস্বাস্থ্য কামনা করি।"
74536,"হেলো, ডেইরি, আমি আপনার প্রশ্নটি দেখেছি। আমি আপনার উদ্বেগ বুঝতে পারছি। আপনার হার্নিয়া সার্জারির ইতিহাস রয়েছে এবং এখন অস্ত্রোপচার পরবর্তী সংক্রমণ হয়েছে। আপনি স্ট্রেপ্টোকক্কাল সংক্রমণে ভুগছেন। আপনার স্ট্রেপ্টোকক্কাল সংক্রমণ সাধারণ অ্যান্টিবায়োটিকের প্রতি প্রতিরোধী হতে পারে। আপনার কালচার এবং সেনসিটিভিটি পরীক্ষা করা উচিত। এটি অ্যান্টিবায়োটিক নির্বাচন করতে সাহায্য করবে। আপনার ডাক্তারের সাথে পরামর্শ করুন এবং সেই অনুযায়ী চিকিৎসা নিন। আশা করি আমি আপনার প্রশ্নের উত্তর দিতে পেরেছি, যদি আপনার কোনো সন্দেহ থাকে তবে আমার সাথে bit.ly/ Chat Doctor-এ যোগাযোগ করুন। নাসেনিয়া ডক ব্যবহার করার জন্য ধন্যবাদ। আপনার সুস্বাস্থ্য কামনা করি।"
50655,"হেলো, ডেইরি, আমি আপনার প্রশ্নটি দেখেছি। আমি আপনার উদ্বেগ বুঝতে পারছি। আপনার হার্নিয়া সার্জারির ইতিহাস রয়েছে এবং এখন অস্ত্রোপচার পরবর্তী সংক্রমণ হয়েছে। আপনি স্ট্রেপ্টোকক্কাল সংক্রমণে ভুগছেন। আপনার স্ট্রেপ্টোকক্কাল সংক্রমণ সাধারণ অ্যান্টিবায়োটিকের প্রতি প্রতিরোধী হতে পারে। আপনার কালচার এবং সেনসিটিভিটি পরীক্ষা করা উচিত। এটি অ্যান্টিবায়োটিক নির্বাচন করতে সাহায্য করবে। আপনার ডাক্তারের সাথে পরামর্শ করুন এবং সেই অনুযায়ী চিকিৎসা নিন। আশা করি আমি আপনার প্রশ্নের উত্তর দিতে পেরেছি, যদি আপনার কোনো সন্দেহ থাকে তবে আমার সাথে bit.ly/ Chat Doctor-এ যোগাযোগ করুন। নাসেনিয়া ডক ব্যবহার করার জন্য ধন্যবাদ। আপনার সুস্বাস্থ্য কামনা করি।"
92738,"হেলো, ডেইরি, আমি আপনার প্রশ্নটি দেখেছি। আমি আপনার উদ্বেগ বুঝতে পারছি। আপনার হার্নিয়া সার্জারির ইতিহাস রয়েছে এবং এখন অস্ত্রোপচার পরবর্তী সংক্রমণ হয়েছে। আপনি স্ট্রেপ্টোকক্কাল সংক্রমণে ভুগছেন। আপনার স্ট্রেপ্টোকক্কাল সংক্রমণ সাধারণ অ্যান্টিবায়োটিকের প্রতি প্রতিরোধী হতে পারে। আপনার কালচার এবং সেনসিটিভিটি পরীক্ষা করা উচিত। এটি অ্যান্টিবায়োটিক নির্বাচন করতে সাহায্য করবে। আপনার ডাক্তারের সাথে পরামর্শ করুন এবং সেই অনুযায়ী চিকিৎসা নিন। আশা করি আমি আপনার প্রশ্নের উত্তর দিতে পেরেছি, যদি আপনার কোনো সন্দেহ থাকে তবে আমার সাথে bit.ly/ Chat Doctor-এ যোগাযোগ করুন। নাসেনিয়া ডক ব্যবহার করার জন্য ধন্যবাদ। আপনার সুস্বাস্থ্য কামনা করি।"
98188,"হেলো, ডেইরি, আমি আপনার প্রশ্নটি দেখেছি। আমি আপনার উদ্বেগ বুঝতে পারছি। আপনার হার্নিয়া সার্জারির ইতিহাস রয়েছে এবং এখন অস্ত্রোপচার পরবর্তী সংক্রমণ হয়েছে। আপনি স্ট্রেপ্টোকক্কাল সংক্রমণে ভুগছেন। আপনার স্ট্রেপ্টোকক্কাল সংক্রমণ সাধারণ অ্যান্টিবায়োটিকের প্রতি প্রতিরোধী হতে পারে। আপনার কালচার এবং সেনসিটিভিটি পরীক্ষা করা উচিত। এটি অ্যান্টিবায়োটিক নির্বাচন করতে সাহায্য করবে। আপনার ডাক্তারের সাথে পরামর্শ করুন এবং সেই অনুযায়ী চিকিৎসা নিন। আশা করি আমি আপনার প্রশ্নের উত্তর দিতে পেরেছি, যদি আপনার কোনো সন্দেহ থাকে তবে আমার সাথে bit.ly/ Chat Doctor-এ যোগাযোগ করুন। নাসেনিয়া ডক ব্যবহার করার জন্য ধন্যবাদ। আপনার সুস্বাস্থ্য কামনা করি।"
9654,"হেলো, ডেইরি, আমি আপনার প্রশ্নটি দেখেছি। আমি আপনার উদ্বেগ বুঝতে পারছি। আপনার হার্নিয়া সার্জারির ইতিহাস রয়েছে এবং এখন অস্ত্রোপচার পরবর্তী সংক্রমণ হয়েছে। আপনি স্ট্রেপ্টোকক্কাল সংক্রমণে ভুগছেন। আপনার স্ট্রেপ্টোকক্কাল সংক্রমণ সাধারণ অ্যান্টিবায়োটিকের প্রতি প্রতিরোধী হতে পারে। আপনার কালচার এবং সেনসিটিভিটি পরীক্ষা করা উচিত। এটি অ্যান্টিবায়োটিক নির্বাচন করতে সাহায্য করবে। আপনার ডাক্তারের সাথে পরামর্শ করুন এবং সেই অনুযায়ী চিকিৎসা নিন। আশা করি আমি আপনার প্রশ্নের উত্তর দিতে পেরেছি, যদি আপনার কোনো সন্দেহ থাকে তবে আমার সাথে bit.ly/ Chat Doctor-এ যোগাযোগ করুন। নাসেনিয়া ডক ব্যবহার করার জন্য ধন্যবাদ। আপনার সুস্বাস্থ্য কামনা করি।"
45646,"হেলো, ডেইরি, আমি আপনার প্রশ্নটি দেখেছি। আমি আপনার উদ্বেগ বুঝতে পারছি। আপনার হার্নিয়া সার্জারির ইতিহাস রয়েছে এবং এখন অস্ত্রোপচার পরবর্তী সংক্রমণ হয়েছে। আপনি স্ট্রেপ্টোকক্কাল সংক্রমণে ভুগছেন। আপনার স্ট্রেপ্টোকক্কাল সংক্রমণ সাধারণ অ্যান্টিবায়োটিকের প্রতি প্রতিরোধী হতে পারে। আপনার কালচার এবং সেনসিটিভিটি পরীক্ষা করা উচিত। এটি অ্যান্টিবায়োটিক নির্বাচন করতে সাহায্য করবে। আপনার ডাক্তারের সাথে পরামর্শ করুন এবং সেই অনুযায়ী চিকিৎসা নিন। আশা করি আমি আপনার প্রশ্নের উত্তর দিতে পেরেছি, যদি আপনার কোনো সন্দেহ থাকে তবে আমার সাথে bit.ly/ Chat Doctor-এ যোগাযোগ করুন। নাসেনিয়া ডক ব্যবহার করার জন্য ধন্যবাদ। আপনার সুস্বাস্থ্য কামনা করি।"
97701,"হেলো, ডেইরি, আমি আপনার প্রশ্নটি দেখেছি। আমি আপনার উদ্বেগ বুঝতে পারছি। আপনার হার্নিয়া সার্জারির ইতিহাস রয়েছে এবং এখন অস্ত্রোপচার পরবর্তী সংক্রমণ হয়েছে। আপনি স্ট্রেপ্টোকক্কাল সংক্রমণে ভুগছেন। আপনার স্ট্রেপ্টোকক্কাল সংক্রমণ সাধারণ অ্যান্টিবায়োটিকের প্রতি প্রতিরোধী হতে পারে। আপনার কালচার এবং সেনসিটিভিটি পরীক্ষা করা উচিত। এটি অ্যান্টিবায়োটিক নির্বাচন করতে সাহায্য করবে। আপনার ডাক্তারের সাথে পরামর্শ করুন এবং সেই অনুযায়ী চিকিৎসা নিন। আশা করি আমি আপনার প্রশ্নের উত্তর দিতে পেরেছি, যদি আপনার কোনো সন্দেহ থাকে তবে আমার সাথে bit.ly/ Chat Doctor-এ যোগাযোগ করুন। নাসেনিয়া ডক ব্যবহার করার জন্য ধন্যবাদ। আপনার সুস্বাস্থ্য কামনা করি।"
83159,"হেলো, ডেইরি, আমি আপনার প্রশ্নটি দেখেছি। আমি আপনার উদ্বেগ বুঝতে পারছি। আপনার হার্নিয়া সার্জারির ইতিহাস রয়েছে এবং এখন অস্ত্রোপচার পরবর্তী সংক্রমণ হয়েছে। আপনি স্ট্রেপ্টোকক্কাল সংক্রমণে ভুগছেন। আপনার স্ট্রেপ্টোকক্কাল সংক্রমণ সাধারণ অ্যান্টিবায়োটিকের প্রতি প্রতিরোধী হতে পারে। আপনার কালচার এবং সেনসিটিভিটি পরীক্ষা করা উচিত। এটি অ্যান্টিবায়োটিক নির্বাচন করতে সাহায্য করবে। আপনার ডাক্তারের সাথে পরামর্শ করুন এবং সেই অনুযায়ী চিকিৎসা নিন। আশা করি আমি আপনার প্রশ্নের উত্তর দিতে পেরেছি, যদি আপনার কোনো সন্দেহ থাকে তবে আমার সাথে bit.ly/ Chat Doctor-এ যোগাযোগ করুন। নাসেনিয়া ডক ব্যবহার করার জন্য ধন্যবাদ। আপনার সুস্বাস্থ্য কামনা করি।"
49631,"হেলো, ডেইরি, আমি আপনার প্রশ্নটি দেখেছি। আমি আপনার উদ্বেগ বুঝতে পারছি। আপনার হার্নিয়া সার্জারির ইতিহাস রয়েছে এবং এখন অস্ত্রোপচার পরবর্তী সংক্রমণ হয়েছে। আপনি স্ট্রেপ্টোকক্কাল সংক্রমণে ভুগছেন। আপনার স্ট্রেপ্টোকক্কাল সংক্রমণ সাধারণ অ্যান্টিবায়োটিকের প্রতি প্রতিরোধী হতে পারে। আপনার কালচার এবং সেনসিটিভিটি পরীক্ষা করা উচিত। এটি অ্যান্টিবায়োটিক নির্বাচন করতে সাহায্য করবে। আপনার ডাক্তারের সাথে পরামর্শ করুন এবং সেই অনুযায়ী চিকিৎসা নিন। আশা করি আমি আপনার প্রশ্নের উত্তর দিতে পেরেছি, যদি আপনার কোনো সন্দেহ থাকে তবে আমার সাথে bit.ly/ Chat Doctor-এ যোগাযোগ করুন। নাসেনিয়া ডক ব্যবহার করার জন্য ধন্যবাদ। আপনার সুস্বাস্থ্য কামনা করি।"
33538,"হেলো, ডেইরি, আমি আপনার প্রশ্নটি দেখেছি। আমি আপনার উদ্বেগ বুঝতে পারছি। আপনার হার্নিয়া সার্জারির ইতিহাস রয়েছে এবং এখন অস্ত্রোপচার পরবর্তী সংক্রমণ হয়েছে। আপনি স্ট্রেপ্টোকক্কাল সংক্রমণে ভুগছেন। আপনার স্ট্রেপ্টোকক্কাল সংক্রমণ সাধারণ অ্যান্টিবায়োটিকের প্রতি প্রতিরোধী হতে পারে। আপনার কালচার এবং সেনসিটিভিটি পরীক্ষা করা উচিত। এটি অ্যান্টিবায়োটিক নির্বাচন করতে সাহায্য করবে। আপনার ডাক্তারের সাথে পরামর্শ করুন এবং সেই অনুযায়ী চিকিৎসা নিন। আশা করি আমি আপনার প্রশ্নের উত্তর দিতে পেরেছি, যদি আপনার কোনো সন্দেহ থাকে তবে আমার সাথে bit.ly/ Chat Doctor-এ যোগাযোগ করুন। নাসেনিয়া ডক ব্যবহার করার জন্য ধন্যবাদ। আপনার সুস্বাস্থ্য কামনা করি।"
28829,"হেলো, ডেইরি, আমি আপনার প্রশ্নটি দেখেছি। আমি আপনার উদ্বেগ বুঝতে পারছি। আপনার হার্নিয়া সার্জারির ইতিহাস রয়েছে এবং এখন অস্ত্রোপচার পরবর্তী সংক্রমণ হয়েছে। আপনি স্ট্রেপ্টোকক্কাল সংক্রমণে ভুগছেন। আপনার স্ট্রেপ্টোকক্কাল সংক্রমণ সাধারণ অ্যান্টিবায়োটিকের প্রতি প্রতিরোধী হতে পারে। আপনার কালচার এবং সেনসিটিভিটি পরীক্ষা করা উচিত। এটি অ্যান্টিবায়োটিক নির্বাচন করতে সাহায্য করবে। আপনার ডাক্তারের সাথে পরামর্শ করুন এবং সেই অনুযায়ী চিকিৎসা নিন। আশা করি আমি আপনার প্রশ্নের উত্তর দিতে পেরেছি, যদি আপনার কোনো সন্দেহ থাকে তবে আমার সাথে bit.ly/ Chat Doctor-এ যোগাযোগ করুন। নাসেনিয়া ডক ব্যবহার করার জন্য ধন্যবাদ। আপনার সুস্বাস্থ্য কামনা করি।"
54282,"হেলো, ডেইরি, আমি আপনার প্রশ্নটি দেখেছি। আমি আপনার উদ্বেগ বুঝতে পারছি। আপনার হার্নিয়া সার্জারির ইতিহাস রয়েছে এবং এখন অস্ত্রোপচার পরবর্তী সংক্রমণ হয়েছে। আপনি স্ট্রেপ্টোকক্কাল সংক্রমণে ভুগছেন। আপনার স্ট্রেপ্টোকক্কাল সংক্রমণ সাধারণ অ্যান্টিবায়োটিকের প্রতি প্রতিরোধী হতে পারে। আপনার কালচার এবং সেনসিটিভিটি পরীক্ষা করা উচিত। এটি অ্যান্টিবায়োটিক নির্বাচন করতে সাহায্য করবে। আপনার ডাক্তারের সাথে পরামর্শ করুন এবং সেই অনুযায়ী চিকিৎসা নিন। আশা করি আমি আপনার প্রশ্নের উত্তর দিতে পেরেছি, যদি আপনার কোনো সন্দেহ থাকে তবে আমার সাথে bit.ly/ Chat Doctor-এ যোগাযোগ করুন। নাসেনিয়া ডক ব্যবহার করার জন্য ধন্যবাদ। আপনার সুস্বাস্থ্য কামনা করি।"
18902,"হেলো, ডেইরি, আমি আপনার প্রশ্নটি দেখেছি। আমি আপনার উদ্বেগ বুঝতে পারছি। আপনার হার্নিয়া সার্জারির ইতিহাস রয়েছে এবং এখন অস্ত্রোপচার পরবর্তী সংক্রমণ হয়েছে। আপনি স্ট্রেপ্টোকক্কাল সংক্রমণে ভুগছেন। আপনার স্ট্রেপ্টোকক্কাল সংক্রমণ সাধারণ অ্যান্টিবায়োটিকের প্রতি প্রতিরোধী হতে পারে। আপনার কালচার এবং সেনসিটিভিটি পরীক্ষা করা উচিত। এটি অ্যান্টিবায়োটিক নির্বাচন করতে সাহায্য করবে। আপনার ডাক্তারের সাথে পরামর্শ করুন এবং সেই অনুযায়ী চিকিৎসা নিন। আশা করি আমি আপনার প্রশ্নের উত্তর দিতে পেরেছি, যদি আপনার কোনো সন্দেহ থাকে তবে আমার সাথে bit.ly/ Chat Doctor-এ যোগাযোগ করুন। নাসেনিয়া ডক ব্যবহার করার জন্য ধন্যবাদ। আপনার সুস্বাস্থ্য কামনা করি।"
108354,"হেলো, ডেইরি, আমি আপনার প্রশ্নটি দেখেছি। আমি আপনার উদ্বেগ বুঝতে পারছি। আপনার হার্নিয়া সার্জারির ইতিহাস রয়েছে এবং এখন অস্ত্রোপচার পরবর্তী সংক্রমণ হয়েছে। আপনি স্ট্রেপ্টোকক্কাল সংক্রমণে ভুগছেন। আপনার স্ট্রেপ্টোকক্কাল সংক্রমণ সাধারণ অ্যান্টিবায়োটিকের প্রতি প্রতিরোধী হতে পারে। আপনার কালচার এবং সেনসিটিভিটি পরীক্ষা করা উচিত। এটি অ্যান্টিবায়োটিক নির্বাচন করতে সাহায্য করবে। আপনার ডাক্তারের সাথে পরামর্শ করুন এবং সেই অনুযায়ী চিকিৎসা নিন। আশা করি আমি আপনার প্রশ্নের উত্তর দিতে পেরেছি, যদি আপনার কোনো সন্দেহ থাকে তবে আমার সাথে bit.ly/ Chat Doctor-এ যোগাযোগ করুন। নাসেনিয়া ডক ব্যবহার করার জন্য ধন্যবাদ। আপনার সুস্বাস্থ্য কামনা করি।"
11696,"হেলো, ডেইরি, আমি আপনার প্রশ্নটি দেখেছি। আমি আপনার উদ্বেগ বুঝতে পারছি। আপনার হার্নিয়া সার্জারির ইতিহাস রয়েছে এবং এখন অস্ত্রোপচার পরবর্তী সংক্রমণ হয়েছে। আপনি স্ট্রেপ্টোকক্কাল সংক্রমণে ভুগছেন। আপনার স্ট্রেপ্টোকক্কাল সংক্রমণ সাধারণ অ্যান্টিবায়োটিকের প্রতি প্রতিরোধী হতে পারে। আপনার কালচার এবং সেনসিটিভিটি পরীক্ষা করা উচিত। এটি অ্যান্টিবায়োটিক নির্বাচন করতে সাহায্য করবে। আপনার ডাক্তারের সাথে পরামর্শ করুন এবং সেই অনুযায়ী চিকিৎসা নিন। আশা করি আমি আপনার প্রশ্নের উত্তর দিতে পেরেছি, যদি আপনার কোনো সন্দেহ থাকে তবে আমার সাথে bit.ly/ Chat Doctor-এ যোগাযোগ করুন। নাসেনিয়া ডক ব্যবহার করার জন্য ধন্যবাদ। আপনার সুস্বাস্থ্য কামনা করি।"
91011,"হেলো, ডেইরি, আমি আপনার প্রশ্নটি দেখেছি। আমি আপনার উদ্বেগ বুঝতে পারছি। আপনার হার্নিয়া সার্জারির ইতিহাস রয়েছে এবং এখন অস্ত্রোপচার পরবর্তী সংক্রমণ হয়েছে। আপনি স্ট্রেপ্টোকক্কাল সংক্রমণে ভুগছেন। আপনার স্ট্রেপ্টোকক্কাল সংক্রমণ সাধারণ অ্যান্টিবায়োটিকের প্রতি প্রতিরোধী হতে পারে। আপনার কালচার এবং সেনসিটিভিটি পরীক্ষা করা উচিত। এটি অ্যান্টিবায়োটিক নির্বাচন করতে সাহায্য করবে। আপনার ডাক্তারের সাথে পরামর্শ করুন এবং সেই অনুযায়ী চিকিৎসা নিন। আশা করি আমি আপনার প্রশ্নের উত্তর দিতে পেরেছি, যদি আপনার কোনো সন্দেহ থাকে তবে আমার সাথে bit.ly/ Chat Doctor-এ যোগাযোগ করুন। নাসেনিয়া ডক ব্যবহার করার জন্য ধন্যবাদ। আপনার সুস্বাস্থ্য কামনা করি।"
89186,"হেলো, ডেইরি, আমি আপনার প্রশ্নটি দেখেছি। আমি আপনার উদ্বেগ বুঝতে পারছি। আপনার হার্নিয়া সার্জারির ইতিহাস রয়েছে এবং এখন অস্ত্রোপচার পরবর্তী সংক্রমণ হয়েছে। আপনি স্ট্রেপ্টোকক্কাল সংক্রমণে ভুগছেন। আপনার স্ট্রেপ্টোকক্কাল সংক্রমণ সাধারণ অ্যান্টিবায়োটিকের প্রতি প্রতিরোধী হতে পারে। আপনার কালচার এবং সেনসিটিভিটি পরীক্ষা করা উচিত। এটি অ্যান্টিবায়োটিক নির্বাচন করতে সাহায্য করবে। আপনার ডাক্তারের সাথে পরামর্শ করুন এবং সেই অনুযায়ী চিকিৎসা নিন। আশা করি আমি আপনার প্রশ্নের উত্তর দিতে পেরেছি, যদি আপনার কোনো সন্দেহ থাকে তবে আমার সাথে bit.ly/ Chat Doctor-এ যোগাযোগ করুন। নাসেনিয়া ডক ব্যবহার করার জন্য ধন্যবাদ। আপনার সুস্বাস্থ্য কামনা করি।"
7538,"হেলো, ডেইরি, আমি আপনার প্রশ্নটি দেখেছি। আমি আপনার উদ্বেগ বুঝতে পারছি। আপনার হার্নিয়া সার্জারির ইতিহাস রয়েছে এবং এখন অস্ত্রোপচার পরবর্তী সংক্রমণ হয়েছে। আপনি স্ট্রেপ্টোকক্কাল সংক্রমণে ভুগছেন। আপনার স্ট্রেপ্টোকক্কাল সংক্রমণ সাধারণ অ্যান্টিবায়োটিকের প্রতি প্রতিরোধী হতে পারে। আপনার কালচার এবং সেনসিটিভিটি পরীক্ষা করা উচিত। এটি অ্যান্টিবায়োটিক নির্বাচন করতে সাহায্য করবে। আপনার ডাক্তারের সাথে পরামর্শ করুন এবং সেই অনুযায়ী চিকিৎসা নিন। আশা করি আমি আপনার প্রশ্নের উত্তর দিতে পেরেছি, যদি আপনার কোনো সন্দেহ থাকে তবে আমার সাথে bit.ly/ Chat Doctor-এ যোগাযোগ করুন। নাসেনিয়া ডক ব্যবহার করার জন্য ধন্যবাদ। আপনার সুস্বাস্থ্য কামনা করি।"
99512,"হেলো, ডেইরি, আমি আপনার প্রশ্নটি দেখেছি। আমি আপনার উদ্বেগ বুঝতে পারছি। আপনার হার্নিয়া সার্জারির ইতিহাস রয়েছে এবং এখন অস্ত্রোপচার পরবর্তী সংক্রমণ হয়েছে। আপনি স্ট্রেপ্টোকক্কাল সংক্রমণে ভুগছেন। আপনার স্ট্রেপ্টোকক্কাল সংক্রমণ সাধারণ অ্যান্টিবায়োটিকের প্রতি প্রতিরোধী হতে পারে। আপনার কালচার এবং সেনসিটিভিটি পরীক্ষা করা উচিত। এটি অ্যান্টিবায়োটিক নির্বাচন করতে সাহায্য করবে। আপনার ডাক্তারের সাথে পরামর্শ করুন এবং সেই অনুযায়ী চিকিৎসা নিন। আশা করি আমি আপনার প্রশ্নের উত্তর দিতে পেরেছি, যদি আপনার কোনো সন্দেহ থাকে তবে আমার সাথে bit.ly/ Chat Doctor-এ যোগাযোগ করুন। নাসেনিয়া ডক ব্যবহার করার জন্য ধন্যবাদ। আপনার সুস্বাস্থ্য কামনা করি।"
55991,"হেলো, ডেইরি, আমি আপনার প্রশ্নটি দেখেছি। আমি আপনার উদ্বেগ বুঝতে পারছি। আপনার হার্নিয়া সার্জারির ইতিহাস রয়েছে এবং এখন অস্ত্রোপচার পরবর্তী সংক্রমণ হয়েছে। আপনি স্ট্রেপ্টোকক্কাল সংক্রমণে ভুগছেন। আপনার স্ট্রেপ্টোকক্কাল সংক্রমণ সাধারণ অ্যান্টিবায়োটিকের প্রতি প্রতিরোধী হতে পারে। আপনার কালচার এবং সেনসিটিভিটি পরীক্ষা করা উচিত। এটি অ্যান্টিবায়োটিক নির্বাচন করতে সাহায্য করবে। আপনার ডাক্তারের সাথে পরামর্শ করুন এবং সেই অনুযায়ী চিকিৎসা নিন। আশা করি আমি আপনার প্রশ্নের উত্তর দিতে পেরেছি, যদি আপনার কোনো সন্দেহ থাকে তবে আমার সাথে bit.ly/ Chat Doctor-এ যোগাযোগ করুন। নাসেনিয়া ডক ব্যবহার করার জন্য ধন্যবাদ। আপনার সুস্বাস্থ্য কামনা করি।"
47975,"হেলো, ডেইরি, আমি আপনার প্রশ্নটি দেখেছি। আমি আপনার উদ্বেগ বুঝতে পারছি। আপনার হার্নিয়া সার্জারির ইতিহাস রয়েছে এবং এখন অস্ত্রোপচার পরবর্তী সংক্রমণ হয়েছে। আপনি স্ট্রেপ্টোকক্কাল সংক্রমণে ভুগছেন। আপনার স্ট্রেপ্টোকক্কাল সংক্রমণ সাধারণ অ্যান্টিবায়োটিকের প্রতি প্রতিরোধী হতে পারে। আপনার কালচার এবং সেনসিটিভিটি পরীক্ষা করা উচিত। এটি অ্যান্টিবায়োটিক নির্বাচন করতে সাহায্য করবে। আপনার ডাক্তারের সাথে পরামর্শ করুন এবং সেই অনুযায়ী চিকিৎসা নিন। আশা করি আমি আপনার প্রশ্নের উত্তর দিতে পেরেছি, যদি আপনার কোনো সন্দেহ থাকে তবে আমার সাথে bit.ly/ Chat Doctor-এ যোগাযোগ করুন। নাসেনিয়া ডক ব্যবহার করার জন্য ধন্যবাদ। আপনার সুস্বাস্থ্য কামনা করি।"
617,"হেলো, ডেইরি, আমি আপনার প্রশ্নটি দেখেছি। আমি আপনার উদ্বেগ বুঝতে পারছি। আপনার হার্নিয়া সার্জারির ইতিহাস রয়েছে এবং এখন অস্ত্রোপচার পরবর্তী সংক্রমণ হয়েছে। আপনি স্ট্রেপ্টোকক্কাল সংক্রমণে ভুগছেন। আপনার স্ট্রেপ্টোকক্কাল সংক্রমণ সাধারণ অ্যান্টিবায়োটিকের প্রতি প্রতিরোধী হতে পারে। আপনার কালচার এবং সেনসিটিভিটি পরীক্ষা করা উচিত। এটি অ্যান্টিবায়োটিক নির্বাচন করতে সাহায্য করবে। আপনার ডাক্তারের সাথে পরামর্শ করুন এবং সেই অনুযায়ী চিকিৎসা নিন। আশা করি আমি আপনার প্রশ্নের উত্তর দিতে পেরেছি, যদি আপনার কোনো সন্দেহ থাকে তবে আমার সাথে bit.ly/ Chat Doctor-এ যোগাযোগ করুন। নাসেনিয়া ডক ব্যবহার করার জন্য ধন্যবাদ। আপনার সুস্বাস্থ্য কামনা করি।"
97627,"হেলো, ডেইরি, আমি আপনার প্রশ্নটি দেখেছি। আমি আপনার উদ্বেগ বুঝতে পারছি। আপনার হার্নিয়া সার্জারির ইতিহাস রয়েছে এবং এখন অস্ত্রোপচার পরবর্তী সংক্রমণ হয়েছে। আপনি স্ট্রেপ্টোকক্কাল সংক্রমণে ভুগছেন। আপনার স্ট্রেপ্টোকক্কাল সংক্রমণ সাধারণ অ্যান্টিবায়োটিকের প্রতি প্রতিরোধী হতে পারে। আপনার কালচার এবং সেনসিটিভিটি পরীক্ষা করা উচিত। এটি অ্যান্টিবায়োটিক নির্বাচন করতে সাহায্য করবে। আপনার ডাক্তারের সাথে পরামর্শ করুন এবং সেই অনুযায়ী চিকিৎসা নিন। আশা করি আমি আপনার প্রশ্নের উত্তর দিতে পেরেছি, যদি আপনার কোনো সন্দেহ থাকে তবে আমার সাথে bit.ly/ Chat Doctor-এ যোগাযোগ করুন। নাসেনিয়া ডক ব্যবহার করার জন্য ধন্যবাদ। আপনার সুস্বাস্থ্য কামনা করি।"
60041,"হেলো, ডেইরি, আমি আপনার প্রশ্নটি দেখেছি। আমি আপনার উদ্বেগ বুঝতে পারছি। আপনার হার্নিয়া সার্জারির ইতিহাস রয়েছে এবং এখন অস্ত্রোপচার পরবর্তী সংক্রমণ হয়েছে। আপনি স্ট্রেপ্টোকক্কাল সংক্রমণে ভুগছেন। আপনার স্ট্রেপ্টোকক্কাল সংক্রমণ সাধারণ অ্যান্টিবায়োটিকের প্রতি প্রতিরোধী হতে পারে। আপনার কালচার এবং সেনসিটিভিটি পরীক্ষা করা উচিত। এটি অ্যান্টিবায়োটিক নির্বাচন করতে সাহায্য করবে। আপনার ডাক্তারের সাথে পরামর্শ করুন এবং সেই অনুযায়ী চিকিৎসা নিন। আশা করি আমি আপনার প্রশ্নের উত্তর দিতে পেরেছি, যদি আপনার কোনো সন্দেহ থাকে তবে আমার সাথে bit.ly/ Chat Doctor-এ যোগাযোগ করুন। নাসেনিয়া ডক ব্যবহার করার জন্য ধন্যবাদ। আপনার সুস্বাস্থ্য কামনা করি।"
100597,"হেলো, ডেইরি, আমি আপনার প্রশ্নটি দেখেছি। আমি আপনার উদ্বেগ বুঝতে পারছি। আপনার হার্নিয়া সার্জারির ইতিহাস রয়েছে এবং এখন অস্ত্রোপচার পরবর্তী সংক্রমণ হয়েছে। আপনি স্ট্রেপ্টোকক্কাল সংক্রমণে ভুগছেন। আপনার স্ট্রেপ্টোকক্কাল সংক্রমণ সাধারণ অ্যান্টিবায়োটিকের প্রতি প্রতিরোধী হতে পারে। আপনার কালচার এবং সেনসিটিভিটি পরীক্ষা করা উচিত। এটি অ্যান্টিবায়োটিক নির্বাচন করতে সাহায্য করবে। আপনার ডাক্তারের সাথে পরামর্শ করুন এবং সেই অনুযায়ী চিকিৎসা নিন। আশা করি আমি আপনার প্রশ্নের উত্তর দিতে পেরেছি, যদি আপনার কোনো সন্দেহ থাকে তবে আমার সাথে bit.ly/ Chat Doctor-এ যোগাযোগ করুন। নাসেনিয়া ডক ব্যবহার করার জন্য ধন্যবাদ। আপনার সুস্বাস্থ্য কামনা করি।"
103413,"হেলো, ডেইরি, আমি আপনার প্রশ্নটি দেখেছি। আমি আপনার উদ্বেগ বুঝতে পারছি। আপনার হার্নিয়া সার্জারির ইতিহাস রয়েছে এবং এখন অস্ত্রোপচার পরবর্তী সংক্রমণ হয়েছে। আপনি স্ট্রেপ্টোকক্কাল সংক্রমণে ভুগছেন। আপনার স্ট্রেপ্টোকক্কাল সংক্রমণ সাধারণ অ্যান্টিবায়োটিকের প্রতি প্রতিরোধী হতে পারে। আপনার কালচার এবং সেনসিটিভিটি পরীক্ষা করা উচিত। এটি অ্যান্টিবায়োটিক নির্বাচন করতে সাহায্য করবে। আপনার ডাক্তারের সাথে পরামর্শ করুন এবং সেই অনুযায়ী চিকিৎসা নিন। আশা করি আমি আপনার প্রশ্নের উত্তর দিতে পেরেছি, যদি আপনার কোনো সন্দেহ থাকে তবে আমার সাথে bit.ly/ Chat Doctor-এ যোগাযোগ করুন। নাসেনিয়া ডক ব্যবহার করার জন্য ধন্যবাদ। আপনার সুস্বাস্থ্য কামনা করি।"
49496,"হেলো, ডেইরি, আমি আপনার প্রশ্নটি দেখেছি। আমি আপনার উদ্বেগ বুঝতে পারছি। আপনার হার্নিয়া সার্জারির ইতিহাস রয়েছে এবং এখন অস্ত্রোপচার পরবর্তী সংক্রমণ হয়েছে। আপনি স্ট্রেপ্টোকক্কাল সংক্রমণে ভুগছেন। আপনার স্ট্রেপ্টোকক্কাল সংক্রমণ সাধারণ অ্যান্টিবায়োটিকের প্রতি প্রতিরোধী হতে পারে। আপনার কালচার এবং সেনসিটিভিটি পরীক্ষা করা উচিত। এটি অ্যান্টিবায়োটিক নির্বাচন করতে সাহায্য করবে। আপনার ডাক্তারের সাথে পরামর্শ করুন এবং সেই অনুযায়ী চিকিৎসা নিন। আশা করি আমি আপনার প্রশ্নের উত্তর দিতে পেরেছি, যদি আপনার কোনো সন্দেহ থাকে তবে আমার সাথে bit.ly/ Chat Doctor-এ যোগাযোগ করুন। নাসেনিয়া ডক ব্যবহার করার জন্য ধন্যবাদ। আপনার সুস্বাস্থ্য কামনা করি।"
32671,"হেলো, ডেইরি, আমি আপনার প্রশ্নটি দেখেছি। আমি আপনার উদ্বেগ বুঝতে পারছি। আপনার হার্নিয়া সার্জারির ইতিহাস রয়েছে এবং এখন অস্ত্রোপচার পরবর্তী সংক্রমণ হয়েছে। আপনি স্ট্রেপ্টোকক্কাল সংক্রমণে ভুগছেন। আপনার স্ট্রেপ্টোকক্কাল সংক্রমণ সাধারণ অ্যান্টিবায়োটিকের প্রতি প্রতিরোধী হতে পারে। আপনার কালচার এবং সেনসিটিভিটি পরীক্ষা করা উচিত। এটি অ্যান্টিবায়োটিক নির্বাচন করতে সাহায্য করবে। আপনার ডাক্তারের সাথে পরামর্শ করুন এবং সেই অনুযায়ী চিকিৎসা নিন। আশা করি আমি আপনার প্রশ্নের উত্তর দিতে পেরেছি, যদি আপনার কোনো সন্দেহ থাকে তবে আমার সাথে bit.ly/ Chat Doctor-এ যোগাযোগ করুন। নাসেনিয়া ডক ব্যবহার করার জন্য ধন্যবাদ। আপনার সুস্বাস্থ্য কামনা করি।"
28620,"হেলো, ডেইরি, আমি আপনার প্রশ্নটি দেখেছি। আমি আপনার উদ্বেগ বুঝতে পারছি। আপনার হার্নিয়া সার্জারির ইতিহাস রয়েছে এবং এখন অস্ত্রোপচার পরবর্তী সংক্রমণ হয়েছে। আপনি স্ট্রেপ্টোকক্কাল সংক্রমণে ভুগছেন। আপনার স্ট্রেপ্টোকক্কাল সংক্রমণ সাধারণ অ্যান্টিবায়োটিকের প্রতি প্রতিরোধী হতে পারে। আপনার কালচার এবং সেনসিটিভিটি পরীক্ষা করা উচিত। এটি অ্যান্টিবায়োটিক নির্বাচন করতে সাহায্য করবে। আপনার ডাক্তারের সাথে পরামর্শ করুন এবং সেই অনুযায়ী চিকিৎসা নিন। আশা করি আমি আপনার প্রশ্নের উত্তর দিতে পেরেছি, যদি আপনার কোনো সন্দেহ থাকে তবে আমার সাথে bit.ly/ Chat Doctor-এ যোগাযোগ করুন। নাসেনিয়া ডক ব্যবহার করার জন্য ধন্যবাদ। আপনার সুস্বাস্থ্য কামনা করি।"
23549,"হেলো, ডেইরি, আমি আপনার প্রশ্নটি দেখেছি। আমি আপনার উদ্বেগ বুঝতে পারছি। আপনার হার্নিয়া সার্জারির ইতিহাস রয়েছে এবং এখন অস্ত্রোপচার পরবর্তী সংক্রমণ হয়েছে। আপনি স্ট্রেপ্টোকক্কাল সংক্রমণে ভুগছেন। আপনার স্ট্রেপ্টোকক্কাল সংক্রমণ সাধারণ অ্যান্টিবায়োটিকের প্রতি প্রতিরোধী হতে পারে। আপনার কালচার এবং সেনসিটিভিটি পরীক্ষা করা উচিত। এটি অ্যান্টিবায়োটিক নির্বাচন করতে সাহায্য করবে। আপনার ডাক্তারের সাথে পরামর্শ করুন এবং সেই অনুযায়ী চিকিৎসা নিন। আশা করি আমি আপনার প্রশ্নের উত্তর দিতে পেরেছি, যদি আপনার কোনো সন্দেহ থাকে তবে আমার সাথে bit.ly/ Chat Doctor-এ যোগাযোগ করুন। নাসেনিয়া ডক ব্যবহার করার জন্য ধন্যবাদ। আপনার সুস্বাস্থ্য কামনা করি।"
82929,"হেলো, ডেইরি, আমি আপনার প্রশ্নটি দেখেছি। আমি আপনার উদ্বেগ বুঝতে পারছি। আপনার হার্নিয়া সার্জারির ইতিহাস রয়েছে এবং এখন অস্ত্রোপচার পরবর্তী সংক্রমণ হয়েছে। আপনি স্ট্রেপ্টোকক্কাল সংক্রমণে ভুগছেন। আপনার স্ট্রেপ্টোকক্কাল সংক্রমণ সাধারণ অ্যান্টিবায়োটিকের প্রতি প্রতিরোধী হতে পারে। আপনার কালচার এবং সেনসিটিভিটি পরীক্ষা করা উচিত। এটি অ্যান্টিবায়োটিক নির্বাচন করতে সাহায্য করবে। আপনার ডাক্তারের সাথে পরামর্শ করুন এবং সেই অনুযায়ী চিকিৎসা নিন। আশা করি আমি আপনার প্রশ্নের উত্তর দিতে পেরেছি, যদি আপনার কোনো সন্দেহ থাকে তবে আমার সাথে bit.ly/ Chat Doctor-এ যোগাযোগ করুন। নাসেনিয়া ডক ব্যবহার করার জন্য ধন্যবাদ। আপনার সুস্বাস্থ্য কামনা করি।"
26371,"হেলো, ডেইরি, আমি আপনার প্রশ্নটি দেখেছি। আমি আপনার উদ্বেগ বুঝতে পারছি। আপনার হার্নিয়া সার্জারির ইতিহাস রয়েছে এবং এখন অস্ত্রোপচার পরবর্তী সংক্রমণ হয়েছে। আপনি স্ট্রেপ্টোকক্কাল সংক্রমণে ভুগছেন। আপনার স্ট্রেপ্টোকক্কাল সংক্রমণ সাধারণ অ্যান্টিবায়োটিকের প্রতি প্রতিরোধী হতে পারে। আপনার কালচার এবং সেনসিটিভিটি পরীক্ষা করা উচিত। এটি অ্যান্টিবায়োটিক নির্বাচন করতে সাহায্য করবে। আপনার ডাক্তারের সাথে পরামর্শ করুন এবং সেই অনুযায়ী চিকিৎসা নিন। আশা করি আমি আপনার প্রশ্নের উত্তর দিতে পেরেছি, যদি আপনার কোনো সন্দেহ থাকে তবে আমার সাথে bit.ly/ Chat Doctor-এ যোগাযোগ করুন। নাসেনিয়া ডক ব্যবহার করার জন্য ধন্যবাদ। আপনার সুস্বাস্থ্য কামনা করি।"
21902,"হেলো, ডেইরি, আমি আপনার প্রশ্নটি দেখেছি। আমি আপনার উদ্বেগ বুঝতে পারছি। আপনার হার্নিয়া সার্জারির ইতিহাস রয়েছে এবং এখন অস্ত্রোপচার পরবর্তী সংক্রমণ হয়েছে। আপনি স্ট্রেপ্টোকক্কাল সংক্রমণে ভুগছেন। আপনার স্ট্রেপ্টোকক্কাল সংক্রমণ সাধারণ অ্যান্টিবায়োটিকের প্রতি প্রতিরোধী হতে পারে। আপনার কালচার এবং সেনসিটিভিটি পরীক্ষা করা উচিত। এটি অ্যান্টিবায়োটিক নির্বাচন করতে সাহায্য করবে। আপনার ডাক্তারের সাথে পরামর্শ করুন এবং সেই অনুযায়ী চিকিৎসা নিন। আশা করি আমি আপনার প্রশ্নের উত্তর দিতে পেরেছি, যদি আপনার কোনো সন্দেহ থাকে তবে আমার সাথে bit.ly/ Chat Doctor-এ যোগাযোগ করুন। নাসেনিয়া ডক ব্যবহার করার জন্য ধন্যবাদ। আপনার সুস্বাস্থ্য কামনা করি।"
38645,"হেলো, ডেইরি, আমি আপনার প্রশ্নটি দেখেছি। আমি আপনার উদ্বেগ বুঝতে পারছি। আপনার হার্নিয়া সার্জারির ইতিহাস রয়েছে এবং এখন অস্ত্রোপচার পরবর্তী সংক্রমণ হয়েছে। আপনি স্ট্রেপ্টোকক্কাল সংক্রমণে ভুগছেন। আপনার স্ট্রেপ্টোকক্কাল সংক্রমণ সাধারণ অ্যান্টিবায়োটিকের প্রতি প্রতিরোধী হতে পারে। আপনার কালচার এবং সেনসিটিভিটি পরীক্ষা করা উচিত। এটি অ্যান্টিবায়োটিক নির্বাচন করতে সাহায্য করবে। আপনার ডাক্তারের সাথে পরামর্শ করুন এবং সেই অনুযায়ী চিকিৎসা নিন। আশা করি আমি আপনার প্রশ্নের উত্তর দিতে পেরেছি, যদি আপনার কোনো সন্দেহ থাকে তবে আমার সাথে bit.ly/ Chat Doctor-এ যোগাযোগ করুন। নাসেনিয়া ডক ব্যবহার করার জন্য ধন্যবাদ। আপনার সুস্বাস্থ্য কামনা করি।"
4310,"হেলো, ডেইরি, আমি আপনার প্রশ্নটি দেখেছি। আমি আপনার উদ্বেগ বুঝতে পারছি। আপনার হার্নিয়া সার্জারির ইতিহাস রয়েছে এবং এখন অস্ত্রোপচার পরবর্তী সংক্রমণ হয়েছে। আপনি স্ট্রেপ্টোকক্কাল সংক্রমণে ভুগছেন। আপনার স্ট্রেপ্টোকক্কাল সংক্রমণ সাধারণ অ্যান্টিবায়োটিকের প্রতি প্রতিরোধী হতে পারে। আপনার কালচার এবং সেনসিটিভিটি পরীক্ষা করা উচিত। এটি অ্যান্টিবায়োটিক নির্বাচন করতে সাহায্য করবে। আপনার ডাক্তারের সাথে পরামর্শ করুন এবং সেই অনুযায়ী চিকিৎসা নিন। আশা করি আমি আপনার প্রশ্নের উত্তর দিতে পেরেছি, যদি আপনার কোনো সন্দেহ থাকে তবে আমার সাথে bit.ly/ Chat Doctor-এ যোগাযোগ করুন। নাসেনিয়া ডক ব্যবহার করার জন্য ধন্যবাদ। আপনার সুস্বাস্থ্য কামনা করি।"
56965,"হেলো, ডেইরি, আমি আপনার প্রশ্নটি দেখেছি। আমি আপনার উদ্বেগ বুঝতে পারছি। আপনার হার্নিয়া সার্জারির ইতিহাস রয়েছে এবং এখন অস্ত্রোপচার পরবর্তী সংক্রমণ হয়েছে। আপনি স্ট্রেপ্টোকক্কাল সংক্রমণে ভুগছেন। আপনার স্ট্রেপ্টোকক্কাল সংক্রমণ সাধারণ অ্যান্টিবায়োটিকের প্রতি প্রতিরোধী হতে পারে। আপনার কালচার এবং সেনসিটিভিটি পরীক্ষা করা উচিত। এটি অ্যান্টিবায়োটিক নির্বাচন করতে সাহায্য করবে। আপনার ডাক্তারের সাথে পরামর্শ করুন এবং সেই অনুযায়ী চিকিৎসা নিন। আশা করি আমি আপনার প্রশ্নের উত্তর দিতে পেরেছি, যদি আপনার কোনো সন্দেহ থাকে তবে আমার সাথে bit.ly/ Chat Doctor-এ যোগাযোগ করুন। নাসেনিয়া ডক ব্যবহার করার জন্য ধন্যবাদ। আপনার সুস্বাস্থ্য কামনা করি।"
8201,"হেলো, ডেইরি, আমি আপনার প্রশ্নটি দেখেছি। আমি আপনার উদ্বেগ বুঝতে পারছি। আপনার হার্নিয়া সার্জারির ইতিহাস রয়েছে এবং এখন অস্ত্রোপচার পরবর্তী সংক্রমণ হয়েছে। আপনি স্ট্রেপ্টোকক্কাল সংক্রমণে ভুগছেন। আপনার স্ট্রেপ্টোকক্কাল সংক্রমণ সাধারণ অ্যান্টিবায়োটিকের প্রতি প্রতিরোধী হতে পারে। আপনার কালচার এবং সেনসিটিভিটি পরীক্ষা করা উচিত। এটি অ্যান্টিবায়োটিক নির্বাচন করতে সাহায্য করবে। আপনার ডাক্তারের সাথে পরামর্শ করুন এবং সেই অনুযায়ী চিকিৎসা নিন। আশা করি আমি আপনার প্রশ্নের উত্তর দিতে পেরেছি, যদি আপনার কোনো সন্দেহ থাকে তবে আমার সাথে bit.ly/ Chat Doctor-এ যোগাযোগ করুন। নাসেনিয়া ডক ব্যবহার করার জন্য ধন্যবাদ। আপনার সুস্বাস্থ্য কামনা করি।"
38595,"হেলো, ডেইরি, আমি আপনার প্রশ্নটি দেখেছি। আমি আপনার উদ্বেগ বুঝতে পারছি। আপনার হার্নিয়া সার্জারির ইতিহাস রয়েছে এবং এখন অস্ত্রোপচার পরবর্তী সংক্রমণ হয়েছে। আপনি স্ট্রেপ্টোকক্কাল সংক্রমণে ভুগছেন। আপনার স্ট্রেপ্টোকক্কাল সংক্রমণ সাধারণ অ্যান্টিবায়োটিকের প্রতি প্রতিরোধী হতে পারে। আপনার কালচার এবং সেনসিটিভিটি পরীক্ষা করা উচিত। এটি অ্যান্টিবায়োটিক নির্বাচন করতে সাহায্য করবে। আপনার ডাক্তারের সাথে পরামর্শ করুন এবং সেই অনুযায়ী চিকিৎসা নিন। আশা করি আমি আপনার প্রশ্নের উত্তর দিতে পেরেছি, যদি আপনার কোনো সন্দেহ থাকে তবে আমার সাথে bit.ly/ Chat Doctor-এ যোগাযোগ করুন। নাসেনিয়া ডক ব্যবহার করার জন্য ধন্যবাদ। আপনার সুস্বাস্থ্য কামনা করি।"
78960,"হেলো, ডেইরি, আমি আপনার প্রশ্নটি দেখেছি। আমি আপনার উদ্বেগ বুঝতে পারছি। আপনার হার্নিয়া সার্জারির ইতিহাস রয়েছে এবং এখন অস্ত্রোপচার পরবর্তী সংক্রমণ হয়েছে। আপনি স্ট্রেপ্টোকক্কাল সংক্রমণে ভুগছেন। আপনার স্ট্রেপ্টোকক্কাল সংক্রমণ সাধারণ অ্যান্টিবায়োটিকের প্রতি প্রতিরোধী হতে পারে। আপনার কালচার এবং সেনসিটিভিটি পরীক্ষা করা উচিত। এটি অ্যান্টিবায়োটিক নির্বাচন করতে সাহায্য করবে। আপনার ডাক্তারের সাথে পরামর্শ করুন এবং সেই অনুযায়ী চিকিৎসা নিন। আশা করি আমি আপনার প্রশ্নের উত্তর দিতে পেরেছি, যদি আপনার কোনো সন্দেহ থাকে তবে আমার সাথে bit.ly/ Chat Doctor-এ যোগাযোগ করুন। নাসেনিয়া ডক ব্যবহার করার জন্য ধন্যবাদ। আপনার সুস্বাস্থ্য কামনা করি।"
57056,"হেলো, ডেইরি, আমি আপনার প্রশ্নটি দেখেছি। আমি আপনার উদ্বেগ বুঝতে পারছি। আপনার হার্নিয়া সার্জারির ইতিহাস রয়েছে এবং এখন অস্ত্রোপচার পরবর্তী সংক্রমণ হয়েছে। আপনি স্ট্রেপ্টোকক্কাল সংক্রমণে ভুগছেন। আপনার স্ট্রেপ্টোকক্কাল সংক্রমণ সাধারণ অ্যান্টিবায়োটিকের প্রতি প্রতিরোধী হতে পারে। আপনার কালচার এবং সেনসিটিভিটি পরীক্ষা করা উচিত। এটি অ্যান্টিবায়োটিক নির্বাচন করতে সাহায্য করবে। আপনার ডাক্তারের সাথে পরামর্শ করুন এবং সেই অনুযায়ী চিকিৎসা নিন। আশা করি আমি আপনার প্রশ্নের উত্তর দিতে পেরেছি, যদি আপনার কোনো সন্দেহ থাকে তবে আমার সাথে bit.ly/ Chat Doctor-এ যোগাযোগ করুন। নাসেনিয়া ডক ব্যবহার করার জন্য ধন্যবাদ। আপনার সুস্বাস্থ্য কামনা করি।"
8988,"হেলো, ডেইরি, আমি আপনার প্রশ্নটি দেখেছি। আমি আপনার উদ্বেগ বুঝতে পারছি। আপনার হার্নিয়া সার্জারির ইতিহাস রয়েছে এবং এখন অস্ত্রোপচার পরবর্তী সংক্রমণ হয়েছে। আপনি স্ট্রেপ্টোকক্কাল সংক্রমণে ভুগছেন। আপনার স্ট্রেপ্টোকক্কাল সংক্রমণ সাধারণ অ্যান্টিবায়োটিকের প্রতি প্রতিরোধী হতে পারে। আপনার কালচার এবং সেনসিটিভিটি পরীক্ষা করা উচিত। এটি অ্যান্টিবায়োটিক নির্বাচন করতে সাহায্য করবে। আপনার ডাক্তারের সাথে পরামর্শ করুন এবং সেই অনুযায়ী চিকিৎসা নিন। আশা করি আমি আপনার প্রশ্নের উত্তর দিতে পেরেছি, যদি আপনার কোনো সন্দেহ থাকে তবে আমার সাথে bit.ly/ Chat Doctor-এ যোগাযোগ করুন। নাসেনিয়া ডক ব্যবহার করার জন্য ধন্যবাদ। আপনার সুস্বাস্থ্য কামনা করি।"
16690,"হেলো, ডেইরি, আমি আপনার প্রশ্নটি দেখেছি। আমি আপনার উদ্বেগ বুঝতে পারছি। আপনার হার্নিয়া সার্জারির ইতিহাস রয়েছে এবং এখন অস্ত্রোপচার পরবর্তী সংক্রমণ হয়েছে। আপনি স্ট্রেপ্টোকক্কাল সংক্রমণে ভুগছেন। আপনার স্ট্রেপ্টোকক্কাল সংক্রমণ সাধারণ অ্যান্টিবায়োটিকের প্রতি প্রতিরোধী হতে পারে। আপনার কালচার এবং সেনসিটিভিটি পরীক্ষা করা উচিত। এটি অ্যান্টিবায়োটিক নির্বাচন করতে সাহায্য করবে। আপনার ডাক্তারের সাথে পরামর্শ করুন এবং সেই অনুযায়ী চিকিৎসা নিন। আশা করি আমি আপনার প্রশ্নের উত্তর দিতে পেরেছি, যদি আপনার কোনো সন্দেহ থাকে তবে আমার সাথে bit.ly/ Chat Doctor-এ যোগাযোগ করুন। নাসেনিয়া ডক ব্যবহার করার জন্য ধন্যবাদ। আপনার সুস্বাস্থ্য কামনা করি।"
38366,"হেলো, ডেইরি, আমি আপনার প্রশ্নটি দেখেছি। আমি আপনার উদ্বেগ বুঝতে পারছি। আপনার হার্নিয়া সার্জারির ইতিহাস রয়েছে এবং এখন অস্ত্রোপচার পরবর্তী সংক্রমণ হয়েছে। আপনি স্ট্রেপ্টোকক্কাল সংক্রমণে ভুগছেন। আপনার স্ট্রেপ্টোকক্কাল সংক্রমণ সাধারণ অ্যান্টিবায়োটিকের প্রতি প্রতিরোধী হতে পারে। আপনার কালচার এবং সেনসিটিভিটি পরীক্ষা করা উচিত। এটি অ্যান্টিবায়োটিক নির্বাচন করতে সাহায্য করবে। আপনার ডাক্তারের সাথে পরামর্শ করুন এবং সেই অনুযায়ী চিকিৎসা নিন। আশা করি আমি আপনার প্রশ্নের উত্তর দিতে পেরেছি, যদি আপনার কোনো সন্দেহ থাকে তবে আমার সাথে bit.ly/ Chat Doctor-এ যোগাযোগ করুন। নাসেনিয়া ডক ব্যবহার করার জন্য ধন্যবাদ। আপনার সুস্বাস্থ্য কামনা করি।"
105448,"হেলো, ডেইরি, আমি আপনার প্রশ্নটি দেখেছি। আমি আপনার উদ্বেগ বুঝতে পারছি। আপনার হার্নিয়া সার্জারির ইতিহাস রয়েছে এবং এখন অস্ত্রোপচার পরবর্তী সংক্রমণ হয়েছে। আপনি স্ট্রেপ্টোকক্কাল সংক্রমণে ভুগছেন। আপনার স্ট্রেপ্টোকক্কাল সংক্রমণ সাধারণ অ্যান্টিবায়োটিকের প্রতি প্রতিরোধী হতে পারে। আপনার কালচার এবং সেনসিটিভিটি পরীক্ষা করা উচিত। এটি অ্যান্টিবায়োটিক নির্বাচন করতে সাহায্য করবে। আপনার ডাক্তারের সাথে পরামর্শ করুন এবং সেই অনুযায়ী চিকিৎসা নিন। আশা করি আমি আপনার প্রশ্নের উত্তর দিতে পেরেছি, যদি আপনার কোনো সন্দেহ থাকে তবে আমার সাথে bit.ly/ Chat Doctor-এ যোগাযোগ করুন। নাসেনিয়া ডক ব্যবহার করার জন্য ধন্যবাদ। আপনার সুস্বাস্থ্য কামনা করি।"
109504,"হেলো, ডেইরি, আমি আপনার প্রশ্নটি দেখেছি। আমি আপনার উদ্বেগ বুঝতে পারছি। আপনার হার্নিয়া সার্জারির ইতিহাস রয়েছে এবং এখন অস্ত্রোপচার পরবর্তী সংক্রমণ হয়েছে। আপনি স্ট্রেপ্টোকক্কাল সংক্রমণে ভুগছেন। আপনার স্ট্রেপ্টোকক্কাল সংক্রমণ সাধারণ অ্যান্টিবায়োটিকের প্রতি প্রতিরোধী হতে পারে। আপনার কালচার এবং সেনসিটিভিটি পরীক্ষা করা উচিত। এটি অ্যান্টিবায়োটিক নির্বাচন করতে সাহায্য করবে। আপনার ডাক্তারের সাথে পরামর্শ করুন এবং সেই অনুযায়ী চিকিৎসা নিন। আশা করি আমি আপনার প্রশ্নের উত্তর দিতে পেরেছি, যদি আপনার কোনো সন্দেহ থাকে তবে আমার সাথে bit.ly/ Chat Doctor-এ যোগাযোগ করুন। নাসেনিয়া ডক ব্যবহার করার জন্য ধন্যবাদ। আপনার সুস্বাস্থ্য কামনা করি।"
72804,"হেলো, ডেইরি, আমি আপনার প্রশ্নটি দেখেছি। আমি আপনার উদ্বেগ বুঝতে পারছি। আপনার হার্নিয়া সার্জারির ইতিহাস রয়েছে এবং এখন অস্ত্রোপচার পরবর্তী সংক্রমণ হয়েছে। আপনি স্ট্রেপ্টোকক্কাল সংক্রমণে ভুগছেন। আপনার স্ট্রেপ্টোকক্কাল সংক্রমণ সাধারণ অ্যান্টিবায়োটিকের প্রতি প্রতিরোধী হতে পারে। আপনার কালচার এবং সেনসিটিভিটি পরীক্ষা করা উচিত। এটি অ্যান্টিবায়োটিক নির্বাচন করতে সাহায্য করবে। আপনার ডাক্তারের সাথে পরামর্শ করুন এবং সেই অনুযায়ী চিকিৎসা নিন। আশা করি আমি আপনার প্রশ্নের উত্তর দিতে পেরেছি, যদি আপনার কোনো সন্দেহ থাকে তবে আমার সাথে bit.ly/ Chat Doctor-এ যোগাযোগ করুন। নাসেনিয়া ডক ব্যবহার করার জন্য ধন্যবাদ। আপনার সুস্বাস্থ্য কামনা করি।"
57939,"হেলো, ডেইরি, আমি আপনার প্রশ্নটি দেখেছি। আমি আপনার উদ্বেগ বুঝতে পারছি। আপনার হার্নিয়া সার্জারির ইতিহাস রয়েছে এবং এখন অস্ত্রোপচার পরবর্তী সংক্রমণ হয়েছে। আপনি স্ট্রেপ্টোকক্কাল সংক্রমণে ভুগছেন। আপনার স্ট্রেপ্টোকক্কাল সংক্রমণ সাধারণ অ্যান্টিবায়োটিকের প্রতি প্রতিরোধী হতে পারে। আপনার কালচার এবং সেনসিটিভিটি পরীক্ষা করা উচিত। এটি অ্যান্টিবায়োটিক নির্বাচন করতে সাহায্য করবে। আপনার ডাক্তারের সাথে পরামর্শ করুন এবং সেই অনুযায়ী চিকিৎসা নিন। আশা করি আমি আপনার প্রশ্নের উত্তর দিতে পেরেছি, যদি আপনার কোনো সন্দেহ থাকে তবে আমার সাথে bit.ly/ Chat Doctor-এ যোগাযোগ করুন। নাসেনিয়া ডক ব্যবহার করার জন্য ধন্যবাদ। আপনার সুস্বাস্থ্য কামনা করি।"
14205,"হেলো, ডেইরি, আমি আপনার প্রশ্নটি দেখেছি। আমি আপনার উদ্বেগ বুঝতে পারছি। আপনার হার্নিয়া সার্জারির ইতিহাস রয়েছে এবং এখন অস্ত্রোপচার পরবর্তী সংক্রমণ হয়েছে। আপনি স্ট্রেপ্টোকক্কাল সংক্রমণে ভুগছেন। আপনার স্ট্রেপ্টোকক্কাল সংক্রমণ সাধারণ অ্যান্টিবায়োটিকের প্রতি প্রতিরোধী হতে পারে। আপনার কালচার এবং সেনসিটিভিটি পরীক্ষা করা উচিত। এটি অ্যান্টিবায়োটিক নির্বাচন করতে সাহায্য করবে। আপনার ডাক্তারের সাথে পরামর্শ করুন এবং সেই অনুযায়ী চিকিৎসা নিন। আশা করি আমি আপনার প্রশ্নের উত্তর দিতে পেরেছি, যদি আপনার কোনো সন্দেহ থাকে তবে আমার সাথে bit.ly/ Chat Doctor-এ যোগাযোগ করুন। নাসেনিয়া ডক ব্যবহার করার জন্য ধন্যবাদ। আপনার সুস্বাস্থ্য কামনা করি।"
35952,"হেলো, ডেইরি, আমি আপনার প্রশ্নটি দেখেছি। আমি আপনার উদ্বেগ বুঝতে পারছি। আপনার হার্নিয়া সার্জারির ইতিহাস রয়েছে এবং এখন অস্ত্রোপচার পরবর্তী সংক্রমণ হয়েছে। আপনি স্ট্রেপ্টোকক্কাল সংক্রমণে ভুগছেন। আপনার স্ট্রেপ্টোকক্কাল সংক্রমণ সাধারণ অ্যান্টিবায়োটিকের প্রতি প্রতিরোধী হতে পারে। আপনার কালচার এবং সেনসিটিভিটি পরীক্ষা করা উচিত। এটি অ্যান্টিবায়োটিক নির্বাচন করতে সাহায্য করবে। আপনার ডাক্তারের সাথে পরামর্শ করুন এবং সেই অনুযায়ী চিকিৎসা নিন। আশা করি আমি আপনার প্রশ্নের উত্তর দিতে পেরেছি, যদি আপনার কোনো সন্দেহ থাকে তবে আমার সাথে bit.ly/ Chat Doctor-এ যোগাযোগ করুন। নাসেনিয়া ডক ব্যবহার করার জন্য ধন্যবাদ। আপনার সুস্বাস্থ্য কামনা করি।"
71397,"হেলো, ডেইরি, আমি আপনার প্রশ্নটি দেখেছি। আমি আপনার উদ্বেগ বুঝতে পারছি। আপনার হার্নিয়া সার্জারির ইতিহাস রয়েছে এবং এখন অস্ত্রোপচার পরবর্তী সংক্রমণ হয়েছে। আপনি স্ট্রেপ্টোকক্কাল সংক্রমণে ভুগছেন। আপনার স্ট্রেপ্টোকক্কাল সংক্রমণ সাধারণ অ্যান্টিবায়োটিকের প্রতি প্রতিরোধী হতে পারে। আপনার কালচার এবং সেনসিটিভিটি পরীক্ষা করা উচিত। এটি অ্যান্টিবায়োটিক নির্বাচন করতে সাহায্য করবে। আপনার ডাক্তারের সাথে পরামর্শ করুন এবং সেই অনুযায়ী চিকিৎসা নিন। আশা করি আমি আপনার প্রশ্নের উত্তর দিতে পেরেছি, যদি আপনার কোনো সন্দেহ থাকে তবে আমার সাথে bit.ly/ Chat Doctor-এ যোগাযোগ করুন। নাসেনিয়া ডক ব্যবহার করার জন্য ধন্যবাদ। আপনার সুস্বাস্থ্য কামনা করি।"
16403,"হেলো, ডেইরি, আমি আপনার প্রশ্নটি দেখেছি। আমি আপনার উদ্বেগ বুঝতে পারছি। আপনার হার্নিয়া সার্জারির ইতিহাস রয়েছে এবং এখন অস্ত্রোপচার পরবর্তী সংক্রমণ হয়েছে। আপনি স্ট্রেপ্টোকক্কাল সংক্রমণে ভুগছেন। আপনার স্ট্রেপ্টোকক্কাল সংক্রমণ সাধারণ অ্যান্টিবায়োটিকের প্রতি প্রতিরোধী হতে পারে। আপনার কালচার এবং সেনসিটিভিটি পরীক্ষা করা উচিত। এটি অ্যান্টিবায়োটিক নির্বাচন করতে সাহায্য করবে। আপনার ডাক্তারের সাথে পরামর্শ করুন এবং সেই অনুযায়ী চিকিৎসা নিন। আশা করি আমি আপনার প্রশ্নের উত্তর দিতে পেরেছি, যদি আপনার কোনো সন্দেহ থাকে তবে আমার সাথে bit.ly/ Chat Doctor-এ যোগাযোগ করুন। নাসেনিয়া ডক ব্যবহার করার জন্য ধন্যবাদ। আপনার সুস্বাস্থ্য কামনা করি।"
69542,"হেলো, ডেইরি, আমি আপনার প্রশ্নটি দেখেছি। আমি আপনার উদ্বেগ বুঝতে পারছি। আপনার হার্নিয়া সার্জারির ইতিহাস রয়েছে এবং এখন অস্ত্রোপচার পরবর্তী সংক্রমণ হয়েছে। আপনি স্ট্রেপ্টোকক্কাল সংক্রমণে ভুগছেন। আপনার স্ট্রেপ্টোকক্কাল সংক্রমণ সাধারণ অ্যান্টিবায়োটিকের প্রতি প্রতিরোধী হতে পারে। আপনার কালচার এবং সেনসিটিভিটি পরীক্ষা করা উচিত। এটি অ্যান্টিবায়োটিক নির্বাচন করতে সাহায্য করবে। আপনার ডাক্তারের সাথে পরামর্শ করুন এবং সেই অনুযায়ী চিকিৎসা নিন। আশা করি আমি আপনার প্রশ্নের উত্তর দিতে পেরেছি, যদি আপনার কোনো সন্দেহ থাকে তবে আমার সাথে bit.ly/ Chat Doctor-এ যোগাযোগ করুন। নাসেনিয়া ডক ব্যবহার করার জন্য ধন্যবাদ। আপনার সুস্বাস্থ্য কামনা করি।"
13039,"হেলো, ডেইরি, আমি আপনার প্রশ্নটি দেখেছি। আমি আপনার উদ্বেগ বুঝতে পারছি। আপনার হার্নিয়া সার্জারির ইতিহাস রয়েছে এবং এখন অস্ত্রোপচার পরবর্তী সংক্রমণ হয়েছে। আপনি স্ট্রেপ্টোকক্কাল সংক্রমণে ভুগছেন। আপনার স্ট্রেপ্টোকক্কাল সংক্রমণ সাধারণ অ্যান্টিবায়োটিকের প্রতি প্রতিরোধী হতে পারে। আপনার কালচার এবং সেনসিটিভিটি পরীক্ষা করা উচিত। এটি অ্যান্টিবায়োটিক নির্বাচন করতে সাহায্য করবে। আপনার ডাক্তারের সাথে পরামর্শ করুন এবং সেই অনুযায়ী চিকিৎসা নিন। আশা করি আমি আপনার প্রশ্নের উত্তর দিতে পেরেছি, যদি আপনার কোনো সন্দেহ থাকে তবে আমার সাথে bit.ly/ Chat Doctor-এ যোগাযোগ করুন। নাসেনিয়া ডক ব্যবহার করার জন্য ধন্যবাদ। আপনার সুস্বাস্থ্য কামনা করি।"
103635,"হেলো, ডেইরি, আমি আপনার প্রশ্নটি দেখেছি। আমি আপনার উদ্বেগ বুঝতে পারছি। আপনার হার্নিয়া সার্জারির ইতিহাস রয়েছে এবং এখন অস্ত্রোপচার পরবর্তী সংক্রমণ হয়েছে। আপনি স্ট্রেপ্টোকক্কাল সংক্রমণে ভুগছেন। আপনার স্ট্রেপ্টোকক্কাল সংক্রমণ সাধারণ অ্যান্টিবায়োটিকের প্রতি প্রতিরোধী হতে পারে। আপনার কালচার এবং সেনসিটিভিটি পরীক্ষা করা উচিত। এটি অ্যান্টিবায়োটিক নির্বাচন করতে সাহায্য করবে। আপনার ডাক্তারের সাথে পরামর্শ করুন এবং সেই অনুযায়ী চিকিৎসা নিন। আশা করি আমি আপনার প্রশ্নের উত্তর দিতে পেরেছি, যদি আপনার কোনো সন্দেহ থাকে তবে আমার সাথে bit.ly/ Chat Doctor-এ যোগাযোগ করুন। নাসেনিয়া ডক ব্যবহার করার জন্য ধন্যবাদ। আপনার সুস্বাস্থ্য কামনা করি।"
41610,"হেলো, ডেইরি, আমি আপনার প্রশ্নটি দেখেছি। আমি আপনার উদ্বেগ বুঝতে পারছি। আপনার হার্নিয়া সার্জারির ইতিহাস রয়েছে এবং এখন অস্ত্রোপচার পরবর্তী সংক্রমণ হয়েছে। আপনি স্ট্রেপ্টোকক্কাল সংক্রমণে ভুগছেন। আপনার স্ট্রেপ্টোকক্কাল সংক্রমণ সাধারণ অ্যান্টিবায়োটিকের প্রতি প্রতিরোধী হতে পারে। আপনার কালচার এবং সেনসিটিভিটি পরীক্ষা করা উচিত। এটি অ্যান্টিবায়োটিক নির্বাচন করতে সাহায্য করবে। আপনার ডাক্তারের সাথে পরামর্শ করুন এবং সেই অনুযায়ী চিকিৎসা নিন। আশা করি আমি আপনার প্রশ্নের উত্তর দিতে পেরেছি, যদি আপনার কোনো সন্দেহ থাকে তবে আমার সাথে bit.ly/ Chat Doctor-এ যোগাযোগ করুন। নাসেনিয়া ডক ব্যবহার করার জন্য ধন্যবাদ। আপনার সুস্বাস্থ্য কামনা করি।"
93842,"হেলো, ডেইরি, আমি আপনার প্রশ্নটি দেখেছি। আমি আপনার উদ্বেগ বুঝতে পারছি। আপনার হার্নিয়া সার্জারির ইতিহাস রয়েছে এবং এখন অস্ত্রোপচার পরবর্তী সংক্রমণ হয়েছে। আপনি স্ট্রেপ্টোকক্কাল সংক্রমণে ভুগছেন। আপনার স্ট্রেপ্টোকক্কাল সংক্রমণ সাধারণ অ্যান্টিবায়োটিকের প্রতি প্রতিরোধী হতে পারে। আপনার কালচার এবং সেনসিটিভিটি পরীক্ষা করা উচিত। এটি অ্যান্টিবায়োটিক নির্বাচন করতে সাহায্য করবে। আপনার ডাক্তারের সাথে পরামর্শ করুন এবং সেই অনুযায়ী চিকিৎসা নিন। আশা করি আমি আপনার প্রশ্নের উত্তর দিতে পেরেছি, যদি আপনার কোনো সন্দেহ থাকে তবে আমার সাথে bit.ly/ Chat Doctor-এ যোগাযোগ করুন। নাসেনিয়া ডক ব্যবহার করার জন্য ধন্যবাদ। আপনার সুস্বাস্থ্য কামনা করি।"
103597,"হেলো, ডেইরি, আমি আপনার প্রশ্নটি দেখেছি। আমি আপনার উদ্বেগ বুঝতে পারছি। আপনার হার্নিয়া সার্জারির ইতিহাস রয়েছে এবং এখন অস্ত্রোপচার পরবর্তী সংক্রমণ হয়েছে। আপনি স্ট্রেপ্টোকক্কাল সংক্রমণে ভুগছেন। আপনার স্ট্রেপ্টোকক্কাল সংক্রমণ সাধারণ অ্যান্টিবায়োটিকের প্রতি প্রতিরোধী হতে পারে। আপনার কালচার এবং সেনসিটিভিটি পরীক্ষা করা উচিত। এটি অ্যান্টিবায়োটিক নির্বাচন করতে সাহায্য করবে। আপনার ডাক্তারের সাথে পরামর্শ করুন এবং সেই অনুযায়ী চিকিৎসা নিন। আশা করি আমি আপনার প্রশ্নের উত্তর দিতে পেরেছি, যদি আপনার কোনো সন্দেহ থাকে তবে আমার সাথে bit.ly/ Chat Doctor-এ যোগাযোগ করুন। নাসেনিয়া ডক ব্যবহার করার জন্য ধন্যবাদ। আপনার সুস্বাস্থ্য কামনা করি।"
37196,"হেলো, ডেইরি, আমি আপনার প্রশ্নটি দেখেছি। আমি আপনার উদ্বেগ বুঝতে পারছি। আপনার হার্নিয়া সার্জারির ইতিহাস রয়েছে এবং এখন অস্ত্রোপচার পরবর্তী সংক্রমণ হয়েছে। আপনি স্ট্রেপ্টোকক্কাল সংক্রমণে ভুগছেন। আপনার স্ট্রেপ্টোকক্কাল সংক্রমণ সাধারণ অ্যান্টিবায়োটিকের প্রতি প্রতিরোধী হতে পারে। আপনার কালচার এবং সেনসিটিভিটি পরীক্ষা করা উচিত। এটি অ্যান্টিবায়োটিক নির্বাচন করতে সাহায্য করবে। আপনার ডাক্তারের সাথে পরামর্শ করুন এবং সেই অনুযায়ী চিকিৎসা নিন। আশা করি আমি আপনার প্রশ্নের উত্তর দিতে পেরেছি, যদি আপনার কোনো সন্দেহ থাকে তবে আমার সাথে bit.ly/ Chat Doctor-এ যোগাযোগ করুন। নাসেনিয়া ডক ব্যবহার করার জন্য ধন্যবাদ। আপনার সুস্বাস্থ্য কামনা করি।"
67681,"হেলো, ডেইরি, আমি আপনার প্রশ্নটি দেখেছি। আমি আপনার উদ্বেগ বুঝতে পারছি। আপনার হার্নিয়া সার্জারির ইতিহাস রয়েছে এবং এখন অস্ত্রোপচার পরবর্তী সংক্রমণ হয়েছে। আপনি স্ট্রেপ্টোকক্কাল সংক্রমণে ভুগছেন। আপনার স্ট্রেপ্টোকক্কাল সংক্রমণ সাধারণ অ্যান্টিবায়োটিকের প্রতি প্রতিরোধী হতে পারে। আপনার কালচার এবং সেনসিটিভিটি পরীক্ষা করা উচিত। এটি অ্যান্টিবায়োটিক নির্বাচন করতে সাহায্য করবে। আপনার ডাক্তারের সাথে পরামর্শ করুন এবং সেই অনুযায়ী চিকিৎসা নিন। আশা করি আমি আপনার প্রশ্নের উত্তর দিতে পেরেছি, যদি আপনার কোনো সন্দেহ থাকে তবে আমার সাথে bit.ly/ Chat Doctor-এ যোগাযোগ করুন। নাসেনিয়া ডক ব্যবহার করার জন্য ধন্যবাদ। আপনার সুস্বাস্থ্য কামনা করি।"
53159,"হেলো, ডেইরি, আমি আপনার প্রশ্নটি দেখেছি। আমি আপনার উদ্বেগ বুঝতে পারছি। আপনার হার্নিয়া সার্জারির ইতিহাস রয়েছে এবং এখন অস্ত্রোপচার পরবর্তী সংক্রমণ হয়েছে। আপনি স্ট্রেপ্টোকক্কাল সংক্রমণে ভুগছেন। আপনার স্ট্রেপ্টোকক্কাল সংক্রমণ সাধারণ অ্যান্টিবায়োটিকের প্রতি প্রতিরোধী হতে পারে। আপনার কালচার এবং সেনসিটিভিটি পরীক্ষা করা উচিত। এটি অ্যান্টিবায়োটিক নির্বাচন করতে সাহায্য করবে। আপনার ডাক্তারের সাথে পরামর্শ করুন এবং সেই অনুযায়ী চিকিৎসা নিন। আশা করি আমি আপনার প্রশ্নের উত্তর দিতে পেরেছি, যদি আপনার কোনো সন্দেহ থাকে তবে আমার সাথে bit.ly/ Chat Doctor-এ যোগাযোগ করুন। নাসেনিয়া ডক ব্যবহার করার জন্য ধন্যবাদ। আপনার সুস্বাস্থ্য কামনা করি।"
30244,"হেলো, ডেইরি, আমি আপনার প্রশ্নটি দেখেছি। আমি আপনার উদ্বেগ বুঝতে পারছি। আপনার হার্নিয়া সার্জারির ইতিহাস রয়েছে এবং এখন অস্ত্রোপচার পরবর্তী সংক্রমণ হয়েছে। আপনি স্ট্রেপ্টোকক্কাল সংক্রমণে ভুগছেন। আপনার স্ট্রেপ্টোকক্কাল সংক্রমণ সাধারণ অ্যান্টিবায়োটিকের প্রতি প্রতিরোধী হতে পারে। আপনার কালচার এবং সেনসিটিভিটি পরীক্ষা করা উচিত। এটি অ্যান্টিবায়োটিক নির্বাচন করতে সাহায্য করবে। আপনার ডাক্তারের সাথে পরামর্শ করুন এবং সেই অনুযায়ী চিকিৎসা নিন। আশা করি আমি আপনার প্রশ্নের উত্তর দিতে পেরেছি, যদি আপনার কোনো সন্দেহ থাকে তবে আমার সাথে bit.ly/ Chat Doctor-এ যোগাযোগ করুন। নাসেনিয়া ডক ব্যবহার করার জন্য ধন্যবাদ। আপনার সুস্বাস্থ্য কামনা করি।"
12052,"হেলো, ডেইরি, আমি আপনার প্রশ্নটি দেখেছি। আমি আপনার উদ্বেগ বুঝতে পারছি। আপনার হার্নিয়া সার্জারির ইতিহাস রয়েছে এবং এখন অস্ত্রোপচার পরবর্তী সংক্রমণ হয়েছে। আপনি স্ট্রেপ্টোকক্কাল সংক্রমণে ভুগছেন। আপনার স্ট্রেপ্টোকক্কাল সংক্রমণ সাধারণ অ্যান্টিবায়োটিকের প্রতি প্রতিরোধী হতে পারে। আপনার কালচার এবং সেনসিটিভিটি পরীক্ষা করা উচিত। এটি অ্যান্টিবায়োটিক নির্বাচন করতে সাহায্য করবে। আপনার ডাক্তারের সাথে পরামর্শ করুন এবং সেই অনুযায়ী চিকিৎসা নিন। আশা করি আমি আপনার প্রশ্নের উত্তর দিতে পেরেছি, যদি আপনার কোনো সন্দেহ থাকে তবে আমার সাথে bit.ly/ Chat Doctor-এ যোগাযোগ করুন। নাসেনিয়া ডক ব্যবহার করার জন্য ধন্যবাদ। আপনার সুস্বাস্থ্য কামনা করি।"
97008,"হেলো, ডেইরি, আমি আপনার প্রশ্নটি দেখেছি। আমি আপনার উদ্বেগ বুঝতে পারছি। আপনার হার্নিয়া সার্জারির ইতিহাস রয়েছে এবং এখন অস্ত্রোপচার পরবর্তী সংক্রমণ হয়েছে। আপনি স্ট্রেপ্টোকক্কাল সংক্রমণে ভুগছেন। আপনার স্ট্রেপ্টোকক্কাল সংক্রমণ সাধারণ অ্যান্টিবায়োটিকের প্রতি প্রতিরোধী হতে পারে। আপনার কালচার এবং সেনসিটিভিটি পরীক্ষা করা উচিত। এটি অ্যান্টিবায়োটিক নির্বাচন করতে সাহায্য করবে। আপনার ডাক্তারের সাথে পরামর্শ করুন এবং সেই অনুযায়ী চিকিৎসা নিন। আশা করি আমি আপনার প্রশ্নের উত্তর দিতে পেরেছি, যদি আপনার কোনো সন্দেহ থাকে তবে আমার সাথে bit.ly/ Chat Doctor-এ যোগাযোগ করুন। নাসেনিয়া ডক ব্যবহার করার জন্য ধন্যবাদ। আপনার সুস্বাস্থ্য কামনা করি।"
76513,"হেলো, ডেইরি, আমি আপনার প্রশ্নটি দেখেছি। আমি আপনার উদ্বেগ বুঝতে পারছি। আপনার হার্নিয়া সার্জারির ইতিহাস রয়েছে এবং এখন অস্ত্রোপচার পরবর্তী সংক্রমণ হয়েছে। আপনি স্ট্রেপ্টোকক্কাল সংক্রমণে ভুগছেন। আপনার স্ট্রেপ্টোকক্কাল সংক্রমণ সাধারণ অ্যান্টিবায়োটিকের প্রতি প্রতিরোধী হতে পারে। আপনার কালচার এবং সেনসিটিভিটি পরীক্ষা করা উচিত। এটি অ্যান্টিবায়োটিক নির্বাচন করতে সাহায্য করবে। আপনার ডাক্তারের সাথে পরামর্শ করুন এবং সেই অনুযায়ী চিকিৎসা নিন। আশা করি আমি আপনার প্রশ্নের উত্তর দিতে পেরেছি, যদি আপনার কোনো সন্দেহ থাকে তবে আমার সাথে bit.ly/ Chat Doctor-এ যোগাযোগ করুন। নাসেনিয়া ডক ব্যবহার করার জন্য ধন্যবাদ। আপনার সুস্বাস্থ্য কামনা করি।"
8969,"হেলো, ডেইরি, আমি আপনার প্রশ্নটি দেখেছি। আমি আপনার উদ্বেগ বুঝতে পারছি। আপনার হার্নিয়া সার্জারির ইতিহাস রয়েছে এবং এখন অস্ত্রোপচার পরবর্তী সংক্রমণ হয়েছে। আপনি স্ট্রেপ্টোকক্কাল সংক্রমণে ভুগছেন। আপনার স্ট্রেপ্টোকক্কাল সংক্রমণ সাধারণ অ্যান্টিবায়োটিকের প্রতি প্রতিরোধী হতে পারে। আপনার কালচার এবং সেনসিটিভিটি পরীক্ষা করা উচিত। এটি অ্যান্টিবায়োটিক নির্বাচন করতে সাহায্য করবে। আপনার ডাক্তারের সাথে পরামর্শ করুন এবং সেই অনুযায়ী চিকিৎসা নিন। আশা করি আমি আপনার প্রশ্নের উত্তর দিতে পেরেছি, যদি আপনার কোনো সন্দেহ থাকে তবে আমার সাথে bit.ly/ Chat Doctor-এ যোগাযোগ করুন। নাসেনিয়া ডক ব্যবহার করার জন্য ধন্যবাদ। আপনার সুস্বাস্থ্য কামনা করি।"
1939,"হেলো, ডেইরি, আমি আপনার প্রশ্নটি দেখেছি। আমি আপনার উদ্বেগ বুঝতে পারছি। আপনার হার্নিয়া সার্জারির ইতিহাস রয়েছে এবং এখন অস্ত্রোপচার পরবর্তী সংক্রমণ হয়েছে। আপনি স্ট্রেপ্টোকক্কাল সংক্রমণে ভুগছেন। আপনার স্ট্রেপ্টোকক্কাল সংক্রমণ সাধারণ অ্যান্টিবায়োটিকের প্রতি প্রতিরোধী হতে পারে। আপনার কালচার এবং সেনসিটিভিটি পরীক্ষা করা উচিত। এটি অ্যান্টিবায়োটিক নির্বাচন করতে সাহায্য করবে। আপনার ডাক্তারের সাথে পরামর্শ করুন এবং সেই অনুযায়ী চিকিৎসা নিন। আশা করি আমি আপনার প্রশ্নের উত্তর দিতে পেরেছি, যদি আপনার কোনো সন্দেহ থাকে তবে আমার সাথে bit.ly/ Chat Doctor-এ যোগাযোগ করুন। নাসেনিয়া ডক ব্যবহার করার জন্য ধন্যবাদ। আপনার সুস্বাস্থ্য কামনা করি।"
103373,"হেলো, ডেইরি, আমি আপনার প্রশ্নটি দেখেছি। আমি আপনার উদ্বেগ বুঝতে পারছি। আপনার হার্নিয়া সার্জারির ইতিহাস রয়েছে এবং এখন অস্ত্রোপচার পরবর্তী সংক্রমণ হয়েছে। আপনি স্ট্রেপ্টোকক্কাল সংক্রমণে ভুগছেন। আপনার স্ট্রেপ্টোকক্কাল সংক্রমণ সাধারণ অ্যান্টিবায়োটিকের প্রতি প্রতিরোধী হতে পারে। আপনার কালচার এবং সেনসিটিভিটি পরীক্ষা করা উচিত। এটি অ্যান্টিবায়োটিক নির্বাচন করতে সাহায্য করবে। আপনার ডাক্তারের সাথে পরামর্শ করুন এবং সেই অনুযায়ী চিকিৎসা নিন। আশা করি আমি আপনার প্রশ্নের উত্তর দিতে পেরেছি, যদি আপনার কোনো সন্দেহ থাকে তবে আমার সাথে bit.ly/ Chat Doctor-এ যোগাযোগ করুন। নাসেনিয়া ডক ব্যবহার করার জন্য ধন্যবাদ। আপনার সুস্বাস্থ্য কামনা করি।"
4515,"হেলো, ডেইরি, আমি আপনার প্রশ্নটি দেখেছি। আমি আপনার উদ্বেগ বুঝতে পারছি। আপনার হার্নিয়া সার্জারির ইতিহাস রয়েছে এবং এখন অস্ত্রোপচার পরবর্তী সংক্রমণ হয়েছে। আপনি স্ট্রেপ্টোকক্কাল সংক্রমণে ভুগছেন। আপনার স্ট্রেপ্টোকক্কাল সংক্রমণ সাধারণ অ্যান্টিবায়োটিকের প্রতি প্রতিরোধী হতে পারে। আপনার কালচার এবং সেনসিটিভিটি পরীক্ষা করা উচিত। এটি অ্যান্টিবায়োটিক নির্বাচন করতে সাহায্য করবে। আপনার ডাক্তারের সাথে পরামর্শ করুন এবং সেই অনুযায়ী চিকিৎসা নিন। আশা করি আমি আপনার প্রশ্নের উত্তর দিতে পেরেছি, যদি আপনার কোনো সন্দেহ থাকে তবে আমার সাথে bit.ly/ Chat Doctor-এ যোগাযোগ করুন। নাসেনিয়া ডক ব্যবহার করার জন্য ধন্যবাদ। আপনার সুস্বাস্থ্য কামনা করি।"
41544,"হেলো, ডেইরি, আমি আপনার প্রশ্নটি দেখেছি। আমি আপনার উদ্বেগ বুঝতে পারছি। আপনার হার্নিয়া সার্জারির ইতিহাস রয়েছে এবং এখন অস্ত্রোপচার পরবর্তী সংক্রমণ হয়েছে। আপনি স্ট্রেপ্টোকক্কাল সংক্রমণে ভুগছেন। আপনার স্ট্রেপ্টোকক্কাল সংক্রমণ সাধারণ অ্যান্টিবায়োটিকের প্রতি প্রতিরোধী হতে পারে। আপনার কালচার এবং সেনসিটিভিটি পরীক্ষা করা উচিত। এটি অ্যান্টিবায়োটিক নির্বাচন করতে সাহায্য করবে। আপনার ডাক্তারের সাথে পরামর্শ করুন এবং সেই অনুযায়ী চিকিৎসা নিন। আশা করি আমি আপনার প্রশ্নের উত্তর দিতে পেরেছি, যদি আপনার কোনো সন্দেহ থাকে তবে আমার সাথে bit.ly/ Chat Doctor-এ যোগাযোগ করুন। নাসেনিয়া ডক ব্যবহার করার জন্য ধন্যবাদ। আপনার সুস্বাস্থ্য কামনা করি।"
26523,"হেলো, ডেইরি, আমি আপনার প্রশ্নটি দেখেছি। আমি আপনার উদ্বেগ বুঝতে পারছি। আপনার হার্নিয়া সার্জারির ইতিহাস রয়েছে এবং এখন অস্ত্রোপচার পরবর্তী সংক্রমণ হয়েছে। আপনি স্ট্রেপ্টোকক্কাল সংক্রমণে ভুগছেন। আপনার স্ট্রেপ্টোকক্কাল সংক্রমণ সাধারণ অ্যান্টিবায়োটিকের প্রতি প্রতিরোধী হতে পারে। আপনার কালচার এবং সেনসিটিভিটি পরীক্ষা করা উচিত। এটি অ্যান্টিবায়োটিক নির্বাচন করতে সাহায্য করবে। আপনার ডাক্তারের সাথে পরামর্শ করুন এবং সেই অনুযায়ী চিকিৎসা নিন। আশা করি আমি আপনার প্রশ্নের উত্তর দিতে পেরেছি, যদি আপনার কোনো সন্দেহ থাকে তবে আমার সাথে bit.ly/ Chat Doctor-এ যোগাযোগ করুন। নাসেনিয়া ডক ব্যবহার করার জন্য ধন্যবাদ। আপনার সুস্বাস্থ্য কামনা করি।"
54521,"হেলো, ডেইরি, আমি আপনার প্রশ্নটি দেখেছি। আমি আপনার উদ্বেগ বুঝতে পারছি। আপনার হার্নিয়া সার্জারির ইতিহাস রয়েছে এবং এখন অস্ত্রোপচার পরবর্তী সংক্রমণ হয়েছে। আপনি স্ট্রেপ্টোকক্কাল সংক্রমণে ভুগছেন। আপনার স্ট্রেপ্টোকক্কাল সংক্রমণ সাধারণ অ্যান্টিবায়োটিকের প্রতি প্রতিরোধী হতে পারে। আপনার কালচার এবং সেনসিটিভিটি পরীক্ষা করা উচিত। এটি অ্যান্টিবায়োটিক নির্বাচন করতে সাহায্য করবে। আপনার ডাক্তারের সাথে পরামর্শ করুন এবং সেই অনুযায়ী চিকিৎসা নিন। আশা করি আমি আপনার প্রশ্নের উত্তর দিতে পেরেছি, যদি আপনার কোনো সন্দেহ থাকে তবে আমার সাথে bit.ly/ Chat Doctor-এ যোগাযোগ করুন। নাসেনিয়া ডক ব্যবহার করার জন্য ধন্যবাদ। আপনার সুস্বাস্থ্য কামনা করি।"
53025,"হেলো, ডেইরি, আমি আপনার প্রশ্নটি দেখেছি। আমি আপনার উদ্বেগ বুঝতে পারছি। আপনার হার্নিয়া সার্জারির ইতিহাস রয়েছে এবং এখন অস্ত্রোপচার পরবর্তী সংক্রমণ হয়েছে। আপনি স্ট্রেপ্টোকক্কাল সংক্রমণে ভুগছেন। আপনার স্ট্রেপ্টোকক্কাল সংক্রমণ সাধারণ অ্যান্টিবায়োটিকের প্রতি প্রতিরোধী হতে পারে। আপনার কালচার এবং সেনসিটিভিটি পরীক্ষা করা উচিত। এটি অ্যান্টিবায়োটিক নির্বাচন করতে সাহায্য করবে। আপনার ডাক্তারের সাথে পরামর্শ করুন এবং সেই অনুযায়ী চিকিৎসা নিন। আশা করি আমি আপনার প্রশ্নের উত্তর দিতে পেরেছি, যদি আপনার কোনো সন্দেহ থাকে তবে আমার সাথে bit.ly/ Chat Doctor-এ যোগাযোগ করুন। নাসেনিয়া ডক ব্যবহার করার জন্য ধন্যবাদ। আপনার সুস্বাস্থ্য কামনা করি।"
8798,"হেলো, ডেইরি, আমি আপনার প্রশ্নটি দেখেছি। আমি আপনার উদ্বেগ বুঝতে পারছি। আপনার হার্নিয়া সার্জারির ইতিহাস রয়েছে এবং এখন অস্ত্রোপচার পরবর্তী সংক্রমণ হয়েছে। আপনি স্ট্রেপ্টোকক্কাল সংক্রমণে ভুগছেন। আপনার স্ট্রেপ্টোকক্কাল সংক্রমণ সাধারণ অ্যান্টিবায়োটিকের প্রতি প্রতিরোধী হতে পারে। আপনার কালচার এবং সেনসিটিভিটি পরীক্ষা করা উচিত। এটি অ্যান্টিবায়োটিক নির্বাচন করতে সাহায্য করবে। আপনার ডাক্তারের সাথে পরামর্শ করুন এবং সেই অনুযায়ী চিকিৎসা নিন। আশা করি আমি আপনার প্রশ্নের উত্তর দিতে পেরেছি, যদি আপনার কোনো সন্দেহ থাকে তবে আমার সাথে bit.ly/ Chat Doctor-এ যোগাযোগ করুন। নাসেনিয়া ডক ব্যবহার করার জন্য ধন্যবাদ। আপনার সুস্বাস্থ্য কামনা করি।"
14549,"হেলো, ডেইরি, আমি আপনার প্রশ্নটি দেখেছি। আমি আপনার উদ্বেগ বুঝতে পারছি। আপনার হার্নিয়া সার্জারির ইতিহাস রয়েছে এবং এখন অস্ত্রোপচার পরবর্তী সংক্রমণ হয়েছে। আপনি স্ট্রেপ্টোকক্কাল সংক্রমণে ভুগছেন। আপনার স্ট্রেপ্টোকক্কাল সংক্রমণ সাধারণ অ্যান্টিবায়োটিকের প্রতি প্রতিরোধী হতে পারে। আপনার কালচার এবং সেনসিটিভিটি পরীক্ষা করা উচিত। এটি অ্যান্টিবায়োটিক নির্বাচন করতে সাহায্য করবে। আপনার ডাক্তারের সাথে পরামর্শ করুন এবং সেই অনুযায়ী চিকিৎসা নিন। আশা করি আমি আপনার প্রশ্নের উত্তর দিতে পেরেছি, যদি আপনার কোনো সন্দেহ থাকে তবে আমার সাথে bit.ly/ Chat Doctor-এ যোগাযোগ করুন। নাসেনিয়া ডক ব্যবহার করার জন্য ধন্যবাদ। আপনার সুস্বাস্থ্য কামনা করি।"
94817,"হেলো, ডেইরি, আমি আপনার প্রশ্নটি দেখেছি। আমি আপনার উদ্বেগ বুঝতে পারছি। আপনার হার্নিয়া সার্জারির ইতিহাস রয়েছে এবং এখন অস্ত্রোপচার পরবর্তী সংক্রমণ হয়েছে। আপনি স্ট্রেপ্টোকক্কাল সংক্রমণে ভুগছেন। আপনার স্ট্রেপ্টোকক্কাল সংক্রমণ সাধারণ অ্যান্টিবায়োটিকের প্রতি প্রতিরোধী হতে পারে। আপনার কালচার এবং সেনসিটিভিটি পরীক্ষা করা উচিত। এটি অ্যান্টিবায়োটিক নির্বাচন করতে সাহায্য করবে। আপনার ডাক্তারের সাথে পরামর্শ করুন এবং সেই অনুযায়ী চিকিৎসা নিন। আশা করি আমি আপনার প্রশ্নের উত্তর দিতে পেরেছি, যদি আপনার কোনো সন্দেহ থাকে তবে আমার সাথে bit.ly/ Chat Doctor-এ যোগাযোগ করুন। নাসেনিয়া ডক ব্যবহার করার জন্য ধন্যবাদ। আপনার সুস্বাস্থ্য কামনা করি।"
24575,"হেলো, ডেইরি, আমি আপনার প্রশ্নটি দেখেছি। আমি আপনার উদ্বেগ বুঝতে পারছি। আপনার হার্নিয়া সার্জারির ইতিহাস রয়েছে এবং এখন অস্ত্রোপচার পরবর্তী সংক্রমণ হয়েছে। আপনি স্ট্রেপ্টোকক্কাল সংক্রমণে ভুগছেন। আপনার স্ট্রেপ্টোকক্কাল সংক্রমণ সাধারণ অ্যান্টিবায়োটিকের প্রতি প্রতিরোধী হতে পারে। আপনার কালচার এবং সেনসিটিভিটি পরীক্ষা করা উচিত। এটি অ্যান্টিবায়োটিক নির্বাচন করতে সাহায্য করবে। আপনার ডাক্তারের সাথে পরামর্শ করুন এবং সেই অনুযায়ী চিকিৎসা নিন। আশা করি আমি আপনার প্রশ্নের উত্তর দিতে পেরেছি, যদি আপনার কোনো সন্দেহ থাকে তবে আমার সাথে bit.ly/ Chat Doctor-এ যোগাযোগ করুন। নাসেনিয়া ডক ব্যবহার করার জন্য ধন্যবাদ। আপনার সুস্বাস্থ্য কামনা করি।"
18907,"হেলো, ডেইরি, আমি আপনার প্রশ্নটি দেখেছি। আমি আপনার উদ্বেগ বুঝতে পারছি। আপনার হার্নিয়া সার্জারির ইতিহাস রয়েছে এবং এখন অস্ত্রোপচার পরবর্তী সংক্রমণ হয়েছে। আপনি স্ট্রেপ্টোকক্কাল সংক্রমণে ভুগছেন। আপনার স্ট্রেপ্টোকক্কাল সংক্রমণ সাধারণ অ্যান্টিবায়োটিকের প্রতি প্রতিরোধী হতে পারে। আপনার কালচার এবং সেনসিটিভিটি পরীক্ষা করা উচিত। এটি অ্যান্টিবায়োটিক নির্বাচন করতে সাহায্য করবে। আপনার ডাক্তারের সাথে পরামর্শ করুন এবং সেই অনুযায়ী চিকিৎসা নিন। আশা করি আমি আপনার প্রশ্নের উত্তর দিতে পেরেছি, যদি আপনার কোনো সন্দেহ থাকে তবে আমার সাথে bit.ly/ Chat Doctor-এ যোগাযোগ করুন। নাসেনিয়া ডক ব্যবহার করার জন্য ধন্যবাদ। আপনার সুস্বাস্থ্য কামনা করি।"
34598,"হেলো, ডেইরি, আমি আপনার প্রশ্নটি দেখেছি। আমি আপনার উদ্বেগ বুঝতে পারছি। আপনার হার্নিয়া সার্জারির ইতিহাস রয়েছে এবং এখন অস্ত্রোপচার পরবর্তী সংক্রমণ হয়েছে। আপনি স্ট্রেপ্টোকক্কাল সংক্রমণে ভুগছেন। আপনার স্ট্রেপ্টোকক্কাল সংক্রমণ সাধারণ অ্যান্টিবায়োটিকের প্রতি প্রতিরোধী হতে পারে। আপনার কালচার এবং সেনসিটিভিটি পরীক্ষা করা উচিত। এটি অ্যান্টিবায়োটিক নির্বাচন করতে সাহায্য করবে। আপনার ডাক্তারের সাথে পরামর্শ করুন এবং সেই অনুযায়ী চিকিৎসা নিন। আশা করি আমি আপনার প্রশ্নের উত্তর দিতে পেরেছি, যদি আপনার কোনো সন্দেহ থাকে তবে আমার সাথে bit.ly/ Chat Doctor-এ যোগাযোগ করুন। নাসেনিয়া ডক ব্যবহার করার জন্য ধন্যবাদ। আপনার সুস্বাস্থ্য কামনা করি।"
57985,"হেলো, ডেইরি, আমি আপনার প্রশ্নটি দেখেছি। আমি আপনার উদ্বেগ বুঝতে পারছি। আপনার হার্নিয়া সার্জারির ইতিহাস রয়েছে এবং এখন অস্ত্রোপচার পরবর্তী সংক্রমণ হয়েছে। আপনি স্ট্রেপ্টোকক্কাল সংক্রমণে ভুগছেন। আপনার স্ট্রেপ্টোকক্কাল সংক্রমণ সাধারণ অ্যান্টিবায়োটিকের প্রতি প্রতিরোধী হতে পারে। আপনার কালচার এবং সেনসিটিভিটি পরীক্ষা করা উচিত। এটি অ্যান্টিবায়োটিক নির্বাচন করতে সাহায্য করবে। আপনার ডাক্তারের সাথে পরামর্শ করুন এবং সেই অনুযায়ী চিকিৎসা নিন। আশা করি আমি আপনার প্রশ্নের উত্তর দিতে পেরেছি, যদি আপনার কোনো সন্দেহ থাকে তবে আমার সাথে bit.ly/ Chat Doctor-এ যোগাযোগ করুন। নাসেনিয়া ডক ব্যবহার করার জন্য ধন্যবাদ। আপনার সুস্বাস্থ্য কামনা করি।"
50848,"হেলো, ডেইরি, আমি আপনার প্রশ্নটি দেখেছি। আমি আপনার উদ্বেগ বুঝতে পারছি। আপনার হার্নিয়া সার্জারির ইতিহাস রয়েছে এবং এখন অস্ত্রোপচার পরবর্তী সংক্রমণ হয়েছে। আপনি স্ট্রেপ্টোকক্কাল সংক্রমণে ভুগছেন। আপনার স্ট্রেপ্টোকক্কাল সংক্রমণ সাধারণ অ্যান্টিবায়োটিকের প্রতি প্রতিরোধী হতে পারে। আপনার কালচার এবং সেনসিটিভিটি পরীক্ষা করা উচিত। এটি অ্যান্টিবায়োটিক নির্বাচন করতে সাহায্য করবে। আপনার ডাক্তারের সাথে পরামর্শ করুন এবং সেই অনুযায়ী চিকিৎসা নিন। আশা করি আমি আপনার প্রশ্নের উত্তর দিতে পেরেছি, যদি আপনার কোনো সন্দেহ থাকে তবে আমার সাথে bit.ly/ Chat Doctor-এ যোগাযোগ করুন। নাসেনিয়া ডক ব্যবহার করার জন্য ধন্যবাদ। আপনার সুস্বাস্থ্য কামনা করি।"
4274,"হেলো, ডেইরি, আমি আপনার প্রশ্নটি দেখেছি। আমি আপনার উদ্বেগ বুঝতে পারছি। আপনার হার্নিয়া সার্জারির ইতিহাস রয়েছে এবং এখন অস্ত্রোপচার পরবর্তী সংক্রমণ হয়েছে। আপনি স্ট্রেপ্টোকক্কাল সংক্রমণে ভুগছেন। আপনার স্ট্রেপ্টোকক্কাল সংক্রমণ সাধারণ অ্যান্টিবায়োটিকের প্রতি প্রতিরোধী হতে পারে। আপনার কালচার এবং সেনসিটিভিটি পরীক্ষা করা উচিত। এটি অ্যান্টিবায়োটিক নির্বাচন করতে সাহায্য করবে। আপনার ডাক্তারের সাথে পরামর্শ করুন এবং সেই অনুযায়ী চিকিৎসা নিন। আশা করি আমি আপনার প্রশ্নের উত্তর দিতে পেরেছি, যদি আপনার কোনো সন্দেহ থাকে তবে আমার সাথে bit.ly/ Chat Doctor-এ যোগাযোগ করুন। নাসেনিয়া ডক ব্যবহার করার জন্য ধন্যবাদ। আপনার সুস্বাস্থ্য কামনা করি।"
38457,"হেলো, ডেইরি, আমি আপনার প্রশ্নটি দেখেছি। আমি আপনার উদ্বেগ বুঝতে পারছি। আপনার হার্নিয়া সার্জারির ইতিহাস রয়েছে এবং এখন অস্ত্রোপচার পরবর্তী সংক্রমণ হয়েছে। আপনি স্ট্রেপ্টোকক্কাল সংক্রমণে ভুগছেন। আপনার স্ট্রেপ্টোকক্কাল সংক্রমণ সাধারণ অ্যান্টিবায়োটিকের প্রতি প্রতিরোধী হতে পারে। আপনার কালচার এবং সেনসিটিভিটি পরীক্ষা করা উচিত। এটি অ্যান্টিবায়োটিক নির্বাচন করতে সাহায্য করবে। আপনার ডাক্তারের সাথে পরামর্শ করুন এবং সেই অনুযায়ী চিকিৎসা নিন। আশা করি আমি আপনার প্রশ্নের উত্তর দিতে পেরেছি, যদি আপনার কোনো সন্দেহ থাকে তবে আমার সাথে bit.ly/ Chat Doctor-এ যোগাযোগ করুন। নাসেনিয়া ডক ব্যবহার করার জন্য ধন্যবাদ। আপনার সুস্বাস্থ্য কামনা করি।"
53333,"হেলো, ডেইরি, আমি আপনার প্রশ্নটি দেখেছি। আমি আপনার উদ্বেগ বুঝতে পারছি। আপনার হার্নিয়া সার্জারির ইতিহাস রয়েছে এবং এখন অস্ত্রোপচার পরবর্তী সংক্রমণ হয়েছে। আপনি স্ট্রেপ্টোকক্কাল সংক্রমণে ভুগছেন। আপনার স্ট্রেপ্টোকক্কাল সংক্রমণ সাধারণ অ্যান্টিবায়োটিকের প্রতি প্রতিরোধী হতে পারে। আপনার কালচার এবং সেনসিটিভিটি পরীক্ষা করা উচিত। এটি অ্যান্টিবায়োটিক নির্বাচন করতে সাহায্য করবে। আপনার ডাক্তারের সাথে পরামর্শ করুন এবং সেই অনুযায়ী চিকিৎসা নিন। আশা করি আমি আপনার প্রশ্নের উত্তর দিতে পেরেছি, যদি আপনার কোনো সন্দেহ থাকে তবে আমার সাথে bit.ly/ Chat Doctor-এ যোগাযোগ করুন। নাসেনিয়া ডক ব্যবহার করার জন্য ধন্যবাদ। আপনার সুস্বাস্থ্য কামনা করি।"
11541,"হেলো, ডেইরি, আমি আপনার প্রশ্নটি দেখেছি। আমি আপনার উদ্বেগ বুঝতে পারছি। আপনার হার্নিয়া সার্জারির ইতিহাস রয়েছে এবং এখন অস্ত্রোপচার পরবর্তী সংক্রমণ হয়েছে। আপনি স্ট্রেপ্টোকক্কাল সংক্রমণে ভুগছেন। আপনার স্ট্রেপ্টোকক্কাল সংক্রমণ সাধারণ অ্যান্টিবায়োটিকের প্রতি প্রতিরোধী হতে পারে। আপনার কালচার এবং সেনসিটিভিটি পরীক্ষা করা উচিত। এটি অ্যান্টিবায়োটিক নির্বাচন করতে সাহায্য করবে। আপনার ডাক্তারের সাথে পরামর্শ করুন এবং সেই অনুযায়ী চিকিৎসা নিন। আশা করি আমি আপনার প্রশ্নের উত্তর দিতে পেরেছি, যদি আপনার কোনো সন্দেহ থাকে তবে আমার সাথে bit.ly/ Chat Doctor-এ যোগাযোগ করুন। নাসেনিয়া ডক ব্যবহার করার জন্য ধন্যবাদ। আপনার সুস্বাস্থ্য কামনা করি।"
41954,"হেলো, ডেইরি, আমি আপনার প্রশ্নটি দেখেছি। আমি আপনার উদ্বেগ বুঝতে পারছি। আপনার হার্নিয়া সার্জারির ইতিহাস রয়েছে এবং এখন অস্ত্রোপচার পরবর্তী সংক্রমণ হয়েছে। আপনি স্ট্রেপ্টোকক্কাল সংক্রমণে ভুগছেন। আপনার স্ট্রেপ্টোকক্কাল সংক্রমণ সাধারণ অ্যান্টিবায়োটিকের প্রতি প্রতিরোধী হতে পারে। আপনার কালচার এবং সেনসিটিভিটি পরীক্ষা করা উচিত। এটি অ্যান্টিবায়োটিক নির্বাচন করতে সাহায্য করবে। আপনার ডাক্তারের সাথে পরামর্শ করুন এবং সেই অনুযায়ী চিকিৎসা নিন। আশা করি আমি আপনার প্রশ্নের উত্তর দিতে পেরেছি, যদি আপনার কোনো সন্দেহ থাকে তবে আমার সাথে bit.ly/ Chat Doctor-এ যোগাযোগ করুন। নাসেনিয়া ডক ব্যবহার করার জন্য ধন্যবাদ। আপনার সুস্বাস্থ্য কামনা করি।"
24422,"হেলো, ডেইরি, আমি আপনার প্রশ্নটি দেখেছি। আমি আপনার উদ্বেগ বুঝতে পারছি। আপনার হার্নিয়া সার্জারির ইতিহাস রয়েছে এবং এখন অস্ত্রোপচার পরবর্তী সংক্রমণ হয়েছে। আপনি স্ট্রেপ্টোকক্কাল সংক্রমণে ভুগছেন। আপনার স্ট্রেপ্টোকক্কাল সংক্রমণ সাধারণ অ্যান্টিবায়োটিকের প্রতি প্রতিরোধী হতে পারে। আপনার কালচার এবং সেনসিটিভিটি পরীক্ষা করা উচিত। এটি অ্যান্টিবায়োটিক নির্বাচন করতে সাহায্য করবে। আপনার ডাক্তারের সাথে পরামর্শ করুন এবং সেই অনুযায়ী চিকিৎসা নিন। আশা করি আমি আপনার প্রশ্নের উত্তর দিতে পেরেছি, যদি আপনার কোনো সন্দেহ থাকে তবে আমার সাথে bit.ly/ Chat Doctor-এ যোগাযোগ করুন। নাসেনিয়া ডক ব্যবহার করার জন্য ধন্যবাদ। আপনার সুস্বাস্থ্য কামনা করি।"
73000,"হেলো, ডেইরি, আমি আপনার প্রশ্নটি দেখেছি। আমি আপনার উদ্বেগ বুঝতে পারছি। আপনার হার্নিয়া সার্জারির ইতিহাস রয়েছে এবং এখন অস্ত্রোপচার পরবর্তী সংক্রমণ হয়েছে। আপনি স্ট্রেপ্টোকক্কাল সংক্রমণে ভুগছেন। আপনার স্ট্রেপ্টোকক্কাল সংক্রমণ সাধারণ অ্যান্টিবায়োটিকের প্রতি প্রতিরোধী হতে পারে। আপনার কালচার এবং সেনসিটিভিটি পরীক্ষা করা উচিত। এটি অ্যান্টিবায়োটিক নির্বাচন করতে সাহায্য করবে। আপনার ডাক্তারের সাথে পরামর্শ করুন এবং সেই অনুযায়ী চিকিৎসা নিন। আশা করি আমি আপনার প্রশ্নের উত্তর দিতে পেরেছি, যদি আপনার কোনো সন্দেহ থাকে তবে আমার সাথে bit.ly/ Chat Doctor-এ যোগাযোগ করুন। নাসেনিয়া ডক ব্যবহার করার জন্য ধন্যবাদ। আপনার সুস্বাস্থ্য কামনা করি।"
96826,"হেলো, ডেইরি, আমি আপনার প্রশ্নটি দেখেছি। আমি আপনার উদ্বেগ বুঝতে পারছি। আপনার হার্নিয়া সার্জারির ইতিহাস রয়েছে এবং এখন অস্ত্রোপচার পরবর্তী সংক্রমণ হয়েছে। আপনি স্ট্রেপ্টোকক্কাল সংক্রমণে ভুগছেন। আপনার স্ট্রেপ্টোকক্কাল সংক্রমণ সাধারণ অ্যান্টিবায়োটিকের প্রতি প্রতিরোধী হতে পারে। আপনার কালচার এবং সেনসিটিভিটি পরীক্ষা করা উচিত। এটি অ্যান্টিবায়োটিক নির্বাচন করতে সাহায্য করবে। আপনার ডাক্তারের সাথে পরামর্শ করুন এবং সেই অনুযায়ী চিকিৎসা নিন। আশা করি আমি আপনার প্রশ্নের উত্তর দিতে পেরেছি, যদি আপনার কোনো সন্দেহ থাকে তবে আমার সাথে bit.ly/ Chat Doctor-এ যোগাযোগ করুন। নাসেনিয়া ডক ব্যবহার করার জন্য ধন্যবাদ। আপনার সুস্বাস্থ্য কামনা করি।"
36648,"হেলো, ডেইরি, আমি আপনার প্রশ্নটি দেখেছি। আমি আপনার উদ্বেগ বুঝতে পারছি। আপনার হার্নিয়া সার্জারির ইতিহাস রয়েছে এবং এখন অস্ত্রোপচার পরবর্তী সংক্রমণ হয়েছে। আপনি স্ট্রেপ্টোকক্কাল সংক্রমণে ভুগছেন। আপনার স্ট্রেপ্টোকক্কাল সংক্রমণ সাধারণ অ্যান্টিবায়োটিকের প্রতি প্রতিরোধী হতে পারে। আপনার কালচার এবং সেনসিটিভিটি পরীক্ষা করা উচিত। এটি অ্যান্টিবায়োটিক নির্বাচন করতে সাহায্য করবে। আপনার ডাক্তারের সাথে পরামর্শ করুন এবং সেই অনুযায়ী চিকিৎসা নিন। আশা করি আমি আপনার প্রশ্নের উত্তর দিতে পেরেছি, যদি আপনার কোনো সন্দেহ থাকে তবে আমার সাথে bit.ly/ Chat Doctor-এ যোগাযোগ করুন। নাসেনিয়া ডক ব্যবহার করার জন্য ধন্যবাদ। আপনার সুস্বাস্থ্য কামনা করি।"
68044,"হেলো, ডেইরি, আমি আপনার প্রশ্নটি দেখেছি। আমি আপনার উদ্বেগ বুঝতে পারছি। আপনার হার্নিয়া সার্জারির ইতিহাস রয়েছে এবং এখন অস্ত্রোপচার পরবর্তী সংক্রমণ হয়েছে। আপনি স্ট্রেপ্টোকক্কাল সংক্রমণে ভুগছেন। আপনার স্ট্রেপ্টোকক্কাল সংক্রমণ সাধারণ অ্যান্টিবায়োটিকের প্রতি প্রতিরোধী হতে পারে। আপনার কালচার এবং সেনসিটিভিটি পরীক্ষা করা উচিত। এটি অ্যান্টিবায়োটিক নির্বাচন করতে সাহায্য করবে। আপনার ডাক্তারের সাথে পরামর্শ করুন এবং সেই অনুযায়ী চিকিৎসা নিন। আশা করি আমি আপনার প্রশ্নের উত্তর দিতে পেরেছি, যদি আপনার কোনো সন্দেহ থাকে তবে আমার সাথে bit.ly/ Chat Doctor-এ যোগাযোগ করুন। নাসেনিয়া ডক ব্যবহার করার জন্য ধন্যবাদ। আপনার সুস্বাস্থ্য কামনা করি।"
100135,"হেলো, ডেইরি, আমি আপনার প্রশ্নটি দেখেছি। আমি আপনার উদ্বেগ বুঝতে পারছি। আপনার হার্নিয়া সার্জারির ইতিহাস রয়েছে এবং এখন অস্ত্রোপচার পরবর্তী সংক্রমণ হয়েছে। আপনি স্ট্রেপ্টোকক্কাল সংক্রমণে ভুগছেন। আপনার স্ট্রেপ্টোকক্কাল সংক্রমণ সাধারণ অ্যান্টিবায়োটিকের প্রতি প্রতিরোধী হতে পারে। আপনার কালচার এবং সেনসিটিভিটি পরীক্ষা করা উচিত। এটি অ্যান্টিবায়োটিক নির্বাচন করতে সাহায্য করবে। আপনার ডাক্তারের সাথে পরামর্শ করুন এবং সেই অনুযায়ী চিকিৎসা নিন। আশা করি আমি আপনার প্রশ্নের উত্তর দিতে পেরেছি, যদি আপনার কোনো সন্দেহ থাকে তবে আমার সাথে bit.ly/ Chat Doctor-এ যোগাযোগ করুন। নাসেনিয়া ডক ব্যবহার করার জন্য ধন্যবাদ। আপনার সুস্বাস্থ্য কামনা করি।"
35915,"হেলো, ডেইরি, আমি আপনার প্রশ্নটি দেখেছি। আমি আপনার উদ্বেগ বুঝতে পারছি। আপনার হার্নিয়া সার্জারির ইতিহাস রয়েছে এবং এখন অস্ত্রোপচার পরবর্তী সংক্রমণ হয়েছে। আপনি স্ট্রেপ্টোকক্কাল সংক্রমণে ভুগছেন। আপনার স্ট্রেপ্টোকক্কাল সংক্রমণ সাধারণ অ্যান্টিবায়োটিকের প্রতি প্রতিরোধী হতে পারে। আপনার কালচার এবং সেনসিটিভিটি পরীক্ষা করা উচিত। এটি অ্যান্টিবায়োটিক নির্বাচন করতে সাহায্য করবে। আপনার ডাক্তারের সাথে পরামর্শ করুন এবং সেই অনুযায়ী চিকিৎসা নিন। আশা করি আমি আপনার প্রশ্নের উত্তর দিতে পেরেছি, যদি আপনার কোনো সন্দেহ থাকে তবে আমার সাথে bit.ly/ Chat Doctor-এ যোগাযোগ করুন। নাসেনিয়া ডক ব্যবহার করার জন্য ধন্যবাদ। আপনার সুস্বাস্থ্য কামনা করি।"
83722,"হেলো, ডেইরি, আমি আপনার প্রশ্নটি দেখেছি। আমি আপনার উদ্বেগ বুঝতে পারছি। আপনার হার্নিয়া সার্জারির ইতিহাস রয়েছে এবং এখন অস্ত্রোপচার পরবর্তী সংক্রমণ হয়েছে। আপনি স্ট্রেপ্টোকক্কাল সংক্রমণে ভুগছেন। আপনার স্ট্রেপ্টোকক্কাল সংক্রমণ সাধারণ অ্যান্টিবায়োটিকের প্রতি প্রতিরোধী হতে পারে। আপনার কালচার এবং সেনসিটিভিটি পরীক্ষা করা উচিত। এটি অ্যান্টিবায়োটিক নির্বাচন করতে সাহায্য করবে। আপনার ডাক্তারের সাথে পরামর্শ করুন এবং সেই অনুযায়ী চিকিৎসা নিন। আশা করি আমি আপনার প্রশ্নের উত্তর দিতে পেরেছি, যদি আপনার কোনো সন্দেহ থাকে তবে আমার সাথে bit.ly/ Chat Doctor-এ যোগাযোগ করুন। নাসেনিয়া ডক ব্যবহার করার জন্য ধন্যবাদ। আপনার সুস্বাস্থ্য কামনা করি।"
55659,"হেলো, ডেইরি, আমি আপনার প্রশ্নটি দেখেছি। আমি আপনার উদ্বেগ বুঝতে পারছি। আপনার হার্নিয়া সার্জারির ইতিহাস রয়েছে এবং এখন অস্ত্রোপচার পরবর্তী সংক্রমণ হয়েছে। আপনি স্ট্রেপ্টোকক্কাল সংক্রমণে ভুগছেন। আপনার স্ট্রেপ্টোকক্কাল সংক্রমণ সাধারণ অ্যান্টিবায়োটিকের প্রতি প্রতিরোধী হতে পারে। আপনার কালচার এবং সেনসিটিভিটি পরীক্ষা করা উচিত। এটি অ্যান্টিবায়োটিক নির্বাচন করতে সাহায্য করবে। আপনার ডাক্তারের সাথে পরামর্শ করুন এবং সেই অনুযায়ী চিকিৎসা নিন। আশা করি আমি আপনার প্রশ্নের উত্তর দিতে পেরেছি, যদি আপনার কোনো সন্দেহ থাকে তবে আমার সাথে bit.ly/ Chat Doctor-এ যোগাযোগ করুন। নাসেনিয়া ডক ব্যবহার করার জন্য ধন্যবাদ। আপনার সুস্বাস্থ্য কামনা করি।"
47847,"হেলো, ডেইরি, আমি আপনার প্রশ্নটি দেখেছি। আমি আপনার উদ্বেগ বুঝতে পারছি। আপনার হার্নিয়া সার্জারির ইতিহাস রয়েছে এবং এখন অস্ত্রোপচার পরবর্তী সংক্রমণ হয়েছে। আপনি স্ট্রেপ্টোকক্কাল সংক্রমণে ভুগছেন। আপনার স্ট্রেপ্টোকক্কাল সংক্রমণ সাধারণ অ্যান্টিবায়োটিকের প্রতি প্রতিরোধী হতে পারে। আপনার কালচার এবং সেনসিটিভিটি পরীক্ষা করা উচিত। এটি অ্যান্টিবায়োটিক নির্বাচন করতে সাহায্য করবে। আপনার ডাক্তারের সাথে পরামর্শ করুন এবং সেই অনুযায়ী চিকিৎসা নিন। আশা করি আমি আপনার প্রশ্নের উত্তর দিতে পেরেছি, যদি আপনার কোনো সন্দেহ থাকে তবে আমার সাথে bit.ly/ Chat Doctor-এ যোগাযোগ করুন। নাসেনিয়া ডক ব্যবহার করার জন্য ধন্যবাদ। আপনার সুস্বাস্থ্য কামনা করি।"
44595,"হেলো, ডেইরি, আমি আপনার প্রশ্নটি দেখেছি। আমি আপনার উদ্বেগ বুঝতে পারছি। আপনার হার্নিয়া সার্জারির ইতিহাস রয়েছে এবং এখন অস্ত্রোপচার পরবর্তী সংক্রমণ হয়েছে। আপনি স্ট্রেপ্টোকক্কাল সংক্রমণে ভুগছেন। আপনার স্ট্রেপ্টোকক্কাল সংক্রমণ সাধারণ অ্যান্টিবায়োটিকের প্রতি প্রতিরোধী হতে পারে। আপনার কালচার এবং সেনসিটিভিটি পরীক্ষা করা উচিত। এটি অ্যান্টিবায়োটিক নির্বাচন করতে সাহায্য করবে। আপনার ডাক্তারের সাথে পরামর্শ করুন এবং সেই অনুযায়ী চিকিৎসা নিন। আশা করি আমি আপনার প্রশ্নের উত্তর দিতে পেরেছি, যদি আপনার কোনো সন্দেহ থাকে তবে আমার সাথে bit.ly/ Chat Doctor-এ যোগাযোগ করুন। নাসেনিয়া ডক ব্যবহার করার জন্য ধন্যবাদ। আপনার সুস্বাস্থ্য কামনা করি।"
49460,"হেলো, ডেইরি, আমি আপনার প্রশ্নটি দেখেছি। আমি আপনার উদ্বেগ বুঝতে পারছি। আপনার হার্নিয়া সার্জারির ইতিহাস রয়েছে এবং এখন অস্ত্রোপচার পরবর্তী সংক্রমণ হয়েছে। আপনি স্ট্রেপ্টোকক্কাল সংক্রমণে ভুগছেন। আপনার স্ট্রেপ্টোকক্কাল সংক্রমণ সাধারণ অ্যান্টিবায়োটিকের প্রতি প্রতিরোধী হতে পারে। আপনার কালচার এবং সেনসিটিভিটি পরীক্ষা করা উচিত। এটি অ্যান্টিবায়োটিক নির্বাচন করতে সাহায্য করবে। আপনার ডাক্তারের সাথে পরামর্শ করুন এবং সেই অনুযায়ী চিকিৎসা নিন। আশা করি আমি আপনার প্রশ্নের উত্তর দিতে পেরেছি, যদি আপনার কোনো সন্দেহ থাকে তবে আমার সাথে bit.ly/ Chat Doctor-এ যোগাযোগ করুন। নাসেনিয়া ডক ব্যবহার করার জন্য ধন্যবাদ। আপনার সুস্বাস্থ্য কামনা করি।"
67291,"হেলো, ডেইরি, আমি আপনার প্রশ্নটি দেখেছি। আমি আপনার উদ্বেগ বুঝতে পারছি। আপনার হার্নিয়া সার্জারির ইতিহাস রয়েছে এবং এখন অস্ত্রোপচার পরবর্তী সংক্রমণ হয়েছে। আপনি স্ট্রেপ্টোকক্কাল সংক্রমণে ভুগছেন। আপনার স্ট্রেপ্টোকক্কাল সংক্রমণ সাধারণ অ্যান্টিবায়োটিকের প্রতি প্রতিরোধী হতে পারে। আপনার কালচার এবং সেনসিটিভিটি পরীক্ষা করা উচিত। এটি অ্যান্টিবায়োটিক নির্বাচন করতে সাহায্য করবে। আপনার ডাক্তারের সাথে পরামর্শ করুন এবং সেই অনুযায়ী চিকিৎসা নিন। আশা করি আমি আপনার প্রশ্নের উত্তর দিতে পেরেছি, যদি আপনার কোনো সন্দেহ থাকে তবে আমার সাথে bit.ly/ Chat Doctor-এ যোগাযোগ করুন। নাসেনিয়া ডক ব্যবহার করার জন্য ধন্যবাদ। আপনার সুস্বাস্থ্য কামনা করি।"
27142,"হেলো, ডেইরি, আমি আপনার প্রশ্নটি দেখেছি। আমি আপনার উদ্বেগ বুঝতে পারছি। আপনার হার্নিয়া সার্জারির ইতিহাস রয়েছে এবং এখন অস্ত্রোপচার পরবর্তী সংক্রমণ হয়েছে। আপনি স্ট্রেপ্টোকক্কাল সংক্রমণে ভুগছেন। আপনার স্ট্রেপ্টোকক্কাল সংক্রমণ সাধারণ অ্যান্টিবায়োটিকের প্রতি প্রতিরোধী হতে পারে। আপনার কালচার এবং সেনসিটিভিটি পরীক্ষা করা উচিত। এটি অ্যান্টিবায়োটিক নির্বাচন করতে সাহায্য করবে। আপনার ডাক্তারের সাথে পরামর্শ করুন এবং সেই অনুযায়ী চিকিৎসা নিন। আশা করি আমি আপনার প্রশ্নের উত্তর দিতে পেরেছি, যদি আপনার কোনো সন্দেহ থাকে তবে আমার সাথে bit.ly/ Chat Doctor-এ যোগাযোগ করুন। নাসেনিয়া ডক ব্যবহার করার জন্য ধন্যবাদ। আপনার সুস্বাস্থ্য কামনা করি।"
109541,"হেলো, ডেইরি, আমি আপনার প্রশ্নটি দেখেছি। আমি আপনার উদ্বেগ বুঝতে পারছি। আপনার হার্নিয়া সার্জারির ইতিহাস রয়েছে এবং এখন অস্ত্রোপচার পরবর্তী সংক্রমণ হয়েছে। আপনি স্ট্রেপ্টোকক্কাল সংক্রমণে ভুগছেন। আপনার স্ট্রেপ্টোকক্কাল সংক্রমণ সাধারণ অ্যান্টিবায়োটিকের প্রতি প্রতিরোধী হতে পারে। আপনার কালচার এবং সেনসিটিভিটি পরীক্ষা করা উচিত। এটি অ্যান্টিবায়োটিক নির্বাচন করতে সাহায্য করবে। আপনার ডাক্তারের সাথে পরামর্শ করুন এবং সেই অনুযায়ী চিকিৎসা নিন। আশা করি আমি আপনার প্রশ্নের উত্তর দিতে পেরেছি, যদি আপনার কোনো সন্দেহ থাকে তবে আমার সাথে bit.ly/ Chat Doctor-এ যোগাযোগ করুন। নাসেনিয়া ডক ব্যবহার করার জন্য ধন্যবাদ। আপনার সুস্বাস্থ্য কামনা করি।"
78475,"হেলো, ডেইরি, আমি আপনার প্রশ্নটি দেখেছি। আমি আপনার উদ্বেগ বুঝতে পারছি। আপনার হার্নিয়া সার্জারির ইতিহাস রয়েছে এবং এখন অস্ত্রোপচার পরবর্তী সংক্রমণ হয়েছে। আপনি স্ট্রেপ্টোকক্কাল সংক্রমণে ভুগছেন। আপনার স্ট্রেপ্টোকক্কাল সংক্রমণ সাধারণ অ্যান্টিবায়োটিকের প্রতি প্রতিরোধী হতে পারে। আপনার কালচার এবং সেনসিটিভিটি পরীক্ষা করা উচিত। এটি অ্যান্টিবায়োটিক নির্বাচন করতে সাহায্য করবে। আপনার ডাক্তারের সাথে পরামর্শ করুন এবং সেই অনুযায়ী চিকিৎসা নিন। আশা করি আমি আপনার প্রশ্নের উত্তর দিতে পেরেছি, যদি আপনার কোনো সন্দেহ থাকে তবে আমার সাথে bit.ly/ Chat Doctor-এ যোগাযোগ করুন। নাসেনিয়া ডক ব্যবহার করার জন্য ধন্যবাদ। আপনার সুস্বাস্থ্য কামনা করি।"
16235,"হেলো, ডেইরি, আমি আপনার প্রশ্নটি দেখেছি। আমি আপনার উদ্বেগ বুঝতে পারছি। আপনার হার্নিয়া সার্জারির ইতিহাস রয়েছে এবং এখন অস্ত্রোপচার পরবর্তী সংক্রমণ হয়েছে। আপনি স্ট্রেপ্টোকক্কাল সংক্রমণে ভুগছেন। আপনার স্ট্রেপ্টোকক্কাল সংক্রমণ সাধারণ অ্যান্টিবায়োটিকের প্রতি প্রতিরোধী হতে পারে। আপনার কালচার এবং সেনসিটিভিটি পরীক্ষা করা উচিত। এটি অ্যান্টিবায়োটিক নির্বাচন করতে সাহায্য করবে। আপনার ডাক্তারের সাথে পরামর্শ করুন এবং সেই অনুযায়ী চিকিৎসা নিন। আশা করি আমি আপনার প্রশ্নের উত্তর দিতে পেরেছি, যদি আপনার কোনো সন্দেহ থাকে তবে আমার সাথে bit.ly/ Chat Doctor-এ যোগাযোগ করুন। নাসেনিয়া ডক ব্যবহার করার জন্য ধন্যবাদ। আপনার সুস্বাস্থ্য কামনা করি।"
2374,"হেলো, ডেইরি, আমি আপনার প্রশ্নটি দেখেছি। আমি আপনার উদ্বেগ বুঝতে পারছি। আপনার হার্নিয়া সার্জারির ইতিহাস রয়েছে এবং এখন অস্ত্রোপচার পরবর্তী সংক্রমণ হয়েছে। আপনি স্ট্রেপ্টোকক্কাল সংক্রমণে ভুগছেন। আপনার স্ট্রেপ্টোকক্কাল সংক্রমণ সাধারণ অ্যান্টিবায়োটিকের প্রতি প্রতিরোধী হতে পারে। আপনার কালচার এবং সেনসিটিভিটি পরীক্ষা করা উচিত। এটি অ্যান্টিবায়োটিক নির্বাচন করতে সাহায্য করবে। আপনার ডাক্তারের সাথে পরামর্শ করুন এবং সেই অনুযায়ী চিকিৎসা নিন। আশা করি আমি আপনার প্রশ্নের উত্তর দিতে পেরেছি, যদি আপনার কোনো সন্দেহ থাকে তবে আমার সাথে bit.ly/ Chat Doctor-এ যোগাযোগ করুন। নাসেনিয়া ডক ব্যবহার করার জন্য ধন্যবাদ। আপনার সুস্বাস্থ্য কামনা করি।"
34320,"হেলো, ডেইরি, আমি আপনার প্রশ্নটি দেখেছি। আমি আপনার উদ্বেগ বুঝতে পারছি। আপনার হার্নিয়া সার্জারির ইতিহাস রয়েছে এবং এখন অস্ত্রোপচার পরবর্তী সংক্রমণ হয়েছে। আপনি স্ট্রেপ্টোকক্কাল সংক্রমণে ভুগছেন। আপনার স্ট্রেপ্টোকক্কাল সংক্রমণ সাধারণ অ্যান্টিবায়োটিকের প্রতি প্রতিরোধী হতে পারে। আপনার কালচার এবং সেনসিটিভিটি পরীক্ষা করা উচিত। এটি অ্যান্টিবায়োটিক নির্বাচন করতে সাহায্য করবে। আপনার ডাক্তারের সাথে পরামর্শ করুন এবং সেই অনুযায়ী চিকিৎসা নিন। আশা করি আমি আপনার প্রশ্নের উত্তর দিতে পেরেছি, যদি আপনার কোনো সন্দেহ থাকে তবে আমার সাথে bit.ly/ Chat Doctor-এ যোগাযোগ করুন। নাসেনিয়া ডক ব্যবহার করার জন্য ধন্যবাদ। আপনার সুস্বাস্থ্য কামনা করি।"
66013,"হেলো, ডেইরি, আমি আপনার প্রশ্নটি দেখেছি। আমি আপনার উদ্বেগ বুঝতে পারছি। আপনার হার্নিয়া সার্জারির ইতিহাস রয়েছে এবং এখন অস্ত্রোপচার পরবর্তী সংক্রমণ হয়েছে। আপনি স্ট্রেপ্টোকক্কাল সংক্রমণে ভুগছেন। আপনার স্ট্রেপ্টোকক্কাল সংক্রমণ সাধারণ অ্যান্টিবায়োটিকের প্রতি প্রতিরোধী হতে পারে। আপনার কালচার এবং সেনসিটিভিটি পরীক্ষা করা উচিত। এটি অ্যান্টিবায়োটিক নির্বাচন করতে সাহায্য করবে। আপনার ডাক্তারের সাথে পরামর্শ করুন এবং সেই অনুযায়ী চিকিৎসা নিন। আশা করি আমি আপনার প্রশ্নের উত্তর দিতে পেরেছি, যদি আপনার কোনো সন্দেহ থাকে তবে আমার সাথে bit.ly/ Chat Doctor-এ যোগাযোগ করুন। নাসেনিয়া ডক ব্যবহার করার জন্য ধন্যবাদ। আপনার সুস্বাস্থ্য কামনা করি।"
17081,"হেলো, ডেইরি, আমি আপনার প্রশ্নটি দেখেছি। আমি আপনার উদ্বেগ বুঝতে পারছি। আপনার হার্নিয়া সার্জারির ইতিহাস রয়েছে এবং এখন অস্ত্রোপচার পরবর্তী সংক্রমণ হয়েছে। আপনি স্ট্রেপ্টোকক্কাল সংক্রমণে ভুগছেন। আপনার স্ট্রেপ্টোকক্কাল সংক্রমণ সাধারণ অ্যান্টিবায়োটিকের প্রতি প্রতিরোধী হতে পারে। আপনার কালচার এবং সেনসিটিভিটি পরীক্ষা করা উচিত। এটি অ্যান্টিবায়োটিক নির্বাচন করতে সাহায্য করবে। আপনার ডাক্তারের সাথে পরামর্শ করুন এবং সেই অনুযায়ী চিকিৎসা নিন। আশা করি আমি আপনার প্রশ্নের উত্তর দিতে পেরেছি, যদি আপনার কোনো সন্দেহ থাকে তবে আমার সাথে bit.ly/ Chat Doctor-এ যোগাযোগ করুন। নাসেনিয়া ডক ব্যবহার করার জন্য ধন্যবাদ। আপনার সুস্বাস্থ্য কামনা করি।"
33774,"হেলো, ডেইরি, আমি আপনার প্রশ্নটি দেখেছি। আমি আপনার উদ্বেগ বুঝতে পারছি। আপনার হার্নিয়া সার্জারির ইতিহাস রয়েছে এবং এখন অস্ত্রোপচার পরবর্তী সংক্রমণ হয়েছে। আপনি স্ট্রেপ্টোকক্কাল সংক্রমণে ভুগছেন। আপনার স্ট্রেপ্টোকক্কাল সংক্রমণ সাধারণ অ্যান্টিবায়োটিকের প্রতি প্রতিরোধী হতে পারে। আপনার কালচার এবং সেনসিটিভিটি পরীক্ষা করা উচিত। এটি অ্যান্টিবায়োটিক নির্বাচন করতে সাহায্য করবে। আপনার ডাক্তারের সাথে পরামর্শ করুন এবং সেই অনুযায়ী চিকিৎসা নিন। আশা করি আমি আপনার প্রশ্নের উত্তর দিতে পেরেছি, যদি আপনার কোনো সন্দেহ থাকে তবে আমার সাথে bit.ly/ Chat Doctor-এ যোগাযোগ করুন। নাসেনিয়া ডক ব্যবহার করার জন্য ধন্যবাদ। আপনার সুস্বাস্থ্য কামনা করি।"
32360,"হেলো, ডেইরি, আমি আপনার প্রশ্নটি দেখেছি। আমি আপনার উদ্বেগ বুঝতে পারছি। আপনার হার্নিয়া সার্জারির ইতিহাস রয়েছে এবং এখন অস্ত্রোপচার পরবর্তী সংক্রমণ হয়েছে। আপনি স্ট্রেপ্টোকক্কাল সংক্রমণে ভুগছেন। আপনার স্ট্রেপ্টোকক্কাল সংক্রমণ সাধারণ অ্যান্টিবায়োটিকের প্রতি প্রতিরোধী হতে পারে। আপনার কালচার এবং সেনসিটিভিটি পরীক্ষা করা উচিত। এটি অ্যান্টিবায়োটিক নির্বাচন করতে সাহায্য করবে। আপনার ডাক্তারের সাথে পরামর্শ করুন এবং সেই অনুযায়ী চিকিৎসা নিন। আশা করি আমি আপনার প্রশ্নের উত্তর দিতে পেরেছি, যদি আপনার কোনো সন্দেহ থাকে তবে আমার সাথে bit.ly/ Chat Doctor-এ যোগাযোগ করুন। নাসেনিয়া ডক ব্যবহার করার জন্য ধন্যবাদ। আপনার সুস্বাস্থ্য কামনা করি।"
8351,"হেলো, ডেইরি, আমি আপনার প্রশ্নটি দেখেছি। আমি আপনার উদ্বেগ বুঝতে পারছি। আপনার হার্নিয়া সার্জারির ইতিহাস রয়েছে এবং এখন অস্ত্রোপচার পরবর্তী সংক্রমণ হয়েছে। আপনি স্ট্রেপ্টোকক্কাল সংক্রমণে ভুগছেন। আপনার স্ট্রেপ্টোকক্কাল সংক্রমণ সাধারণ অ্যান্টিবায়োটিকের প্রতি প্রতিরোধী হতে পারে। আপনার কালচার এবং সেনসিটিভিটি পরীক্ষা করা উচিত। এটি অ্যান্টিবায়োটিক নির্বাচন করতে সাহায্য করবে। আপনার ডাক্তারের সাথে পরামর্শ করুন এবং সেই অনুযায়ী চিকিৎসা নিন। আশা করি আমি আপনার প্রশ্নের উত্তর দিতে পেরেছি, যদি আপনার কোনো সন্দেহ থাকে তবে আমার সাথে bit.ly/ Chat Doctor-এ যোগাযোগ করুন। নাসেনিয়া ডক ব্যবহার করার জন্য ধন্যবাদ। আপনার সুস্বাস্থ্য কামনা করি।"
75059,"হেলো, ডেইরি, আমি আপনার প্রশ্নটি দেখেছি। আমি আপনার উদ্বেগ বুঝতে পারছি। আপনার হার্নিয়া সার্জারির ইতিহাস রয়েছে এবং এখন অস্ত্রোপচার পরবর্তী সংক্রমণ হয়েছে। আপনি স্ট্রেপ্টোকক্কাল সংক্রমণে ভুগছেন। আপনার স্ট্রেপ্টোকক্কাল সংক্রমণ সাধারণ অ্যান্টিবায়োটিকের প্রতি প্রতিরোধী হতে পারে। আপনার কালচার এবং সেনসিটিভিটি পরীক্ষা করা উচিত। এটি অ্যান্টিবায়োটিক নির্বাচন করতে সাহায্য করবে। আপনার ডাক্তারের সাথে পরামর্শ করুন এবং সেই অনুযায়ী চিকিৎসা নিন। আশা করি আমি আপনার প্রশ্নের উত্তর দিতে পেরেছি, যদি আপনার কোনো সন্দেহ থাকে তবে আমার সাথে bit.ly/ Chat Doctor-এ যোগাযোগ করুন। নাসেনিয়া ডক ব্যবহার করার জন্য ধন্যবাদ। আপনার সুস্বাস্থ্য কামনা করি।"
42601,"হেলো, ডেইরি, আমি আপনার প্রশ্নটি দেখেছি। আমি আপনার উদ্বেগ বুঝতে পারছি। আপনার হার্নিয়া সার্জারির ইতিহাস রয়েছে এবং এখন অস্ত্রোপচার পরবর্তী সংক্রমণ হয়েছে। আপনি স্ট্রেপ্টোকক্কাল সংক্রমণে ভুগছেন। আপনার স্ট্রেপ্টোকক্কাল সংক্রমণ সাধারণ অ্যান্টিবায়োটিকের প্রতি প্রতিরোধী হতে পারে। আপনার কালচার এবং সেনসিটিভিটি পরীক্ষা করা উচিত। এটি অ্যান্টিবায়োটিক নির্বাচন করতে সাহায্য করবে। আপনার ডাক্তারের সাথে পরামর্শ করুন এবং সেই অনুযায়ী চিকিৎসা নিন। আশা করি আমি আপনার প্রশ্নের উত্তর দিতে পেরেছি, যদি আপনার কোনো সন্দেহ থাকে তবে আমার সাথে bit.ly/ Chat Doctor-এ যোগাযোগ করুন। নাসেনিয়া ডক ব্যবহার করার জন্য ধন্যবাদ। আপনার সুস্বাস্থ্য কামনা করি।"
80086,"হেলো, ডেইরি, আমি আপনার প্রশ্নটি দেখেছি। আমি আপনার উদ্বেগ বুঝতে পারছি। আপনার হার্নিয়া সার্জারির ইতিহাস রয়েছে এবং এখন অস্ত্রোপচার পরবর্তী সংক্রমণ হয়েছে। আপনি স্ট্রেপ্টোকক্কাল সংক্রমণে ভুগছেন। আপনার স্ট্রেপ্টোকক্কাল সংক্রমণ সাধারণ অ্যান্টিবায়োটিকের প্রতি প্রতিরোধী হতে পারে। আপনার কালচার এবং সেনসিটিভিটি পরীক্ষা করা উচিত। এটি অ্যান্টিবায়োটিক নির্বাচন করতে সাহায্য করবে। আপনার ডাক্তারের সাথে পরামর্শ করুন এবং সেই অনুযায়ী চিকিৎসা নিন। আশা করি আমি আপনার প্রশ্নের উত্তর দিতে পেরেছি, যদি আপনার কোনো সন্দেহ থাকে তবে আমার সাথে bit.ly/ Chat Doctor-এ যোগাযোগ করুন। নাসেনিয়া ডক ব্যবহার করার জন্য ধন্যবাদ। আপনার সুস্বাস্থ্য কামনা করি।"
108693,"হেলো, ডেইরি, আমি আপনার প্রশ্নটি দেখেছি। আমি আপনার উদ্বেগ বুঝতে পারছি। আপনার হার্নিয়া সার্জারির ইতিহাস রয়েছে এবং এখন অস্ত্রোপচার পরবর্তী সংক্রমণ হয়েছে। আপনি স্ট্রেপ্টোকক্কাল সংক্রমণে ভুগছেন। আপনার স্ট্রেপ্টোকক্কাল সংক্রমণ সাধারণ অ্যান্টিবায়োটিকের প্রতি প্রতিরোধী হতে পারে। আপনার কালচার এবং সেনসিটিভিটি পরীক্ষা করা উচিত। এটি অ্যান্টিবায়োটিক নির্বাচন করতে সাহায্য করবে। আপনার ডাক্তারের সাথে পরামর্শ করুন এবং সেই অনুযায়ী চিকিৎসা নিন। আশা করি আমি আপনার প্রশ্নের উত্তর দিতে পেরেছি, যদি আপনার কোনো সন্দেহ থাকে তবে আমার সাথে bit.ly/ Chat Doctor-এ যোগাযোগ করুন। নাসেনিয়া ডক ব্যবহার করার জন্য ধন্যবাদ। আপনার সুস্বাস্থ্য কামনা করি।"
110670,"হেলো, ডেইরি, আমি আপনার প্রশ্নটি দেখেছি। আমি আপনার উদ্বেগ বুঝতে পারছি। আপনার হার্নিয়া সার্জারির ইতিহাস রয়েছে এবং এখন অস্ত্রোপচার পরবর্তী সংক্রমণ হয়েছে। আপনি স্ট্রেপ্টোকক্কাল সংক্রমণে ভুগছেন। আপনার স্ট্রেপ্টোকক্কাল সংক্রমণ সাধারণ অ্যান্টিবায়োটিকের প্রতি প্রতিরোধী হতে পারে। আপনার কালচার এবং সেনসিটিভিটি পরীক্ষা করা উচিত। এটি অ্যান্টিবায়োটিক নির্বাচন করতে সাহায্য করবে। আপনার ডাক্তারের সাথে পরামর্শ করুন এবং সেই অনুযায়ী চিকিৎসা নিন। আশা করি আমি আপনার প্রশ্নের উত্তর দিতে পেরেছি, যদি আপনার কোনো সন্দেহ থাকে তবে আমার সাথে bit.ly/ Chat Doctor-এ যোগাযোগ করুন। নাসেনিয়া ডক ব্যবহার করার জন্য ধন্যবাদ। আপনার সুস্বাস্থ্য কামনা করি।"
22730,"হেলো, ডেইরি, আমি আপনার প্রশ্নটি দেখেছি। আমি আপনার উদ্বেগ বুঝতে পারছি। আপনার হার্নিয়া সার্জারির ইতিহাস রয়েছে এবং এখন অস্ত্রোপচার পরবর্তী সংক্রমণ হয়েছে। আপনি স্ট্রেপ্টোকক্কাল সংক্রমণে ভুগছেন। আপনার স্ট্রেপ্টোকক্কাল সংক্রমণ সাধারণ অ্যান্টিবায়োটিকের প্রতি প্রতিরোধী হতে পারে। আপনার কালচার এবং সেনসিটিভিটি পরীক্ষা করা উচিত। এটি অ্যান্টিবায়োটিক নির্বাচন করতে সাহায্য করবে। আপনার ডাক্তারের সাথে পরামর্শ করুন এবং সেই অনুযায়ী চিকিৎসা নিন। আশা করি আমি আপনার প্রশ্নের উত্তর দিতে পেরেছি, যদি আপনার কোনো সন্দেহ থাকে তবে আমার সাথে bit.ly/ Chat Doctor-এ যোগাযোগ করুন। নাসেনিয়া ডক ব্যবহার করার জন্য ধন্যবাদ। আপনার সুস্বাস্থ্য কামনা করি।"
21185,"হেলো, ডেইরি, আমি আপনার প্রশ্নটি দেখেছি। আমি আপনার উদ্বেগ বুঝতে পারছি। আপনার হার্নিয়া সার্জারির ইতিহাস রয়েছে এবং এখন অস্ত্রোপচার পরবর্তী সংক্রমণ হয়েছে। আপনি স্ট্রেপ্টোকক্কাল সংক্রমণে ভুগছেন। আপনার স্ট্রেপ্টোকক্কাল সংক্রমণ সাধারণ অ্যান্টিবায়োটিকের প্রতি প্রতিরোধী হতে পারে। আপনার কালচার এবং সেনসিটিভিটি পরীক্ষা করা উচিত। এটি অ্যান্টিবায়োটিক নির্বাচন করতে সাহায্য করবে। আপনার ডাক্তারের সাথে পরামর্শ করুন এবং সেই অনুযায়ী চিকিৎসা নিন। আশা করি আমি আপনার প্রশ্নের উত্তর দিতে পেরেছি, যদি আপনার কোনো সন্দেহ থাকে তবে আমার সাথে bit.ly/ Chat Doctor-এ যোগাযোগ করুন। নাসেনিয়া ডক ব্যবহার করার জন্য ধন্যবাদ। আপনার সুস্বাস্থ্য কামনা করি।"
21950,"হেলো, ডেইরি, আমি আপনার প্রশ্নটি দেখেছি। আমি আপনার উদ্বেগ বুঝতে পারছি। আপনার হার্নিয়া সার্জারির ইতিহাস রয়েছে এবং এখন অস্ত্রোপচার পরবর্তী সংক্রমণ হয়েছে। আপনি স্ট্রেপ্টোকক্কাল সংক্রমণে ভুগছেন। আপনার স্ট্রেপ্টোকক্কাল সংক্রমণ সাধারণ অ্যান্টিবায়োটিকের প্রতি প্রতিরোধী হতে পারে। আপনার কালচার এবং সেনসিটিভিটি পরীক্ষা করা উচিত। এটি অ্যান্টিবায়োটিক নির্বাচন করতে সাহায্য করবে। আপনার ডাক্তারের সাথে পরামর্শ করুন এবং সেই অনুযায়ী চিকিৎসা নিন। আশা করি আমি আপনার প্রশ্নের উত্তর দিতে পেরেছি, যদি আপনার কোনো সন্দেহ থাকে তবে আমার সাথে bit.ly/ Chat Doctor-এ যোগাযোগ করুন। নাসেনিয়া ডক ব্যবহার করার জন্য ধন্যবাদ। আপনার সুস্বাস্থ্য কামনা করি।"
37468,"হেলো, ডেইরি, আমি আপনার প্রশ্নটি দেখেছি। আমি আপনার উদ্বেগ বুঝতে পারছি। আপনার হার্নিয়া সার্জারির ইতিহাস রয়েছে এবং এখন অস্ত্রোপচার পরবর্তী সংক্রমণ হয়েছে। আপনি স্ট্রেপ্টোকক্কাল সংক্রমণে ভুগছেন। আপনার স্ট্রেপ্টোকক্কাল সংক্রমণ সাধারণ অ্যান্টিবায়োটিকের প্রতি প্রতিরোধী হতে পারে। আপনার কালচার এবং সেনসিটিভিটি পরীক্ষা করা উচিত। এটি অ্যান্টিবায়োটিক নির্বাচন করতে সাহায্য করবে। আপনার ডাক্তারের সাথে পরামর্শ করুন এবং সেই অনুযায়ী চিকিৎসা নিন। আশা করি আমি আপনার প্রশ্নের উত্তর দিতে পেরেছি, যদি আপনার কোনো সন্দেহ থাকে তবে আমার সাথে bit.ly/ Chat Doctor-এ যোগাযোগ করুন। নাসেনিয়া ডক ব্যবহার করার জন্য ধন্যবাদ। আপনার সুস্বাস্থ্য কামনা করি।"
72114,"হেলো, ডেইরি, আমি আপনার প্রশ্নটি দেখেছি। আমি আপনার উদ্বেগ বুঝতে পারছি। আপনার হার্নিয়া সার্জারির ইতিহাস রয়েছে এবং এখন অস্ত্রোপচার পরবর্তী সংক্রমণ হয়েছে। আপনি স্ট্রেপ্টোকক্কাল সংক্রমণে ভুগছেন। আপনার স্ট্রেপ্টোকক্কাল সংক্রমণ সাধারণ অ্যান্টিবায়োটিকের প্রতি প্রতিরোধী হতে পারে। আপনার কালচার এবং সেনসিটিভিটি পরীক্ষা করা উচিত। এটি অ্যান্টিবায়োটিক নির্বাচন করতে সাহায্য করবে। আপনার ডাক্তারের সাথে পরামর্শ করুন এবং সেই অনুযায়ী চিকিৎসা নিন। আশা করি আমি আপনার প্রশ্নের উত্তর দিতে পেরেছি, যদি আপনার কোনো সন্দেহ থাকে তবে আমার সাথে bit.ly/ Chat Doctor-এ যোগাযোগ করুন। নাসেনিয়া ডক ব্যবহার করার জন্য ধন্যবাদ। আপনার সুস্বাস্থ্য কামনা করি।"
25705,"হেলো, ডেইরি, আমি আপনার প্রশ্নটি দেখেছি। আমি আপনার উদ্বেগ বুঝতে পারছি। আপনার হার্নিয়া সার্জারির ইতিহাস রয়েছে এবং এখন অস্ত্রোপচার পরবর্তী সংক্রমণ হয়েছে। আপনি স্ট্রেপ্টোকক্কাল সংক্রমণে ভুগছেন। আপনার স্ট্রেপ্টোকক্কাল সংক্রমণ সাধারণ অ্যান্টিবায়োটিকের প্রতি প্রতিরোধী হতে পারে। আপনার কালচার এবং সেনসিটিভিটি পরীক্ষা করা উচিত। এটি অ্যান্টিবায়োটিক নির্বাচন করতে সাহায্য করবে। আপনার ডাক্তারের সাথে পরামর্শ করুন এবং সেই অনুযায়ী চিকিৎসা নিন। আশা করি আমি আপনার প্রশ্নের উত্তর দিতে পেরেছি, যদি আপনার কোনো সন্দেহ থাকে তবে আমার সাথে bit.ly/ Chat Doctor-এ যোগাযোগ করুন। নাসেনিয়া ডক ব্যবহার করার জন্য ধন্যবাদ। আপনার সুস্বাস্থ্য কামনা করি।"
38431,"হেলো, ডেইরি, আমি আপনার প্রশ্নটি দেখেছি। আমি আপনার উদ্বেগ বুঝতে পারছি। আপনার হার্নিয়া সার্জারির ইতিহাস রয়েছে এবং এখন অস্ত্রোপচার পরবর্তী সংক্রমণ হয়েছে। আপনি স্ট্রেপ্টোকক্কাল সংক্রমণে ভুগছেন। আপনার স্ট্রেপ্টোকক্কাল সংক্রমণ সাধারণ অ্যান্টিবায়োটিকের প্রতি প্রতিরোধী হতে পারে। আপনার কালচার এবং সেনসিটিভিটি পরীক্ষা করা উচিত। এটি অ্যান্টিবায়োটিক নির্বাচন করতে সাহায্য করবে। আপনার ডাক্তারের সাথে পরামর্শ করুন এবং সেই অনুযায়ী চিকিৎসা নিন। আশা করি আমি আপনার প্রশ্নের উত্তর দিতে পেরেছি, যদি আপনার কোনো সন্দেহ থাকে তবে আমার সাথে bit.ly/ Chat Doctor-এ যোগাযোগ করুন। নাসেনিয়া ডক ব্যবহার করার জন্য ধন্যবাদ। আপনার সুস্বাস্থ্য কামনা করি।"
94802,"হেলো, ডেইরি, আমি আপনার প্রশ্নটি দেখেছি। আমি আপনার উদ্বেগ বুঝতে পারছি। আপনার হার্নিয়া সার্জারির ইতিহাস রয়েছে এবং এখন অস্ত্রোপচার পরবর্তী সংক্রমণ হয়েছে। আপনি স্ট্রেপ্টোকক্কাল সংক্রমণে ভুগছেন। আপনার স্ট্রেপ্টোকক্কাল সংক্রমণ সাধারণ অ্যান্টিবায়োটিকের প্রতি প্রতিরোধী হতে পারে। আপনার কালচার এবং সেনসিটিভিটি পরীক্ষা করা উচিত। এটি অ্যান্টিবায়োটিক নির্বাচন করতে সাহায্য করবে। আপনার ডাক্তারের সাথে পরামর্শ করুন এবং সেই অনুযায়ী চিকিৎসা নিন। আশা করি আমি আপনার প্রশ্নের উত্তর দিতে পেরেছি, যদি আপনার কোনো সন্দেহ থাকে তবে আমার সাথে bit.ly/ Chat Doctor-এ যোগাযোগ করুন। নাসেনিয়া ডক ব্যবহার করার জন্য ধন্যবাদ। আপনার সুস্বাস্থ্য কামনা করি।"
42306,"হেলো, ডেইরি, আমি আপনার প্রশ্নটি দেখেছি। আমি আপনার উদ্বেগ বুঝতে পারছি। আপনার হার্নিয়া সার্জারির ইতিহাস রয়েছে এবং এখন অস্ত্রোপচার পরবর্তী সংক্রমণ হয়েছে। আপনি স্ট্রেপ্টোকক্কাল সংক্রমণে ভুগছেন। আপনার স্ট্রেপ্টোকক্কাল সংক্রমণ সাধারণ অ্যান্টিবায়োটিকের প্রতি প্রতিরোধী হতে পারে। আপনার কালচার এবং সেনসিটিভিটি পরীক্ষা করা উচিত। এটি অ্যান্টিবায়োটিক নির্বাচন করতে সাহায্য করবে। আপনার ডাক্তারের সাথে পরামর্শ করুন এবং সেই অনুযায়ী চিকিৎসা নিন। আশা করি আমি আপনার প্রশ্নের উত্তর দিতে পেরেছি, যদি আপনার কোনো সন্দেহ থাকে তবে আমার সাথে bit.ly/ Chat Doctor-এ যোগাযোগ করুন। নাসেনিয়া ডক ব্যবহার করার জন্য ধন্যবাদ। আপনার সুস্বাস্থ্য কামনা করি।"
100459,"হেলো, ডেইরি, আমি আপনার প্রশ্নটি দেখেছি। আমি আপনার উদ্বেগ বুঝতে পারছি। আপনার হার্নিয়া সার্জারির ইতিহাস রয়েছে এবং এখন অস্ত্রোপচার পরবর্তী সংক্রমণ হয়েছে। আপনি স্ট্রেপ্টোকক্কাল সংক্রমণে ভুগছেন। আপনার স্ট্রেপ্টোকক্কাল সংক্রমণ সাধারণ অ্যান্টিবায়োটিকের প্রতি প্রতিরোধী হতে পারে। আপনার কালচার এবং সেনসিটিভিটি পরীক্ষা করা উচিত। এটি অ্যান্টিবায়োটিক নির্বাচন করতে সাহায্য করবে। আপনার ডাক্তারের সাথে পরামর্শ করুন এবং সেই অনুযায়ী চিকিৎসা নিন। আশা করি আমি আপনার প্রশ্নের উত্তর দিতে পেরেছি, যদি আপনার কোনো সন্দেহ থাকে তবে আমার সাথে bit.ly/ Chat Doctor-এ যোগাযোগ করুন। নাসেনিয়া ডক ব্যবহার করার জন্য ধন্যবাদ। আপনার সুস্বাস্থ্য কামনা করি।"
8720,"হেলো, ডেইরি, আমি আপনার প্রশ্নটি দেখেছি। আমি আপনার উদ্বেগ বুঝতে পারছি। আপনার হার্নিয়া সার্জারির ইতিহাস রয়েছে এবং এখন অস্ত্রোপচার পরবর্তী সংক্রমণ হয়েছে। আপনি স্ট্রেপ্টোকক্কাল সংক্রমণে ভুগছেন। আপনার স্ট্রেপ্টোকক্কাল সংক্রমণ সাধারণ অ্যান্টিবায়োটিকের প্রতি প্রতিরোধী হতে পারে। আপনার কালচার এবং সেনসিটিভিটি পরীক্ষা করা উচিত। এটি অ্যান্টিবায়োটিক নির্বাচন করতে সাহায্য করবে। আপনার ডাক্তারের সাথে পরামর্শ করুন এবং সেই অনুযায়ী চিকিৎসা নিন। আশা করি আমি আপনার প্রশ্নের উত্তর দিতে পেরেছি, যদি আপনার কোনো সন্দেহ থাকে তবে আমার সাথে bit.ly/ Chat Doctor-এ যোগাযোগ করুন। নাসেনিয়া ডক ব্যবহার করার জন্য ধন্যবাদ। আপনার সুস্বাস্থ্য কামনা করি।"
16268,"হেলো, ডেইরি, আমি আপনার প্রশ্নটি দেখেছি। আমি আপনার উদ্বেগ বুঝতে পারছি। আপনার হার্নিয়া সার্জারির ইতিহাস রয়েছে এবং এখন অস্ত্রোপচার পরবর্তী সংক্রমণ হয়েছে। আপনি স্ট্রেপ্টোকক্কাল সংক্রমণে ভুগছেন। আপনার স্ট্রেপ্টোকক্কাল সংক্রমণ সাধারণ অ্যান্টিবায়োটিকের প্রতি প্রতিরোধী হতে পারে। আপনার কালচার এবং সেনসিটিভিটি পরীক্ষা করা উচিত। এটি অ্যান্টিবায়োটিক নির্বাচন করতে সাহায্য করবে। আপনার ডাক্তারের সাথে পরামর্শ করুন এবং সেই অনুযায়ী চিকিৎসা নিন। আশা করি আমি আপনার প্রশ্নের উত্তর দিতে পেরেছি, যদি আপনার কোনো সন্দেহ থাকে তবে আমার সাথে bit.ly/ Chat Doctor-এ যোগাযোগ করুন। নাসেনিয়া ডক ব্যবহার করার জন্য ধন্যবাদ। আপনার সুস্বাস্থ্য কামনা করি।"
59865,"হেলো, ডেইরি, আমি আপনার প্রশ্নটি দেখেছি। আমি আপনার উদ্বেগ বুঝতে পারছি। আপনার হার্নিয়া সার্জারির ইতিহাস রয়েছে এবং এখন অস্ত্রোপচার পরবর্তী সংক্রমণ হয়েছে। আপনি স্ট্রেপ্টোকক্কাল সংক্রমণে ভুগছেন। আপনার স্ট্রেপ্টোকক্কাল সংক্রমণ সাধারণ অ্যান্টিবায়োটিকের প্রতি প্রতিরোধী হতে পারে। আপনার কালচার এবং সেনসিটিভিটি পরীক্ষা করা উচিত। এটি অ্যান্টিবায়োটিক নির্বাচন করতে সাহায্য করবে। আপনার ডাক্তারের সাথে পরামর্শ করুন এবং সেই অনুযায়ী চিকিৎসা নিন। আশা করি আমি আপনার প্রশ্নের উত্তর দিতে পেরেছি, যদি আপনার কোনো সন্দেহ থাকে তবে আমার সাথে bit.ly/ Chat Doctor-এ যোগাযোগ করুন। নাসেনিয়া ডক ব্যবহার করার জন্য ধন্যবাদ। আপনার সুস্বাস্থ্য কামনা করি।"
50436,"হেলো, ডেইরি, আমি আপনার প্রশ্নটি দেখেছি। আমি আপনার উদ্বেগ বুঝতে পারছি। আপনার হার্নিয়া সার্জারির ইতিহাস রয়েছে এবং এখন অস্ত্রোপচার পরবর্তী সংক্রমণ হয়েছে। আপনি স্ট্রেপ্টোকক্কাল সংক্রমণে ভুগছেন। আপনার স্ট্রেপ্টোকক্কাল সংক্রমণ সাধারণ অ্যান্টিবায়োটিকের প্রতি প্রতিরোধী হতে পারে। আপনার কালচার এবং সেনসিটিভিটি পরীক্ষা করা উচিত। এটি অ্যান্টিবায়োটিক নির্বাচন করতে সাহায্য করবে। আপনার ডাক্তারের সাথে পরামর্শ করুন এবং সেই অনুযায়ী চিকিৎসা নিন। আশা করি আমি আপনার প্রশ্নের উত্তর দিতে পেরেছি, যদি আপনার কোনো সন্দেহ থাকে তবে আমার সাথে bit.ly/ Chat Doctor-এ যোগাযোগ করুন। নাসেনিয়া ডক ব্যবহার করার জন্য ধন্যবাদ। আপনার সুস্বাস্থ্য কামনা করি।"
10770,"হেলো, ডেইরি, আমি আপনার প্রশ্নটি দেখেছি। আমি আপনার উদ্বেগ বুঝতে পারছি। আপনার হার্নিয়া সার্জারির ইতিহাস রয়েছে এবং এখন অস্ত্রোপচার পরবর্তী সংক্রমণ হয়েছে। আপনি স্ট্রেপ্টোকক্কাল সংক্রমণে ভুগছেন। আপনার স্ট্রেপ্টোকক্কাল সংক্রমণ সাধারণ অ্যান্টিবায়োটিকের প্রতি প্রতিরোধী হতে পারে। আপনার কালচার এবং সেনসিটিভিটি পরীক্ষা করা উচিত। এটি অ্যান্টিবায়োটিক নির্বাচন করতে সাহায্য করবে। আপনার ডাক্তারের সাথে পরামর্শ করুন এবং সেই অনুযায়ী চিকিৎসা নিন। আশা করি আমি আপনার প্রশ্নের উত্তর দিতে পেরেছি, যদি আপনার কোনো সন্দেহ থাকে তবে আমার সাথে bit.ly/ Chat Doctor-এ যোগাযোগ করুন। নাসেনিয়া ডক ব্যবহার করার জন্য ধন্যবাদ। আপনার সুস্বাস্থ্য কামনা করি।"
18617,"হেলো, ডেইরি, আমি আপনার প্রশ্নটি দেখেছি। আমি আপনার উদ্বেগ বুঝতে পারছি। আপনার হার্নিয়া সার্জারির ইতিহাস রয়েছে এবং এখন অস্ত্রোপচার পরবর্তী সংক্রমণ হয়েছে। আপনি স্ট্রেপ্টোকক্কাল সংক্রমণে ভুগছেন। আপনার স্ট্রেপ্টোকক্কাল সংক্রমণ সাধারণ অ্যান্টিবায়োটিকের প্রতি প্রতিরোধী হতে পারে। আপনার কালচার এবং সেনসিটিভিটি পরীক্ষা করা উচিত। এটি অ্যান্টিবায়োটিক নির্বাচন করতে সাহায্য করবে। আপনার ডাক্তারের সাথে পরামর্শ করুন এবং সেই অনুযায়ী চিকিৎসা নিন। আশা করি আমি আপনার প্রশ্নের উত্তর দিতে পেরেছি, যদি আপনার কোনো সন্দেহ থাকে তবে আমার সাথে bit.ly/ Chat Doctor-এ যোগাযোগ করুন। নাসেনিয়া ডক ব্যবহার করার জন্য ধন্যবাদ। আপনার সুস্বাস্থ্য কামনা করি।"
97928,"হেলো, ডেইরি, আমি আপনার প্রশ্নটি দেখেছি। আমি আপনার উদ্বেগ বুঝতে পারছি। আপনার হার্নিয়া সার্জারির ইতিহাস রয়েছে এবং এখন অস্ত্রোপচার পরবর্তী সংক্রমণ হয়েছে। আপনি স্ট্রেপ্টোকক্কাল সংক্রমণে ভুগছেন। আপনার স্ট্রেপ্টোকক্কাল সংক্রমণ সাধারণ অ্যান্টিবায়োটিকের প্রতি প্রতিরোধী হতে পারে। আপনার কালচার এবং সেনসিটিভিটি পরীক্ষা করা উচিত। এটি অ্যান্টিবায়োটিক নির্বাচন করতে সাহায্য করবে। আপনার ডাক্তারের সাথে পরামর্শ করুন এবং সেই অনুযায়ী চিকিৎসা নিন। আশা করি আমি আপনার প্রশ্নের উত্তর দিতে পেরেছি, যদি আপনার কোনো সন্দেহ থাকে তবে আমার সাথে bit.ly/ Chat Doctor-এ যোগাযোগ করুন। নাসেনিয়া ডক ব্যবহার করার জন্য ধন্যবাদ। আপনার সুস্বাস্থ্য কামনা করি।"
71636,"হেলো, ডেইরি, আমি আপনার প্রশ্নটি দেখেছি। আমি আপনার উদ্বেগ বুঝতে পারছি। আপনার হার্নিয়া সার্জারির ইতিহাস রয়েছে এবং এখন অস্ত্রোপচার পরবর্তী সংক্রমণ হয়েছে। আপনি স্ট্রেপ্টোকক্কাল সংক্রমণে ভুগছেন। আপনার স্ট্রেপ্টোকক্কাল সংক্রমণ সাধারণ অ্যান্টিবায়োটিকের প্রতি প্রতিরোধী হতে পারে। আপনার কালচার এবং সেনসিটিভিটি পরীক্ষা করা উচিত। এটি অ্যান্টিবায়োটিক নির্বাচন করতে সাহায্য করবে। আপনার ডাক্তারের সাথে পরামর্শ করুন এবং সেই অনুযায়ী চিকিৎসা নিন। আশা করি আমি আপনার প্রশ্নের উত্তর দিতে পেরেছি, যদি আপনার কোনো সন্দেহ থাকে তবে আমার সাথে bit.ly/ Chat Doctor-এ যোগাযোগ করুন। নাসেনিয়া ডক ব্যবহার করার জন্য ধন্যবাদ। আপনার সুস্বাস্থ্য কামনা করি।"
104827,"হেলো, ডেইরি, আমি আপনার প্রশ্নটি দেখেছি। আমি আপনার উদ্বেগ বুঝতে পারছি। আপনার হার্নিয়া সার্জারির ইতিহাস রয়েছে এবং এখন অস্ত্রোপচার পরবর্তী সংক্রমণ হয়েছে। আপনি স্ট্রেপ্টোকক্কাল সংক্রমণে ভুগছেন। আপনার স্ট্রেপ্টোকক্কাল সংক্রমণ সাধারণ অ্যান্টিবায়োটিকের প্রতি প্রতিরোধী হতে পারে। আপনার কালচার এবং সেনসিটিভিটি পরীক্ষা করা উচিত। এটি অ্যান্টিবায়োটিক নির্বাচন করতে সাহায্য করবে। আপনার ডাক্তারের সাথে পরামর্শ করুন এবং সেই অনুযায়ী চিকিৎসা নিন। আশা করি আমি আপনার প্রশ্নের উত্তর দিতে পেরেছি, যদি আপনার কোনো সন্দেহ থাকে তবে আমার সাথে bit.ly/ Chat Doctor-এ যোগাযোগ করুন। নাসেনিয়া ডক ব্যবহার করার জন্য ধন্যবাদ। আপনার সুস্বাস্থ্য কামনা করি।"
90762,"হেলো, ডেইরি, আমি আপনার প্রশ্নটি দেখেছি। আমি আপনার উদ্বেগ বুঝতে পারছি। আপনার হার্নিয়া সার্জারির ইতিহাস রয়েছে এবং এখন অস্ত্রোপচার পরবর্তী সংক্রমণ হয়েছে। আপনি স্ট্রেপ্টোকক্কাল সংক্রমণে ভুগছেন। আপনার স্ট্রেপ্টোকক্কাল সংক্রমণ সাধারণ অ্যান্টিবায়োটিকের প্রতি প্রতিরোধী হতে পারে। আপনার কালচার এবং সেনসিটিভিটি পরীক্ষা করা উচিত। এটি অ্যান্টিবায়োটিক নির্বাচন করতে সাহায্য করবে। আপনার ডাক্তারের সাথে পরামর্শ করুন এবং সেই অনুযায়ী চিকিৎসা নিন। আশা করি আমি আপনার প্রশ্নের উত্তর দিতে পেরেছি, যদি আপনার কোনো সন্দেহ থাকে তবে আমার সাথে bit.ly/ Chat Doctor-এ যোগাযোগ করুন। নাসেনিয়া ডক ব্যবহার করার জন্য ধন্যবাদ। আপনার সুস্বাস্থ্য কামনা করি।"
104107,"হেলো, ডেইরি, আমি আপনার প্রশ্নটি দেখেছি। আমি আপনার উদ্বেগ বুঝতে পারছি। আপনার হার্নিয়া সার্জারির ইতিহাস রয়েছে এবং এখন অস্ত্রোপচার পরবর্তী সংক্রমণ হয়েছে। আপনি স্ট্রেপ্টোকক্কাল সংক্রমণে ভুগছেন। আপনার স্ট্রেপ্টোকক্কাল সংক্রমণ সাধারণ অ্যান্টিবায়োটিকের প্রতি প্রতিরোধী হতে পারে। আপনার কালচার এবং সেনসিটিভিটি পরীক্ষা করা উচিত। এটি অ্যান্টিবায়োটিক নির্বাচন করতে সাহায্য করবে। আপনার ডাক্তারের সাথে পরামর্শ করুন এবং সেই অনুযায়ী চিকিৎসা নিন। আশা করি আমি আপনার প্রশ্নের উত্তর দিতে পেরেছি, যদি আপনার কোনো সন্দেহ থাকে তবে আমার সাথে bit.ly/ Chat Doctor-এ যোগাযোগ করুন। নাসেনিয়া ডক ব্যবহার করার জন্য ধন্যবাদ। আপনার সুস্বাস্থ্য কামনা করি।"
54141,"হেলো, ডেইরি, আমি আপনার প্রশ্নটি দেখেছি। আমি আপনার উদ্বেগ বুঝতে পারছি। আপনার হার্নিয়া সার্জারির ইতিহাস রয়েছে এবং এখন অস্ত্রোপচার পরবর্তী সংক্রমণ হয়েছে। আপনি স্ট্রেপ্টোকক্কাল সংক্রমণে ভুগছেন। আপনার স্ট্রেপ্টোকক্কাল সংক্রমণ সাধারণ অ্যান্টিবায়োটিকের প্রতি প্রতিরোধী হতে পারে। আপনার কালচার এবং সেনসিটিভিটি পরীক্ষা করা উচিত। এটি অ্যান্টিবায়োটিক নির্বাচন করতে সাহায্য করবে। আপনার ডাক্তারের সাথে পরামর্শ করুন এবং সেই অনুযায়ী চিকিৎসা নিন। আশা করি আমি আপনার প্রশ্নের উত্তর দিতে পেরেছি, যদি আপনার কোনো সন্দেহ থাকে তবে আমার সাথে bit.ly/ Chat Doctor-এ যোগাযোগ করুন। নাসেনিয়া ডক ব্যবহার করার জন্য ধন্যবাদ। আপনার সুস্বাস্থ্য কামনা করি।"
91123,"হেলো, ডেইরি, আমি আপনার প্রশ্নটি দেখেছি। আমি আপনার উদ্বেগ বুঝতে পারছি। আপনার হার্নিয়া সার্জারির ইতিহাস রয়েছে এবং এখন অস্ত্রোপচার পরবর্তী সংক্রমণ হয়েছে। আপনি স্ট্রেপ্টোকক্কাল সংক্রমণে ভুগছেন। আপনার স্ট্রেপ্টোকক্কাল সংক্রমণ সাধারণ অ্যান্টিবায়োটিকের প্রতি প্রতিরোধী হতে পারে। আপনার কালচার এবং সেনসিটিভিটি পরীক্ষা করা উচিত। এটি অ্যান্টিবায়োটিক নির্বাচন করতে সাহায্য করবে। আপনার ডাক্তারের সাথে পরামর্শ করুন এবং সেই অনুযায়ী চিকিৎসা নিন। আশা করি আমি আপনার প্রশ্নের উত্তর দিতে পেরেছি, যদি আপনার কোনো সন্দেহ থাকে তবে আমার সাথে bit.ly/ Chat Doctor-এ যোগাযোগ করুন। নাসেনিয়া ডক ব্যবহার করার জন্য ধন্যবাদ। আপনার সুস্বাস্থ্য কামনা করি।"
20502,"হেলো, ডেইরি, আমি আপনার প্রশ্নটি দেখেছি। আমি আপনার উদ্বেগ বুঝতে পারছি। আপনার হার্নিয়া সার্জারির ইতিহাস রয়েছে এবং এখন অস্ত্রোপচার পরবর্তী সংক্রমণ হয়েছে। আপনি স্ট্রেপ্টোকক্কাল সংক্রমণে ভুগছেন। আপনার স্ট্রেপ্টোকক্কাল সংক্রমণ সাধারণ অ্যান্টিবায়োটিকের প্রতি প্রতিরোধী হতে পারে। আপনার কালচার এবং সেনসিটিভিটি পরীক্ষা করা উচিত। এটি অ্যান্টিবায়োটিক নির্বাচন করতে সাহায্য করবে। আপনার ডাক্তারের সাথে পরামর্শ করুন এবং সেই অনুযায়ী চিকিৎসা নিন। আশা করি আমি আপনার প্রশ্নের উত্তর দিতে পেরেছি, যদি আপনার কোনো সন্দেহ থাকে তবে আমার সাথে bit.ly/ Chat Doctor-এ যোগাযোগ করুন। নাসেনিয়া ডক ব্যবহার করার জন্য ধন্যবাদ। আপনার সুস্বাস্থ্য কামনা করি।"
40765,"হেলো, ডেইরি, আমি আপনার প্রশ্নটি দেখেছি। আমি আপনার উদ্বেগ বুঝতে পারছি। আপনার হার্নিয়া সার্জারির ইতিহাস রয়েছে এবং এখন অস্ত্রোপচার পরবর্তী সংক্রমণ হয়েছে। আপনি স্ট্রেপ্টোকক্কাল সংক্রমণে ভুগছেন। আপনার স্ট্রেপ্টোকক্কাল সংক্রমণ সাধারণ অ্যান্টিবায়োটিকের প্রতি প্রতিরোধী হতে পারে। আপনার কালচার এবং সেনসিটিভিটি পরীক্ষা করা উচিত। এটি অ্যান্টিবায়োটিক নির্বাচন করতে সাহায্য করবে। আপনার ডাক্তারের সাথে পরামর্শ করুন এবং সেই অনুযায়ী চিকিৎসা নিন। আশা করি আমি আপনার প্রশ্নের উত্তর দিতে পেরেছি, যদি আপনার কোনো সন্দেহ থাকে তবে আমার সাথে bit.ly/ Chat Doctor-এ যোগাযোগ করুন। নাসেনিয়া ডক ব্যবহার করার জন্য ধন্যবাদ। আপনার সুস্বাস্থ্য কামনা করি।"
17561,"হেলো, ডেইরি, আমি আপনার প্রশ্নটি দেখেছি। আমি আপনার উদ্বেগ বুঝতে পারছি। আপনার হার্নিয়া সার্জারির ইতিহাস রয়েছে এবং এখন অস্ত্রোপচার পরবর্তী সংক্রমণ হয়েছে। আপনি স্ট্রেপ্টোকক্কাল সংক্রমণে ভুগছেন। আপনার স্ট্রেপ্টোকক্কাল সংক্রমণ সাধারণ অ্যান্টিবায়োটিকের প্রতি প্রতিরোধী হতে পারে। আপনার কালচার এবং সেনসিটিভিটি পরীক্ষা করা উচিত। এটি অ্যান্টিবায়োটিক নির্বাচন করতে সাহায্য করবে। আপনার ডাক্তারের সাথে পরামর্শ করুন এবং সেই অনুযায়ী চিকিৎসা নিন। আশা করি আমি আপনার প্রশ্নের উত্তর দিতে পেরেছি, যদি আপনার কোনো সন্দেহ থাকে তবে আমার সাথে bit.ly/ Chat Doctor-এ যোগাযোগ করুন। নাসেনিয়া ডক ব্যবহার করার জন্য ধন্যবাদ। আপনার সুস্বাস্থ্য কামনা করি।"
19614,"হেলো, ডেইরি, আমি আপনার প্রশ্নটি দেখেছি। আমি আপনার উদ্বেগ বুঝতে পারছি। আপনার হার্নিয়া সার্জারির ইতিহাস রয়েছে এবং এখন অস্ত্রোপচার পরবর্তী সংক্রমণ হয়েছে। আপনি স্ট্রেপ্টোকক্কাল সংক্রমণে ভুগছেন। আপনার স্ট্রেপ্টোকক্কাল সংক্রমণ সাধারণ অ্যান্টিবায়োটিকের প্রতি প্রতিরোধী হতে পারে। আপনার কালচার এবং সেনসিটিভিটি পরীক্ষা করা উচিত। এটি অ্যান্টিবায়োটিক নির্বাচন করতে সাহায্য করবে। আপনার ডাক্তারের সাথে পরামর্শ করুন এবং সেই অনুযায়ী চিকিৎসা নিন। আশা করি আমি আপনার প্রশ্নের উত্তর দিতে পেরেছি, যদি আপনার কোনো সন্দেহ থাকে তবে আমার সাথে bit.ly/ Chat Doctor-এ যোগাযোগ করুন। নাসেনিয়া ডক ব্যবহার করার জন্য ধন্যবাদ। আপনার সুস্বাস্থ্য কামনা করি।"
87886,"হেলো, ডেইরি, আমি আপনার প্রশ্নটি দেখেছি। আমি আপনার উদ্বেগ বুঝতে পারছি। আপনার হার্নিয়া সার্জারির ইতিহাস রয়েছে এবং এখন অস্ত্রোপচার পরবর্তী সংক্রমণ হয়েছে। আপনি স্ট্রেপ্টোকক্কাল সংক্রমণে ভুগছেন। আপনার স্ট্রেপ্টোকক্কাল সংক্রমণ সাধারণ অ্যান্টিবায়োটিকের প্রতি প্রতিরোধী হতে পারে। আপনার কালচার এবং সেনসিটিভিটি পরীক্ষা করা উচিত। এটি অ্যান্টিবায়োটিক নির্বাচন করতে সাহায্য করবে। আপনার ডাক্তারের সাথে পরামর্শ করুন এবং সেই অনুযায়ী চিকিৎসা নিন। আশা করি আমি আপনার প্রশ্নের উত্তর দিতে পেরেছি, যদি আপনার কোনো সন্দেহ থাকে তবে আমার সাথে bit.ly/ Chat Doctor-এ যোগাযোগ করুন। নাসেনিয়া ডক ব্যবহার করার জন্য ধন্যবাদ। আপনার সুস্বাস্থ্য কামনা করি।"
20274,"হেলো, ডেইরি, আমি আপনার প্রশ্নটি দেখেছি। আমি আপনার উদ্বেগ বুঝতে পারছি। আপনার হার্নিয়া সার্জারির ইতিহাস রয়েছে এবং এখন অস্ত্রোপচার পরবর্তী সংক্রমণ হয়েছে। আপনি স্ট্রেপ্টোকক্কাল সংক্রমণে ভুগছেন। আপনার স্ট্রেপ্টোকক্কাল সংক্রমণ সাধারণ অ্যান্টিবায়োটিকের প্রতি প্রতিরোধী হতে পারে। আপনার কালচার এবং সেনসিটিভিটি পরীক্ষা করা উচিত। এটি অ্যান্টিবায়োটিক নির্বাচন করতে সাহায্য করবে। আপনার ডাক্তারের সাথে পরামর্শ করুন এবং সেই অনুযায়ী চিকিৎসা নিন। আশা করি আমি আপনার প্রশ্নের উত্তর দিতে পেরেছি, যদি আপনার কোনো সন্দেহ থাকে তবে আমার সাথে bit.ly/ Chat Doctor-এ যোগাযোগ করুন। নাসেনিয়া ডক ব্যবহার করার জন্য ধন্যবাদ। আপনার সুস্বাস্থ্য কামনা করি।"
86984,"হেলো, ডেইরি, আমি আপনার প্রশ্নটি দেখেছি। আমি আপনার উদ্বেগ বুঝতে পারছি। আপনার হার্নিয়া সার্জারির ইতিহাস রয়েছে এবং এখন অস্ত্রোপচার পরবর্তী সংক্রমণ হয়েছে। আপনি স্ট্রেপ্টোকক্কাল সংক্রমণে ভুগছেন। আপনার স্ট্রেপ্টোকক্কাল সংক্রমণ সাধারণ অ্যান্টিবায়োটিকের প্রতি প্রতিরোধী হতে পারে। আপনার কালচার এবং সেনসিটিভিটি পরীক্ষা করা উচিত। এটি অ্যান্টিবায়োটিক নির্বাচন করতে সাহায্য করবে। আপনার ডাক্তারের সাথে পরামর্শ করুন এবং সেই অনুযায়ী চিকিৎসা নিন। আশা করি আমি আপনার প্রশ্নের উত্তর দিতে পেরেছি, যদি আপনার কোনো সন্দেহ থাকে তবে আমার সাথে bit.ly/ Chat Doctor-এ যোগাযোগ করুন। নাসেনিয়া ডক ব্যবহার করার জন্য ধন্যবাদ। আপনার সুস্বাস্থ্য কামনা করি।"
58761,"হেলো, ডেইরি, আমি আপনার প্রশ্নটি দেখেছি। আমি আপনার উদ্বেগ বুঝতে পারছি। আপনার হার্নিয়া সার্জারির ইতিহাস রয়েছে এবং এখন অস্ত্রোপচার পরবর্তী সংক্রমণ হয়েছে। আপনি স্ট্রেপ্টোকক্কাল সংক্রমণে ভুগছেন। আপনার স্ট্রেপ্টোকক্কাল সংক্রমণ সাধারণ অ্যান্টিবায়োটিকের প্রতি প্রতিরোধী হতে পারে। আপনার কালচার এবং সেনসিটিভিটি পরীক্ষা করা উচিত। এটি অ্যান্টিবায়োটিক নির্বাচন করতে সাহায্য করবে। আপনার ডাক্তারের সাথে পরামর্শ করুন এবং সেই অনুযায়ী চিকিৎসা নিন। আশা করি আমি আপনার প্রশ্নের উত্তর দিতে পেরেছি, যদি আপনার কোনো সন্দেহ থাকে তবে আমার সাথে bit.ly/ Chat Doctor-এ যোগাযোগ করুন। নাসেনিয়া ডক ব্যবহার করার জন্য ধন্যবাদ। আপনার সুস্বাস্থ্য কামনা করি।"
92938,"হেলো, ডেইরি, আমি আপনার প্রশ্নটি দেখেছি। আমি আপনার উদ্বেগ বুঝতে পারছি। আপনার হার্নিয়া সার্জারির ইতিহাস রয়েছে এবং এখন অস্ত্রোপচার পরবর্তী সংক্রমণ হয়েছে। আপনি স্ট্রেপ্টোকক্কাল সংক্রমণে ভুগছেন। আপনার স্ট্রেপ্টোকক্কাল সংক্রমণ সাধারণ অ্যান্টিবায়োটিকের প্রতি প্রতিরোধী হতে পারে। আপনার কালচার এবং সেনসিটিভিটি পরীক্ষা করা উচিত। এটি অ্যান্টিবায়োটিক নির্বাচন করতে সাহায্য করবে। আপনার ডাক্তারের সাথে পরামর্শ করুন এবং সেই অনুযায়ী চিকিৎসা নিন। আশা করি আমি আপনার প্রশ্নের উত্তর দিতে পেরেছি, যদি আপনার কোনো সন্দেহ থাকে তবে আমার সাথে bit.ly/ Chat Doctor-এ যোগাযোগ করুন। নাসেনিয়া ডক ব্যবহার করার জন্য ধন্যবাদ। আপনার সুস্বাস্থ্য কামনা করি।"
110792,"হেলো, ডেইরি, আমি আপনার প্রশ্নটি দেখেছি। আমি আপনার উদ্বেগ বুঝতে পারছি। আপনার হার্নিয়া সার্জারির ইতিহাস রয়েছে এবং এখন অস্ত্রোপচার পরবর্তী সংক্রমণ হয়েছে। আপনি স্ট্রেপ্টোকক্কাল সংক্রমণে ভুগছেন। আপনার স্ট্রেপ্টোকক্কাল সংক্রমণ সাধারণ অ্যান্টিবায়োটিকের প্রতি প্রতিরোধী হতে পারে। আপনার কালচার এবং সেনসিটিভিটি পরীক্ষা করা উচিত। এটি অ্যান্টিবায়োটিক নির্বাচন করতে সাহায্য করবে। আপনার ডাক্তারের সাথে পরামর্শ করুন এবং সেই অনুযায়ী চিকিৎসা নিন। আশা করি আমি আপনার প্রশ্নের উত্তর দিতে পেরেছি, যদি আপনার কোনো সন্দেহ থাকে তবে আমার সাথে bit.ly/ Chat Doctor-এ যোগাযোগ করুন। নাসেনিয়া ডক ব্যবহার করার জন্য ধন্যবাদ। আপনার সুস্বাস্থ্য কামনা করি।"
39398,"হেলো, ডেইরি, আমি আপনার প্রশ্নটি দেখেছি। আমি আপনার উদ্বেগ বুঝতে পারছি। আপনার হার্নিয়া সার্জারির ইতিহাস রয়েছে এবং এখন অস্ত্রোপচার পরবর্তী সংক্রমণ হয়েছে। আপনি স্ট্রেপ্টোকক্কাল সংক্রমণে ভুগছেন। আপনার স্ট্রেপ্টোকক্কাল সংক্রমণ সাধারণ অ্যান্টিবায়োটিকের প্রতি প্রতিরোধী হতে পারে। আপনার কালচার এবং সেনসিটিভিটি পরীক্ষা করা উচিত। এটি অ্যান্টিবায়োটিক নির্বাচন করতে সাহায্য করবে। আপনার ডাক্তারের সাথে পরামর্শ করুন এবং সেই অনুযায়ী চিকিৎসা নিন। আশা করি আমি আপনার প্রশ্নের উত্তর দিতে পেরেছি, যদি আপনার কোনো সন্দেহ থাকে তবে আমার সাথে bit.ly/ Chat Doctor-এ যোগাযোগ করুন। নাসেনিয়া ডক ব্যবহার করার জন্য ধন্যবাদ। আপনার সুস্বাস্থ্য কামনা করি।"
13970,"হেলো, ডেইরি, আমি আপনার প্রশ্নটি দেখেছি। আমি আপনার উদ্বেগ বুঝতে পারছি। আপনার হার্নিয়া সার্জারির ইতিহাস রয়েছে এবং এখন অস্ত্রোপচার পরবর্তী সংক্রমণ হয়েছে। আপনি স্ট্রেপ্টোকক্কাল সংক্রমণে ভুগছেন। আপনার স্ট্রেপ্টোকক্কাল সংক্রমণ সাধারণ অ্যান্টিবায়োটিকের প্রতি প্রতিরোধী হতে পারে। আপনার কালচার এবং সেনসিটিভিটি পরীক্ষা করা উচিত। এটি অ্যান্টিবায়োটিক নির্বাচন করতে সাহায্য করবে। আপনার ডাক্তারের সাথে পরামর্শ করুন এবং সেই অনুযায়ী চিকিৎসা নিন। আশা করি আমি আপনার প্রশ্নের উত্তর দিতে পেরেছি, যদি আপনার কোনো সন্দেহ থাকে তবে আমার সাথে bit.ly/ Chat Doctor-এ যোগাযোগ করুন। নাসেনিয়া ডক ব্যবহার করার জন্য ধন্যবাদ। আপনার সুস্বাস্থ্য কামনা করি।"
964,"হেলো, ডেইরি, আমি আপনার প্রশ্নটি দেখেছি। আমি আপনার উদ্বেগ বুঝতে পারছি। আপনার হার্নিয়া সার্জারির ইতিহাস রয়েছে এবং এখন অস্ত্রোপচার পরবর্তী সংক্রমণ হয়েছে। আপনি স্ট্রেপ্টোকক্কাল সংক্রমণে ভুগছেন। আপনার স্ট্রেপ্টোকক্কাল সংক্রমণ সাধারণ অ্যান্টিবায়োটিকের প্রতি প্রতিরোধী হতে পারে। আপনার কালচার এবং সেনসিটিভিটি পরীক্ষা করা উচিত। এটি অ্যান্টিবায়োটিক নির্বাচন করতে সাহায্য করবে। আপনার ডাক্তারের সাথে পরামর্শ করুন এবং সেই অনুযায়ী চিকিৎসা নিন। আশা করি আমি আপনার প্রশ্নের উত্তর দিতে পেরেছি, যদি আপনার কোনো সন্দেহ থাকে তবে আমার সাথে bit.ly/ Chat Doctor-এ যোগাযোগ করুন। নাসেনিয়া ডক ব্যবহার করার জন্য ধন্যবাদ। আপনার সুস্বাস্থ্য কামনা করি।"
96920,"হেলো, ডেইরি, আমি আপনার প্রশ্নটি দেখেছি। আমি আপনার উদ্বেগ বুঝতে পারছি। আপনার হার্নিয়া সার্জারির ইতিহাস রয়েছে এবং এখন অস্ত্রোপচার পরবর্তী সংক্রমণ হয়েছে। আপনি স্ট্রেপ্টোকক্কাল সংক্রমণে ভুগছেন। আপনার স্ট্রেপ্টোকক্কাল সংক্রমণ সাধারণ অ্যান্টিবায়োটিকের প্রতি প্রতিরোধী হতে পারে। আপনার কালচার এবং সেনসিটিভিটি পরীক্ষা করা উচিত। এটি অ্যান্টিবায়োটিক নির্বাচন করতে সাহায্য করবে। আপনার ডাক্তারের সাথে পরামর্শ করুন এবং সেই অনুযায়ী চিকিৎসা নিন। আশা করি আমি আপনার প্রশ্নের উত্তর দিতে পেরেছি, যদি আপনার কোনো সন্দেহ থাকে তবে আমার সাথে bit.ly/ Chat Doctor-এ যোগাযোগ করুন। নাসেনিয়া ডক ব্যবহার করার জন্য ধন্যবাদ। আপনার সুস্বাস্থ্য কামনা করি।"
22012,"হেলো, ডেইরি, আমি আপনার প্রশ্নটি দেখেছি। আমি আপনার উদ্বেগ বুঝতে পারছি। আপনার হার্নিয়া সার্জারির ইতিহাস রয়েছে এবং এখন অস্ত্রোপচার পরবর্তী সংক্রমণ হয়েছে। আপনি স্ট্রেপ্টোকক্কাল সংক্রমণে ভুগছেন। আপনার স্ট্রেপ্টোকক্কাল সংক্রমণ সাধারণ অ্যান্টিবায়োটিকের প্রতি প্রতিরোধী হতে পারে। আপনার কালচার এবং সেনসিটিভিটি পরীক্ষা করা উচিত। এটি অ্যান্টিবায়োটিক নির্বাচন করতে সাহায্য করবে। আপনার ডাক্তারের সাথে পরামর্শ করুন এবং সেই অনুযায়ী চিকিৎসা নিন। আশা করি আমি আপনার প্রশ্নের উত্তর দিতে পেরেছি, যদি আপনার কোনো সন্দেহ থাকে তবে আমার সাথে bit.ly/ Chat Doctor-এ যোগাযোগ করুন। নাসেনিয়া ডক ব্যবহার করার জন্য ধন্যবাদ। আপনার সুস্বাস্থ্য কামনা করি।"
35448,"হেলো, ডেইরি, আমি আপনার প্রশ্নটি দেখেছি। আমি আপনার উদ্বেগ বুঝতে পারছি। আপনার হার্নিয়া সার্জারির ইতিহাস রয়েছে এবং এখন অস্ত্রোপচার পরবর্তী সংক্রমণ হয়েছে। আপনি স্ট্রেপ্টোকক্কাল সংক্রমণে ভুগছেন। আপনার স্ট্রেপ্টোকক্কাল সংক্রমণ সাধারণ অ্যান্টিবায়োটিকের প্রতি প্রতিরোধী হতে পারে। আপনার কালচার এবং সেনসিটিভিটি পরীক্ষা করা উচিত। এটি অ্যান্টিবায়োটিক নির্বাচন করতে সাহায্য করবে। আপনার ডাক্তারের সাথে পরামর্শ করুন এবং সেই অনুযায়ী চিকিৎসা নিন। আশা করি আমি আপনার প্রশ্নের উত্তর দিতে পেরেছি, যদি আপনার কোনো সন্দেহ থাকে তবে আমার সাথে bit.ly/ Chat Doctor-এ যোগাযোগ করুন। নাসেনিয়া ডক ব্যবহার করার জন্য ধন্যবাদ। আপনার সুস্বাস্থ্য কামনা করি।"
13582,"হেলো, ডেইরি, আমি আপনার প্রশ্নটি দেখেছি। আমি আপনার উদ্বেগ বুঝতে পারছি। আপনার হার্নিয়া সার্জারির ইতিহাস রয়েছে এবং এখন অস্ত্রোপচার পরবর্তী সংক্রমণ হয়েছে। আপনি স্ট্রেপ্টোকক্কাল সংক্রমণে ভুগছেন। আপনার স্ট্রেপ্টোকক্কাল সংক্রমণ সাধারণ অ্যান্টিবায়োটিকের প্রতি প্রতিরোধী হতে পারে। আপনার কালচার এবং সেনসিটিভিটি পরীক্ষা করা উচিত। এটি অ্যান্টিবায়োটিক নির্বাচন করতে সাহায্য করবে। আপনার ডাক্তারের সাথে পরামর্শ করুন এবং সেই অনুযায়ী চিকিৎসা নিন। আশা করি আমি আপনার প্রশ্নের উত্তর দিতে পেরেছি, যদি আপনার কোনো সন্দেহ থাকে তবে আমার সাথে bit.ly/ Chat Doctor-এ যোগাযোগ করুন। নাসেনিয়া ডক ব্যবহার করার জন্য ধন্যবাদ। আপনার সুস্বাস্থ্য কামনা করি।"
110484,"হেলো, ডেইরি, আমি আপনার প্রশ্নটি দেখেছি। আমি আপনার উদ্বেগ বুঝতে পারছি। আপনার হার্নিয়া সার্জারির ইতিহাস রয়েছে এবং এখন অস্ত্রোপচার পরবর্তী সংক্রমণ হয়েছে। আপনি স্ট্রেপ্টোকক্কাল সংক্রমণে ভুগছেন। আপনার স্ট্রেপ্টোকক্কাল সংক্রমণ সাধারণ অ্যান্টিবায়োটিকের প্রতি প্রতিরোধী হতে পারে। আপনার কালচার এবং সেনসিটিভিটি পরীক্ষা করা উচিত। এটি অ্যান্টিবায়োটিক নির্বাচন করতে সাহায্য করবে। আপনার ডাক্তারের সাথে পরামর্শ করুন এবং সেই অনুযায়ী চিকিৎসা নিন। আশা করি আমি আপনার প্রশ্নের উত্তর দিতে পেরেছি, যদি আপনার কোনো সন্দেহ থাকে তবে আমার সাথে bit.ly/ Chat Doctor-এ যোগাযোগ করুন। নাসেনিয়া ডক ব্যবহার করার জন্য ধন্যবাদ। আপনার সুস্বাস্থ্য কামনা করি।"
107663,"হেলো, ডেইরি, আমি আপনার প্রশ্নটি দেখেছি। আমি আপনার উদ্বেগ বুঝতে পারছি। আপনার হার্নিয়া সার্জারির ইতিহাস রয়েছে এবং এখন অস্ত্রোপচার পরবর্তী সংক্রমণ হয়েছে। আপনি স্ট্রেপ্টোকক্কাল সংক্রমণে ভুগছেন। আপনার স্ট্রেপ্টোকক্কাল সংক্রমণ সাধারণ অ্যান্টিবায়োটিকের প্রতি প্রতিরোধী হতে পারে। আপনার কালচার এবং সেনসিটিভিটি পরীক্ষা করা উচিত। এটি অ্যান্টিবায়োটিক নির্বাচন করতে সাহায্য করবে। আপনার ডাক্তারের সাথে পরামর্শ করুন এবং সেই অনুযায়ী চিকিৎসা নিন। আশা করি আমি আপনার প্রশ্নের উত্তর দিতে পেরেছি, যদি আপনার কোনো সন্দেহ থাকে তবে আমার সাথে bit.ly/ Chat Doctor-এ যোগাযোগ করুন। নাসেনিয়া ডক ব্যবহার করার জন্য ধন্যবাদ। আপনার সুস্বাস্থ্য কামনা করি।"
66850,"হেলো, ডেইরি, আমি আপনার প্রশ্নটি দেখেছি। আমি আপনার উদ্বেগ বুঝতে পারছি। আপনার হার্নিয়া সার্জারির ইতিহাস রয়েছে এবং এখন অস্ত্রোপচার পরবর্তী সংক্রমণ হয়েছে। আপনি স্ট্রেপ্টোকক্কাল সংক্রমণে ভুগছেন। আপনার স্ট্রেপ্টোকক্কাল সংক্রমণ সাধারণ অ্যান্টিবায়োটিকের প্রতি প্রতিরোধী হতে পারে। আপনার কালচার এবং সেনসিটিভিটি পরীক্ষা করা উচিত। এটি অ্যান্টিবায়োটিক নির্বাচন করতে সাহায্য করবে। আপনার ডাক্তারের সাথে পরামর্শ করুন এবং সেই অনুযায়ী চিকিৎসা নিন। আশা করি আমি আপনার প্রশ্নের উত্তর দিতে পেরেছি, যদি আপনার কোনো সন্দেহ থাকে তবে আমার সাথে bit.ly/ Chat Doctor-এ যোগাযোগ করুন। নাসেনিয়া ডক ব্যবহার করার জন্য ধন্যবাদ। আপনার সুস্বাস্থ্য কামনা করি।"
65793,"হেলো, ডেইরি, আমি আপনার প্রশ্নটি দেখেছি। আমি আপনার উদ্বেগ বুঝতে পারছি। আপনার হার্নিয়া সার্জারির ইতিহাস রয়েছে এবং এখন অস্ত্রোপচার পরবর্তী সংক্রমণ হয়েছে। আপনি স্ট্রেপ্টোকক্কাল সংক্রমণে ভুগছেন। আপনার স্ট্রেপ্টোকক্কাল সংক্রমণ সাধারণ অ্যান্টিবায়োটিকের প্রতি প্রতিরোধী হতে পারে। আপনার কালচার এবং সেনসিটিভিটি পরীক্ষা করা উচিত। এটি অ্যান্টিবায়োটিক নির্বাচন করতে সাহায্য করবে। আপনার ডাক্তারের সাথে পরামর্শ করুন এবং সেই অনুযায়ী চিকিৎসা নিন। আশা করি আমি আপনার প্রশ্নের উত্তর দিতে পেরেছি, যদি আপনার কোনো সন্দেহ থাকে তবে আমার সাথে bit.ly/ Chat Doctor-এ যোগাযোগ করুন। নাসেনিয়া ডক ব্যবহার করার জন্য ধন্যবাদ। আপনার সুস্বাস্থ্য কামনা করি।"
82944,"হেলো, ডেইরি, আমি আপনার প্রশ্নটি দেখেছি। আমি আপনার উদ্বেগ বুঝতে পারছি। আপনার হার্নিয়া সার্জারির ইতিহাস রয়েছে এবং এখন অস্ত্রোপচার পরবর্তী সংক্রমণ হয়েছে। আপনি স্ট্রেপ্টোকক্কাল সংক্রমণে ভুগছেন। আপনার স্ট্রেপ্টোকক্কাল সংক্রমণ সাধারণ অ্যান্টিবায়োটিকের প্রতি প্রতিরোধী হতে পারে। আপনার কালচার এবং সেনসিটিভিটি পরীক্ষা করা উচিত। এটি অ্যান্টিবায়োটিক নির্বাচন করতে সাহায্য করবে। আপনার ডাক্তারের সাথে পরামর্শ করুন এবং সেই অনুযায়ী চিকিৎসা নিন। আশা করি আমি আপনার প্রশ্নের উত্তর দিতে পেরেছি, যদি আপনার কোনো সন্দেহ থাকে তবে আমার সাথে bit.ly/ Chat Doctor-এ যোগাযোগ করুন। নাসেনিয়া ডক ব্যবহার করার জন্য ধন্যবাদ। আপনার সুস্বাস্থ্য কামনা করি।"
55474,"হেলো, ডেইরি, আমি আপনার প্রশ্নটি দেখেছি। আমি আপনার উদ্বেগ বুঝতে পারছি। আপনার হার্নিয়া সার্জারির ইতিহাস রয়েছে এবং এখন অস্ত্রোপচার পরবর্তী সংক্রমণ হয়েছে। আপনি স্ট্রেপ্টোকক্কাল সংক্রমণে ভুগছেন। আপনার স্ট্রেপ্টোকক্কাল সংক্রমণ সাধারণ অ্যান্টিবায়োটিকের প্রতি প্রতিরোধী হতে পারে। আপনার কালচার এবং সেনসিটিভিটি পরীক্ষা করা উচিত। এটি অ্যান্টিবায়োটিক নির্বাচন করতে সাহায্য করবে। আপনার ডাক্তারের সাথে পরামর্শ করুন এবং সেই অনুযায়ী চিকিৎসা নিন। আশা করি আমি আপনার প্রশ্নের উত্তর দিতে পেরেছি, যদি আপনার কোনো সন্দেহ থাকে তবে আমার সাথে bit.ly/ Chat Doctor-এ যোগাযোগ করুন। নাসেনিয়া ডক ব্যবহার করার জন্য ধন্যবাদ। আপনার সুস্বাস্থ্য কামনা করি।"
7972,"হেলো, ডেইরি, আমি আপনার প্রশ্নটি দেখেছি। আমি আপনার উদ্বেগ বুঝতে পারছি। আপনার হার্নিয়া সার্জারির ইতিহাস রয়েছে এবং এখন অস্ত্রোপচার পরবর্তী সংক্রমণ হয়েছে। আপনি স্ট্রেপ্টোকক্কাল সংক্রমণে ভুগছেন। আপনার স্ট্রেপ্টোকক্কাল সংক্রমণ সাধারণ অ্যান্টিবায়োটিকের প্রতি প্রতিরোধী হতে পারে। আপনার কালচার এবং সেনসিটিভিটি পরীক্ষা করা উচিত। এটি অ্যান্টিবায়োটিক নির্বাচন করতে সাহায্য করবে। আপনার ডাক্তারের সাথে পরামর্শ করুন এবং সেই অনুযায়ী চিকিৎসা নিন। আশা করি আমি আপনার প্রশ্নের উত্তর দিতে পেরেছি, যদি আপনার কোনো সন্দেহ থাকে তবে আমার সাথে bit.ly/ Chat Doctor-এ যোগাযোগ করুন। নাসেনিয়া ডক ব্যবহার করার জন্য ধন্যবাদ। আপনার সুস্বাস্থ্য কামনা করি।"
92744,"হেলো, ডেইরি, আমি আপনার প্রশ্নটি দেখেছি। আমি আপনার উদ্বেগ বুঝতে পারছি। আপনার হার্নিয়া সার্জারির ইতিহাস রয়েছে এবং এখন অস্ত্রোপচার পরবর্তী সংক্রমণ হয়েছে। আপনি স্ট্রেপ্টোকক্কাল সংক্রমণে ভুগছেন। আপনার স্ট্রেপ্টোকক্কাল সংক্রমণ সাধারণ অ্যান্টিবায়োটিকের প্রতি প্রতিরোধী হতে পারে। আপনার কালচার এবং সেনসিটিভিটি পরীক্ষা করা উচিত। এটি অ্যান্টিবায়োটিক নির্বাচন করতে সাহায্য করবে। আপনার ডাক্তারের সাথে পরামর্শ করুন এবং সেই অনুযায়ী চিকিৎসা নিন। আশা করি আমি আপনার প্রশ্নের উত্তর দিতে পেরেছি, যদি আপনার কোনো সন্দেহ থাকে তবে আমার সাথে bit.ly/ Chat Doctor-এ যোগাযোগ করুন। নাসেনিয়া ডক ব্যবহার করার জন্য ধন্যবাদ। আপনার সুস্বাস্থ্য কামনা করি।"
13117,"হেলো, ডেইরি, আমি আপনার প্রশ্নটি দেখেছি। আমি আপনার উদ্বেগ বুঝতে পারছি। আপনার হার্নিয়া সার্জারির ইতিহাস রয়েছে এবং এখন অস্ত্রোপচার পরবর্তী সংক্রমণ হয়েছে। আপনি স্ট্রেপ্টোকক্কাল সংক্রমণে ভুগছেন। আপনার স্ট্রেপ্টোকক্কাল সংক্রমণ সাধারণ অ্যান্টিবায়োটিকের প্রতি প্রতিরোধী হতে পারে। আপনার কালচার এবং সেনসিটিভিটি পরীক্ষা করা উচিত। এটি অ্যান্টিবায়োটিক নির্বাচন করতে সাহায্য করবে। আপনার ডাক্তারের সাথে পরামর্শ করুন এবং সেই অনুযায়ী চিকিৎসা নিন। আশা করি আমি আপনার প্রশ্নের উত্তর দিতে পেরেছি, যদি আপনার কোনো সন্দেহ থাকে তবে আমার সাথে bit.ly/ Chat Doctor-এ যোগাযোগ করুন। নাসেনিয়া ডক ব্যবহার করার জন্য ধন্যবাদ। আপনার সুস্বাস্থ্য কামনা করি।"
5471,"হেলো, ডেইরি, আমি আপনার প্রশ্নটি দেখেছি। আমি আপনার উদ্বেগ বুঝতে পারছি। আপনার হার্নিয়া সার্জারির ইতিহাস রয়েছে এবং এখন অস্ত্রোপচার পরবর্তী সংক্রমণ হয়েছে। আপনি স্ট্রেপ্টোকক্কাল সংক্রমণে ভুগছেন। আপনার স্ট্রেপ্টোকক্কাল সংক্রমণ সাধারণ অ্যান্টিবায়োটিকের প্রতি প্রতিরোধী হতে পারে। আপনার কালচার এবং সেনসিটিভিটি পরীক্ষা করা উচিত। এটি অ্যান্টিবায়োটিক নির্বাচন করতে সাহায্য করবে। আপনার ডাক্তারের সাথে পরামর্শ করুন এবং সেই অনুযায়ী চিকিৎসা নিন। আশা করি আমি আপনার প্রশ্নের উত্তর দিতে পেরেছি, যদি আপনার কোনো সন্দেহ থাকে তবে আমার সাথে bit.ly/ Chat Doctor-এ যোগাযোগ করুন। নাসেনিয়া ডক ব্যবহার করার জন্য ধন্যবাদ। আপনার সুস্বাস্থ্য কামনা করি।"
103157,"হেলো, ডেইরি, আমি আপনার প্রশ্নটি দেখেছি। আমি আপনার উদ্বেগ বুঝতে পারছি। আপনার হার্নিয়া সার্জারির ইতিহাস রয়েছে এবং এখন অস্ত্রোপচার পরবর্তী সংক্রমণ হয়েছে। আপনি স্ট্রেপ্টোকক্কাল সংক্রমণে ভুগছেন। আপনার স্ট্রেপ্টোকক্কাল সংক্রমণ সাধারণ অ্যান্টিবায়োটিকের প্রতি প্রতিরোধী হতে পারে। আপনার কালচার এবং সেনসিটিভিটি পরীক্ষা করা উচিত। এটি অ্যান্টিবায়োটিক নির্বাচন করতে সাহায্য করবে। আপনার ডাক্তারের সাথে পরামর্শ করুন এবং সেই অনুযায়ী চিকিৎসা নিন। আশা করি আমি আপনার প্রশ্নের উত্তর দিতে পেরেছি, যদি আপনার কোনো সন্দেহ থাকে তবে আমার সাথে bit.ly/ Chat Doctor-এ যোগাযোগ করুন। নাসেনিয়া ডক ব্যবহার করার জন্য ধন্যবাদ। আপনার সুস্বাস্থ্য কামনা করি।"
62273,"হেলো, ডেইরি, আমি আপনার প্রশ্নটি দেখেছি। আমি আপনার উদ্বেগ বুঝতে পারছি। আপনার হার্নিয়া সার্জারির ইতিহাস রয়েছে এবং এখন অস্ত্রোপচার পরবর্তী সংক্রমণ হয়েছে। আপনি স্ট্রেপ্টোকক্কাল সংক্রমণে ভুগছেন। আপনার স্ট্রেপ্টোকক্কাল সংক্রমণ সাধারণ অ্যান্টিবায়োটিকের প্রতি প্রতিরোধী হতে পারে। আপনার কালচার এবং সেনসিটিভিটি পরীক্ষা করা উচিত। এটি অ্যান্টিবায়োটিক নির্বাচন করতে সাহায্য করবে। আপনার ডাক্তারের সাথে পরামর্শ করুন এবং সেই অনুযায়ী চিকিৎসা নিন। আশা করি আমি আপনার প্রশ্নের উত্তর দিতে পেরেছি, যদি আপনার কোনো সন্দেহ থাকে তবে আমার সাথে bit.ly/ Chat Doctor-এ যোগাযোগ করুন। নাসেনিয়া ডক ব্যবহার করার জন্য ধন্যবাদ। আপনার সুস্বাস্থ্য কামনা করি।"
44275,"হেলো, ডেইরি, আমি আপনার প্রশ্নটি দেখেছি। আমি আপনার উদ্বেগ বুঝতে পারছি। আপনার হার্নিয়া সার্জারির ইতিহাস রয়েছে এবং এখন অস্ত্রোপচার পরবর্তী সংক্রমণ হয়েছে। আপনি স্ট্রেপ্টোকক্কাল সংক্রমণে ভুগছেন। আপনার স্ট্রেপ্টোকক্কাল সংক্রমণ সাধারণ অ্যান্টিবায়োটিকের প্রতি প্রতিরোধী হতে পারে। আপনার কালচার এবং সেনসিটিভিটি পরীক্ষা করা উচিত। এটি অ্যান্টিবায়োটিক নির্বাচন করতে সাহায্য করবে। আপনার ডাক্তারের সাথে পরামর্শ করুন এবং সেই অনুযায়ী চিকিৎসা নিন। আশা করি আমি আপনার প্রশ্নের উত্তর দিতে পেরেছি, যদি আপনার কোনো সন্দেহ থাকে তবে আমার সাথে bit.ly/ Chat Doctor-এ যোগাযোগ করুন। নাসেনিয়া ডক ব্যবহার করার জন্য ধন্যবাদ। আপনার সুস্বাস্থ্য কামনা করি।"
4347,"হেলো, ডেইরি, আমি আপনার প্রশ্নটি দেখেছি। আমি আপনার উদ্বেগ বুঝতে পারছি। আপনার হার্নিয়া সার্জারির ইতিহাস রয়েছে এবং এখন অস্ত্রোপচার পরবর্তী সংক্রমণ হয়েছে। আপনি স্ট্রেপ্টোকক্কাল সংক্রমণে ভুগছেন। আপনার স্ট্রেপ্টোকক্কাল সংক্রমণ সাধারণ অ্যান্টিবায়োটিকের প্রতি প্রতিরোধী হতে পারে। আপনার কালচার এবং সেনসিটিভিটি পরীক্ষা করা উচিত। এটি অ্যান্টিবায়োটিক নির্বাচন করতে সাহায্য করবে। আপনার ডাক্তারের সাথে পরামর্শ করুন এবং সেই অনুযায়ী চিকিৎসা নিন। আশা করি আমি আপনার প্রশ্নের উত্তর দিতে পেরেছি, যদি আপনার কোনো সন্দেহ থাকে তবে আমার সাথে bit.ly/ Chat Doctor-এ যোগাযোগ করুন। নাসেনিয়া ডক ব্যবহার করার জন্য ধন্যবাদ। আপনার সুস্বাস্থ্য কামনা করি।"
31517,"হেলো, ডেইরি, আমি আপনার প্রশ্নটি দেখেছি। আমি আপনার উদ্বেগ বুঝতে পারছি। আপনার হার্নিয়া সার্জারির ইতিহাস রয়েছে এবং এখন অস্ত্রোপচার পরবর্তী সংক্রমণ হয়েছে। আপনি স্ট্রেপ্টোকক্কাল সংক্রমণে ভুগছেন। আপনার স্ট্রেপ্টোকক্কাল সংক্রমণ সাধারণ অ্যান্টিবায়োটিকের প্রতি প্রতিরোধী হতে পারে। আপনার কালচার এবং সেনসিটিভিটি পরীক্ষা করা উচিত। এটি অ্যান্টিবায়োটিক নির্বাচন করতে সাহায্য করবে। আপনার ডাক্তারের সাথে পরামর্শ করুন এবং সেই অনুযায়ী চিকিৎসা নিন। আশা করি আমি আপনার প্রশ্নের উত্তর দিতে পেরেছি, যদি আপনার কোনো সন্দেহ থাকে তবে আমার সাথে bit.ly/ Chat Doctor-এ যোগাযোগ করুন। নাসেনিয়া ডক ব্যবহার করার জন্য ধন্যবাদ। আপনার সুস্বাস্থ্য কামনা করি।"
33697,"হেলো, ডেইরি, আমি আপনার প্রশ্নটি দেখেছি। আমি আপনার উদ্বেগ বুঝতে পারছি। আপনার হার্নিয়া সার্জারির ইতিহাস রয়েছে এবং এখন অস্ত্রোপচার পরবর্তী সংক্রমণ হয়েছে। আপনি স্ট্রেপ্টোকক্কাল সংক্রমণে ভুগছেন। আপনার স্ট্রেপ্টোকক্কাল সংক্রমণ সাধারণ অ্যান্টিবায়োটিকের প্রতি প্রতিরোধী হতে পারে। আপনার কালচার এবং সেনসিটিভিটি পরীক্ষা করা উচিত। এটি অ্যান্টিবায়োটিক নির্বাচন করতে সাহায্য করবে। আপনার ডাক্তারের সাথে পরামর্শ করুন এবং সেই অনুযায়ী চিকিৎসা নিন। আশা করি আমি আপনার প্রশ্নের উত্তর দিতে পেরেছি, যদি আপনার কোনো সন্দেহ থাকে তবে আমার সাথে bit.ly/ Chat Doctor-এ যোগাযোগ করুন। নাসেনিয়া ডক ব্যবহার করার জন্য ধন্যবাদ। আপনার সুস্বাস্থ্য কামনা করি।"
3421,"হেলো, ডেইরি, আমি আপনার প্রশ্নটি দেখেছি। আমি আপনার উদ্বেগ বুঝতে পারছি। আপনার হার্নিয়া সার্জারির ইতিহাস রয়েছে এবং এখন অস্ত্রোপচার পরবর্তী সংক্রমণ হয়েছে। আপনি স্ট্রেপ্টোকক্কাল সংক্রমণে ভুগছেন। আপনার স্ট্রেপ্টোকক্কাল সংক্রমণ সাধারণ অ্যান্টিবায়োটিকের প্রতি প্রতিরোধী হতে পারে। আপনার কালচার এবং সেনসিটিভিটি পরীক্ষা করা উচিত। এটি অ্যান্টিবায়োটিক নির্বাচন করতে সাহায্য করবে। আপনার ডাক্তারের সাথে পরামর্শ করুন এবং সেই অনুযায়ী চিকিৎসা নিন। আশা করি আমি আপনার প্রশ্নের উত্তর দিতে পেরেছি, যদি আপনার কোনো সন্দেহ থাকে তবে আমার সাথে bit.ly/ Chat Doctor-এ যোগাযোগ করুন। নাসেনিয়া ডক ব্যবহার করার জন্য ধন্যবাদ। আপনার সুস্বাস্থ্য কামনা করি।"
82936,"হেলো, ডেইরি, আমি আপনার প্রশ্নটি দেখেছি। আমি আপনার উদ্বেগ বুঝতে পারছি। আপনার হার্নিয়া সার্জারির ইতিহাস রয়েছে এবং এখন অস্ত্রোপচার পরবর্তী সংক্রমণ হয়েছে। আপনি স্ট্রেপ্টোকক্কাল সংক্রমণে ভুগছেন। আপনার স্ট্রেপ্টোকক্কাল সংক্রমণ সাধারণ অ্যান্টিবায়োটিকের প্রতি প্রতিরোধী হতে পারে। আপনার কালচার এবং সেনসিটিভিটি পরীক্ষা করা উচিত। এটি অ্যান্টিবায়োটিক নির্বাচন করতে সাহায্য করবে। আপনার ডাক্তারের সাথে পরামর্শ করুন এবং সেই অনুযায়ী চিকিৎসা নিন। আশা করি আমি আপনার প্রশ্নের উত্তর দিতে পেরেছি, যদি আপনার কোনো সন্দেহ থাকে তবে আমার সাথে bit.ly/ Chat Doctor-এ যোগাযোগ করুন। নাসেনিয়া ডক ব্যবহার করার জন্য ধন্যবাদ। আপনার সুস্বাস্থ্য কামনা করি।"
110097,"হেলো, ডেইরি, আমি আপনার প্রশ্নটি দেখেছি। আমি আপনার উদ্বেগ বুঝতে পারছি। আপনার হার্নিয়া সার্জারির ইতিহাস রয়েছে এবং এখন অস্ত্রোপচার পরবর্তী সংক্রমণ হয়েছে। আপনি স্ট্রেপ্টোকক্কাল সংক্রমণে ভুগছেন। আপনার স্ট্রেপ্টোকক্কাল সংক্রমণ সাধারণ অ্যান্টিবায়োটিকের প্রতি প্রতিরোধী হতে পারে। আপনার কালচার এবং সেনসিটিভিটি পরীক্ষা করা উচিত। এটি অ্যান্টিবায়োটিক নির্বাচন করতে সাহায্য করবে। আপনার ডাক্তারের সাথে পরামর্শ করুন এবং সেই অনুযায়ী চিকিৎসা নিন। আশা করি আমি আপনার প্রশ্নের উত্তর দিতে পেরেছি, যদি আপনার কোনো সন্দেহ থাকে তবে আমার সাথে bit.ly/ Chat Doctor-এ যোগাযোগ করুন। নাসেনিয়া ডক ব্যবহার করার জন্য ধন্যবাদ। আপনার সুস্বাস্থ্য কামনা করি।"
35434,"হেলো, ডেইরি, আমি আপনার প্রশ্নটি দেখেছি। আমি আপনার উদ্বেগ বুঝতে পারছি। আপনার হার্নিয়া সার্জারির ইতিহাস রয়েছে এবং এখন অস্ত্রোপচার পরবর্তী সংক্রমণ হয়েছে। আপনি স্ট্রেপ্টোকক্কাল সংক্রমণে ভুগছেন। আপনার স্ট্রেপ্টোকক্কাল সংক্রমণ সাধারণ অ্যান্টিবায়োটিকের প্রতি প্রতিরোধী হতে পারে। আপনার কালচার এবং সেনসিটিভিটি পরীক্ষা করা উচিত। এটি অ্যান্টিবায়োটিক নির্বাচন করতে সাহায্য করবে। আপনার ডাক্তারের সাথে পরামর্শ করুন এবং সেই অনুযায়ী চিকিৎসা নিন। আশা করি আমি আপনার প্রশ্নের উত্তর দিতে পেরেছি, যদি আপনার কোনো সন্দেহ থাকে তবে আমার সাথে bit.ly/ Chat Doctor-এ যোগাযোগ করুন। নাসেনিয়া ডক ব্যবহার করার জন্য ধন্যবাদ। আপনার সুস্বাস্থ্য কামনা করি।"
64109,"হেলো, ডেইরি, আমি আপনার প্রশ্নটি দেখেছি। আমি আপনার উদ্বেগ বুঝতে পারছি। আপনার হার্নিয়া সার্জারির ইতিহাস রয়েছে এবং এখন অস্ত্রোপচার পরবর্তী সংক্রমণ হয়েছে। আপনি স্ট্রেপ্টোকক্কাল সংক্রমণে ভুগছেন। আপনার স্ট্রেপ্টোকক্কাল সংক্রমণ সাধারণ অ্যান্টিবায়োটিকের প্রতি প্রতিরোধী হতে পারে। আপনার কালচার এবং সেনসিটিভিটি পরীক্ষা করা উচিত। এটি অ্যান্টিবায়োটিক নির্বাচন করতে সাহায্য করবে। আপনার ডাক্তারের সাথে পরামর্শ করুন এবং সেই অনুযায়ী চিকিৎসা নিন। আশা করি আমি আপনার প্রশ্নের উত্তর দিতে পেরেছি, যদি আপনার কোনো সন্দেহ থাকে তবে আমার সাথে bit.ly/ Chat Doctor-এ যোগাযোগ করুন। নাসেনিয়া ডক ব্যবহার করার জন্য ধন্যবাদ। আপনার সুস্বাস্থ্য কামনা করি।"
9521,"হেলো, ডেইরি, আমি আপনার প্রশ্নটি দেখেছি। আমি আপনার উদ্বেগ বুঝতে পারছি। আপনার হার্নিয়া সার্জারির ইতিহাস রয়েছে এবং এখন অস্ত্রোপচার পরবর্তী সংক্রমণ হয়েছে। আপনি স্ট্রেপ্টোকক্কাল সংক্রমণে ভুগছেন। আপনার স্ট্রেপ্টোকক্কাল সংক্রমণ সাধারণ অ্যান্টিবায়োটিকের প্রতি প্রতিরোধী হতে পারে। আপনার কালচার এবং সেনসিটিভিটি পরীক্ষা করা উচিত। এটি অ্যান্টিবায়োটিক নির্বাচন করতে সাহায্য করবে। আপনার ডাক্তারের সাথে পরামর্শ করুন এবং সেই অনুযায়ী চিকিৎসা নিন। আশা করি আমি আপনার প্রশ্নের উত্তর দিতে পেরেছি, যদি আপনার কোনো সন্দেহ থাকে তবে আমার সাথে bit.ly/ Chat Doctor-এ যোগাযোগ করুন। নাসেনিয়া ডক ব্যবহার করার জন্য ধন্যবাদ। আপনার সুস্বাস্থ্য কামনা করি।"
19739,"হেলো, ডেইরি, আমি আপনার প্রশ্নটি দেখেছি। আমি আপনার উদ্বেগ বুঝতে পারছি। আপনার হার্নিয়া সার্জারির ইতিহাস রয়েছে এবং এখন অস্ত্রোপচার পরবর্তী সংক্রমণ হয়েছে। আপনি স্ট্রেপ্টোকক্কাল সংক্রমণে ভুগছেন। আপনার স্ট্রেপ্টোকক্কাল সংক্রমণ সাধারণ অ্যান্টিবায়োটিকের প্রতি প্রতিরোধী হতে পারে। আপনার কালচার এবং সেনসিটিভিটি পরীক্ষা করা উচিত। এটি অ্যান্টিবায়োটিক নির্বাচন করতে সাহায্য করবে। আপনার ডাক্তারের সাথে পরামর্শ করুন এবং সেই অনুযায়ী চিকিৎসা নিন। আশা করি আমি আপনার প্রশ্নের উত্তর দিতে পেরেছি, যদি আপনার কোনো সন্দেহ থাকে তবে আমার সাথে bit.ly/ Chat Doctor-এ যোগাযোগ করুন। নাসেনিয়া ডক ব্যবহার করার জন্য ধন্যবাদ। আপনার সুস্বাস্থ্য কামনা করি।"
92819,"হেলো, ডেইরি, আমি আপনার প্রশ্নটি দেখেছি। আমি আপনার উদ্বেগ বুঝতে পারছি। আপনার হার্নিয়া সার্জারির ইতিহাস রয়েছে এবং এখন অস্ত্রোপচার পরবর্তী সংক্রমণ হয়েছে। আপনি স্ট্রেপ্টোকক্কাল সংক্রমণে ভুগছেন। আপনার স্ট্রেপ্টোকক্কাল সংক্রমণ সাধারণ অ্যান্টিবায়োটিকের প্রতি প্রতিরোধী হতে পারে। আপনার কালচার এবং সেনসিটিভিটি পরীক্ষা করা উচিত। এটি অ্যান্টিবায়োটিক নির্বাচন করতে সাহায্য করবে। আপনার ডাক্তারের সাথে পরামর্শ করুন এবং সেই অনুযায়ী চিকিৎসা নিন। আশা করি আমি আপনার প্রশ্নের উত্তর দিতে পেরেছি, যদি আপনার কোনো সন্দেহ থাকে তবে আমার সাথে bit.ly/ Chat Doctor-এ যোগাযোগ করুন। নাসেনিয়া ডক ব্যবহার করার জন্য ধন্যবাদ। আপনার সুস্বাস্থ্য কামনা করি।"
76607,"হেলো, ডেইরি, আমি আপনার প্রশ্নটি দেখেছি। আমি আপনার উদ্বেগ বুঝতে পারছি। আপনার হার্নিয়া সার্জারির ইতিহাস রয়েছে এবং এখন অস্ত্রোপচার পরবর্তী সংক্রমণ হয়েছে। আপনি স্ট্রেপ্টোকক্কাল সংক্রমণে ভুগছেন। আপনার স্ট্রেপ্টোকক্কাল সংক্রমণ সাধারণ অ্যান্টিবায়োটিকের প্রতি প্রতিরোধী হতে পারে। আপনার কালচার এবং সেনসিটিভিটি পরীক্ষা করা উচিত। এটি অ্যান্টিবায়োটিক নির্বাচন করতে সাহায্য করবে। আপনার ডাক্তারের সাথে পরামর্শ করুন এবং সেই অনুযায়ী চিকিৎসা নিন। আশা করি আমি আপনার প্রশ্নের উত্তর দিতে পেরেছি, যদি আপনার কোনো সন্দেহ থাকে তবে আমার সাথে bit.ly/ Chat Doctor-এ যোগাযোগ করুন। নাসেনিয়া ডক ব্যবহার করার জন্য ধন্যবাদ। আপনার সুস্বাস্থ্য কামনা করি।"
81440,"হেলো, ডেইরি, আমি আপনার প্রশ্নটি দেখেছি। আমি আপনার উদ্বেগ বুঝতে পারছি। আপনার হার্নিয়া সার্জারির ইতিহাস রয়েছে এবং এখন অস্ত্রোপচার পরবর্তী সংক্রমণ হয়েছে। আপনি স্ট্রেপ্টোকক্কাল সংক্রমণে ভুগছেন। আপনার স্ট্রেপ্টোকক্কাল সংক্রমণ সাধারণ অ্যান্টিবায়োটিকের প্রতি প্রতিরোধী হতে পারে। আপনার কালচার এবং সেনসিটিভিটি পরীক্ষা করা উচিত। এটি অ্যান্টিবায়োটিক নির্বাচন করতে সাহায্য করবে। আপনার ডাক্তারের সাথে পরামর্শ করুন এবং সেই অনুযায়ী চিকিৎসা নিন। আশা করি আমি আপনার প্রশ্নের উত্তর দিতে পেরেছি, যদি আপনার কোনো সন্দেহ থাকে তবে আমার সাথে bit.ly/ Chat Doctor-এ যোগাযোগ করুন। নাসেনিয়া ডক ব্যবহার করার জন্য ধন্যবাদ। আপনার সুস্বাস্থ্য কামনা করি।"
108849,"হেলো, ডেইরি, আমি আপনার প্রশ্নটি দেখেছি। আমি আপনার উদ্বেগ বুঝতে পারছি। আপনার হার্নিয়া সার্জারির ইতিহাস রয়েছে এবং এখন অস্ত্রোপচার পরবর্তী সংক্রমণ হয়েছে। আপনি স্ট্রেপ্টোকক্কাল সংক্রমণে ভুগছেন। আপনার স্ট্রেপ্টোকক্কাল সংক্রমণ সাধারণ অ্যান্টিবায়োটিকের প্রতি প্রতিরোধী হতে পারে। আপনার কালচার এবং সেনসিটিভিটি পরীক্ষা করা উচিত। এটি অ্যান্টিবায়োটিক নির্বাচন করতে সাহায্য করবে। আপনার ডাক্তারের সাথে পরামর্শ করুন এবং সেই অনুযায়ী চিকিৎসা নিন। আশা করি আমি আপনার প্রশ্নের উত্তর দিতে পেরেছি, যদি আপনার কোনো সন্দেহ থাকে তবে আমার সাথে bit.ly/ Chat Doctor-এ যোগাযোগ করুন। নাসেনিয়া ডক ব্যবহার করার জন্য ধন্যবাদ। আপনার সুস্বাস্থ্য কামনা করি।"
91578,"হেলো, ডেইরি, আমি আপনার প্রশ্নটি দেখেছি। আমি আপনার উদ্বেগ বুঝতে পারছি। আপনার হার্নিয়া সার্জারির ইতিহাস রয়েছে এবং এখন অস্ত্রোপচার পরবর্তী সংক্রমণ হয়েছে। আপনি স্ট্রেপ্টোকক্কাল সংক্রমণে ভুগছেন। আপনার স্ট্রেপ্টোকক্কাল সংক্রমণ সাধারণ অ্যান্টিবায়োটিকের প্রতি প্রতিরোধী হতে পারে। আপনার কালচার এবং সেনসিটিভিটি পরীক্ষা করা উচিত। এটি অ্যান্টিবায়োটিক নির্বাচন করতে সাহায্য করবে। আপনার ডাক্তারের সাথে পরামর্শ করুন এবং সেই অনুযায়ী চিকিৎসা নিন। আশা করি আমি আপনার প্রশ্নের উত্তর দিতে পেরেছি, যদি আপনার কোনো সন্দেহ থাকে তবে আমার সাথে bit.ly/ Chat Doctor-এ যোগাযোগ করুন। নাসেনিয়া ডক ব্যবহার করার জন্য ধন্যবাদ। আপনার সুস্বাস্থ্য কামনা করি।"
102665,"হেলো, ডেইরি, আমি আপনার প্রশ্নটি দেখেছি। আমি আপনার উদ্বেগ বুঝতে পারছি। আপনার হার্নিয়া সার্জারির ইতিহাস রয়েছে এবং এখন অস্ত্রোপচার পরবর্তী সংক্রমণ হয়েছে। আপনি স্ট্রেপ্টোকক্কাল সংক্রমণে ভুগছেন। আপনার স্ট্রেপ্টোকক্কাল সংক্রমণ সাধারণ অ্যান্টিবায়োটিকের প্রতি প্রতিরোধী হতে পারে। আপনার কালচার এবং সেনসিটিভিটি পরীক্ষা করা উচিত। এটি অ্যান্টিবায়োটিক নির্বাচন করতে সাহায্য করবে। আপনার ডাক্তারের সাথে পরামর্শ করুন এবং সেই অনুযায়ী চিকিৎসা নিন। আশা করি আমি আপনার প্রশ্নের উত্তর দিতে পেরেছি, যদি আপনার কোনো সন্দেহ থাকে তবে আমার সাথে bit.ly/ Chat Doctor-এ যোগাযোগ করুন। নাসেনিয়া ডক ব্যবহার করার জন্য ধন্যবাদ। আপনার সুস্বাস্থ্য কামনা করি।"
25143,"হেলো, ডেইরি, আমি আপনার প্রশ্নটি দেখেছি। আমি আপনার উদ্বেগ বুঝতে পারছি। আপনার হার্নিয়া সার্জারির ইতিহাস রয়েছে এবং এখন অস্ত্রোপচার পরবর্তী সংক্রমণ হয়েছে। আপনি স্ট্রেপ্টোকক্কাল সংক্রমণে ভুগছেন। আপনার স্ট্রেপ্টোকক্কাল সংক্রমণ সাধারণ অ্যান্টিবায়োটিকের প্রতি প্রতিরোধী হতে পারে। আপনার কালচার এবং সেনসিটিভিটি পরীক্ষা করা উচিত। এটি অ্যান্টিবায়োটিক নির্বাচন করতে সাহায্য করবে। আপনার ডাক্তারের সাথে পরামর্শ করুন এবং সেই অনুযায়ী চিকিৎসা নিন। আশা করি আমি আপনার প্রশ্নের উত্তর দিতে পেরেছি, যদি আপনার কোনো সন্দেহ থাকে তবে আমার সাথে bit.ly/ Chat Doctor-এ যোগাযোগ করুন। নাসেনিয়া ডক ব্যবহার করার জন্য ধন্যবাদ। আপনার সুস্বাস্থ্য কামনা করি।"
67908,"হেলো, ডেইরি, আমি আপনার প্রশ্নটি দেখেছি। আমি আপনার উদ্বেগ বুঝতে পারছি। আপনার হার্নিয়া সার্জারির ইতিহাস রয়েছে এবং এখন অস্ত্রোপচার পরবর্তী সংক্রমণ হয়েছে। আপনি স্ট্রেপ্টোকক্কাল সংক্রমণে ভুগছেন। আপনার স্ট্রেপ্টোকক্কাল সংক্রমণ সাধারণ অ্যান্টিবায়োটিকের প্রতি প্রতিরোধী হতে পারে। আপনার কালচার এবং সেনসিটিভিটি পরীক্ষা করা উচিত। এটি অ্যান্টিবায়োটিক নির্বাচন করতে সাহায্য করবে। আপনার ডাক্তারের সাথে পরামর্শ করুন এবং সেই অনুযায়ী চিকিৎসা নিন। আশা করি আমি আপনার প্রশ্নের উত্তর দিতে পেরেছি, যদি আপনার কোনো সন্দেহ থাকে তবে আমার সাথে bit.ly/ Chat Doctor-এ যোগাযোগ করুন। নাসেনিয়া ডক ব্যবহার করার জন্য ধন্যবাদ। আপনার সুস্বাস্থ্য কামনা করি।"
53324,"হেলো, ডেইরি, আমি আপনার প্রশ্নটি দেখেছি। আমি আপনার উদ্বেগ বুঝতে পারছি। আপনার হার্নিয়া সার্জারির ইতিহাস রয়েছে এবং এখন অস্ত্রোপচার পরবর্তী সংক্রমণ হয়েছে। আপনি স্ট্রেপ্টোকক্কাল সংক্রমণে ভুগছেন। আপনার স্ট্রেপ্টোকক্কাল সংক্রমণ সাধারণ অ্যান্টিবায়োটিকের প্রতি প্রতিরোধী হতে পারে। আপনার কালচার এবং সেনসিটিভিটি পরীক্ষা করা উচিত। এটি অ্যান্টিবায়োটিক নির্বাচন করতে সাহায্য করবে। আপনার ডাক্তারের সাথে পরামর্শ করুন এবং সেই অনুযায়ী চিকিৎসা নিন। আশা করি আমি আপনার প্রশ্নের উত্তর দিতে পেরেছি, যদি আপনার কোনো সন্দেহ থাকে তবে আমার সাথে bit.ly/ Chat Doctor-এ যোগাযোগ করুন। নাসেনিয়া ডক ব্যবহার করার জন্য ধন্যবাদ। আপনার সুস্বাস্থ্য কামনা করি।"
21533,"হেলো, ডেইরি, আমি আপনার প্রশ্নটি দেখেছি। আমি আপনার উদ্বেগ বুঝতে পারছি। আপনার হার্নিয়া সার্জারির ইতিহাস রয়েছে এবং এখন অস্ত্রোপচার পরবর্তী সংক্রমণ হয়েছে। আপনি স্ট্রেপ্টোকক্কাল সংক্রমণে ভুগছেন। আপনার স্ট্রেপ্টোকক্কাল সংক্রমণ সাধারণ অ্যান্টিবায়োটিকের প্রতি প্রতিরোধী হতে পারে। আপনার কালচার এবং সেনসিটিভিটি পরীক্ষা করা উচিত। এটি অ্যান্টিবায়োটিক নির্বাচন করতে সাহায্য করবে। আপনার ডাক্তারের সাথে পরামর্শ করুন এবং সেই অনুযায়ী চিকিৎসা নিন। আশা করি আমি আপনার প্রশ্নের উত্তর দিতে পেরেছি, যদি আপনার কোনো সন্দেহ থাকে তবে আমার সাথে bit.ly/ Chat Doctor-এ যোগাযোগ করুন। নাসেনিয়া ডক ব্যবহার করার জন্য ধন্যবাদ। আপনার সুস্বাস্থ্য কামনা করি।"
78395,"হেলো, ডেইরি, আমি আপনার প্রশ্নটি দেখেছি। আমি আপনার উদ্বেগ বুঝতে পারছি। আপনার হার্নিয়া সার্জারির ইতিহাস রয়েছে এবং এখন অস্ত্রোপচার পরবর্তী সংক্রমণ হয়েছে। আপনি স্ট্রেপ্টোকক্কাল সংক্রমণে ভুগছেন। আপনার স্ট্রেপ্টোকক্কাল সংক্রমণ সাধারণ অ্যান্টিবায়োটিকের প্রতি প্রতিরোধী হতে পারে। আপনার কালচার এবং সেনসিটিভিটি পরীক্ষা করা উচিত। এটি অ্যান্টিবায়োটিক নির্বাচন করতে সাহায্য করবে। আপনার ডাক্তারের সাথে পরামর্শ করুন এবং সেই অনুযায়ী চিকিৎসা নিন। আশা করি আমি আপনার প্রশ্নের উত্তর দিতে পেরেছি, যদি আপনার কোনো সন্দেহ থাকে তবে আমার সাথে bit.ly/ Chat Doctor-এ যোগাযোগ করুন। নাসেনিয়া ডক ব্যবহার করার জন্য ধন্যবাদ। আপনার সুস্বাস্থ্য কামনা করি।"
47785,"হেলো, ডেইরি, আমি আপনার প্রশ্নটি দেখেছি। আমি আপনার উদ্বেগ বুঝতে পারছি। আপনার হার্নিয়া সার্জারির ইতিহাস রয়েছে এবং এখন অস্ত্রোপচার পরবর্তী সংক্রমণ হয়েছে। আপনি স্ট্রেপ্টোকক্কাল সংক্রমণে ভুগছেন। আপনার স্ট্রেপ্টোকক্কাল সংক্রমণ সাধারণ অ্যান্টিবায়োটিকের প্রতি প্রতিরোধী হতে পারে। আপনার কালচার এবং সেনসিটিভিটি পরীক্ষা করা উচিত। এটি অ্যান্টিবায়োটিক নির্বাচন করতে সাহায্য করবে। আপনার ডাক্তারের সাথে পরামর্শ করুন এবং সেই অনুযায়ী চিকিৎসা নিন। আশা করি আমি আপনার প্রশ্নের উত্তর দিতে পেরেছি, যদি আপনার কোনো সন্দেহ থাকে তবে আমার সাথে bit.ly/ Chat Doctor-এ যোগাযোগ করুন। নাসেনিয়া ডক ব্যবহার করার জন্য ধন্যবাদ। আপনার সুস্বাস্থ্য কামনা করি।"
47489,"হেলো, ডেইরি, আমি আপনার প্রশ্নটি দেখেছি। আমি আপনার উদ্বেগ বুঝতে পারছি। আপনার হার্নিয়া সার্জারির ইতিহাস রয়েছে এবং এখন অস্ত্রোপচার পরবর্তী সংক্রমণ হয়েছে। আপনি স্ট্রেপ্টোকক্কাল সংক্রমণে ভুগছেন। আপনার স্ট্রেপ্টোকক্কাল সংক্রমণ সাধারণ অ্যান্টিবায়োটিকের প্রতি প্রতিরোধী হতে পারে। আপনার কালচার এবং সেনসিটিভিটি পরীক্ষা করা উচিত। এটি অ্যান্টিবায়োটিক নির্বাচন করতে সাহায্য করবে। আপনার ডাক্তারের সাথে পরামর্শ করুন এবং সেই অনুযায়ী চিকিৎসা নিন। আশা করি আমি আপনার প্রশ্নের উত্তর দিতে পেরেছি, যদি আপনার কোনো সন্দেহ থাকে তবে আমার সাথে bit.ly/ Chat Doctor-এ যোগাযোগ করুন। নাসেনিয়া ডক ব্যবহার করার জন্য ধন্যবাদ। আপনার সুস্বাস্থ্য কামনা করি।"
14337,"হেলো, ডেইরি, আমি আপনার প্রশ্নটি দেখেছি। আমি আপনার উদ্বেগ বুঝতে পারছি। আপনার হার্নিয়া সার্জারির ইতিহাস রয়েছে এবং এখন অস্ত্রোপচার পরবর্তী সংক্রমণ হয়েছে। আপনি স্ট্রেপ্টোকক্কাল সংক্রমণে ভুগছেন। আপনার স্ট্রেপ্টোকক্কাল সংক্রমণ সাধারণ অ্যান্টিবায়োটিকের প্রতি প্রতিরোধী হতে পারে। আপনার কালচার এবং সেনসিটিভিটি পরীক্ষা করা উচিত। এটি অ্যান্টিবায়োটিক নির্বাচন করতে সাহায্য করবে। আপনার ডাক্তারের সাথে পরামর্শ করুন এবং সেই অনুযায়ী চিকিৎসা নিন। আশা করি আমি আপনার প্রশ্নের উত্তর দিতে পেরেছি, যদি আপনার কোনো সন্দেহ থাকে তবে আমার সাথে bit.ly/ Chat Doctor-এ যোগাযোগ করুন। নাসেনিয়া ডক ব্যবহার করার জন্য ধন্যবাদ। আপনার সুস্বাস্থ্য কামনা করি।"
63579,"হেলো, ডেইরি, আমি আপনার প্রশ্নটি দেখেছি। আমি আপনার উদ্বেগ বুঝতে পারছি। আপনার হার্নিয়া সার্জারির ইতিহাস রয়েছে এবং এখন অস্ত্রোপচার পরবর্তী সংক্রমণ হয়েছে। আপনি স্ট্রেপ্টোকক্কাল সংক্রমণে ভুগছেন। আপনার স্ট্রেপ্টোকক্কাল সংক্রমণ সাধারণ অ্যান্টিবায়োটিকের প্রতি প্রতিরোধী হতে পারে। আপনার কালচার এবং সেনসিটিভিটি পরীক্ষা করা উচিত। এটি অ্যান্টিবায়োটিক নির্বাচন করতে সাহায্য করবে। আপনার ডাক্তারের সাথে পরামর্শ করুন এবং সেই অনুযায়ী চিকিৎসা নিন। আশা করি আমি আপনার প্রশ্নের উত্তর দিতে পেরেছি, যদি আপনার কোনো সন্দেহ থাকে তবে আমার সাথে bit.ly/ Chat Doctor-এ যোগাযোগ করুন। নাসেনিয়া ডক ব্যবহার করার জন্য ধন্যবাদ। আপনার সুস্বাস্থ্য কামনা করি।"
12803,"হেলো, ডেইরি, আমি আপনার প্রশ্নটি দেখেছি। আমি আপনার উদ্বেগ বুঝতে পারছি। আপনার হার্নিয়া সার্জারির ইতিহাস রয়েছে এবং এখন অস্ত্রোপচার পরবর্তী সংক্রমণ হয়েছে। আপনি স্ট্রেপ্টোকক্কাল সংক্রমণে ভুগছেন। আপনার স্ট্রেপ্টোকক্কাল সংক্রমণ সাধারণ অ্যান্টিবায়োটিকের প্রতি প্রতিরোধী হতে পারে। আপনার কালচার এবং সেনসিটিভিটি পরীক্ষা করা উচিত। এটি অ্যান্টিবায়োটিক নির্বাচন করতে সাহায্য করবে। আপনার ডাক্তারের সাথে পরামর্শ করুন এবং সেই অনুযায়ী চিকিৎসা নিন। আশা করি আমি আপনার প্রশ্নের উত্তর দিতে পেরেছি, যদি আপনার কোনো সন্দেহ থাকে তবে আমার সাথে bit.ly/ Chat Doctor-এ যোগাযোগ করুন। নাসেনিয়া ডক ব্যবহার করার জন্য ধন্যবাদ। আপনার সুস্বাস্থ্য কামনা করি।"
27365,"হেলো, ডেইরি, আমি আপনার প্রশ্নটি দেখেছি। আমি আপনার উদ্বেগ বুঝতে পারছি। আপনার হার্নিয়া সার্জারির ইতিহাস রয়েছে এবং এখন অস্ত্রোপচার পরবর্তী সংক্রমণ হয়েছে। আপনি স্ট্রেপ্টোকক্কাল সংক্রমণে ভুগছেন। আপনার স্ট্রেপ্টোকক্কাল সংক্রমণ সাধারণ অ্যান্টিবায়োটিকের প্রতি প্রতিরোধী হতে পারে। আপনার কালচার এবং সেনসিটিভিটি পরীক্ষা করা উচিত। এটি অ্যান্টিবায়োটিক নির্বাচন করতে সাহায্য করবে। আপনার ডাক্তারের সাথে পরামর্শ করুন এবং সেই অনুযায়ী চিকিৎসা নিন। আশা করি আমি আপনার প্রশ্নের উত্তর দিতে পেরেছি, যদি আপনার কোনো সন্দেহ থাকে তবে আমার সাথে bit.ly/ Chat Doctor-এ যোগাযোগ করুন। নাসেনিয়া ডক ব্যবহার করার জন্য ধন্যবাদ। আপনার সুস্বাস্থ্য কামনা করি।"
87840,"হেলো, ডেইরি, আমি আপনার প্রশ্নটি দেখেছি। আমি আপনার উদ্বেগ বুঝতে পারছি। আপনার হার্নিয়া সার্জারির ইতিহাস রয়েছে এবং এখন অস্ত্রোপচার পরবর্তী সংক্রমণ হয়েছে। আপনি স্ট্রেপ্টোকক্কাল সংক্রমণে ভুগছেন। আপনার স্ট্রেপ্টোকক্কাল সংক্রমণ সাধারণ অ্যান্টিবায়োটিকের প্রতি প্রতিরোধী হতে পারে। আপনার কালচার এবং সেনসিটিভিটি পরীক্ষা করা উচিত। এটি অ্যান্টিবায়োটিক নির্বাচন করতে সাহায্য করবে। আপনার ডাক্তারের সাথে পরামর্শ করুন এবং সেই অনুযায়ী চিকিৎসা নিন। আশা করি আমি আপনার প্রশ্নের উত্তর দিতে পেরেছি, যদি আপনার কোনো সন্দেহ থাকে তবে আমার সাথে bit.ly/ Chat Doctor-এ যোগাযোগ করুন। নাসেনিয়া ডক ব্যবহার করার জন্য ধন্যবাদ। আপনার সুস্বাস্থ্য কামনা করি।"
14038,"হেলো, ডেইরি, আমি আপনার প্রশ্নটি দেখেছি। আমি আপনার উদ্বেগ বুঝতে পারছি। আপনার হার্নিয়া সার্জারির ইতিহাস রয়েছে এবং এখন অস্ত্রোপচার পরবর্তী সংক্রমণ হয়েছে। আপনি স্ট্রেপ্টোকক্কাল সংক্রমণে ভুগছেন। আপনার স্ট্রেপ্টোকক্কাল সংক্রমণ সাধারণ অ্যান্টিবায়োটিকের প্রতি প্রতিরোধী হতে পারে। আপনার কালচার এবং সেনসিটিভিটি পরীক্ষা করা উচিত। এটি অ্যান্টিবায়োটিক নির্বাচন করতে সাহায্য করবে। আপনার ডাক্তারের সাথে পরামর্শ করুন এবং সেই অনুযায়ী চিকিৎসা নিন। আশা করি আমি আপনার প্রশ্নের উত্তর দিতে পেরেছি, যদি আপনার কোনো সন্দেহ থাকে তবে আমার সাথে bit.ly/ Chat Doctor-এ যোগাযোগ করুন। নাসেনিয়া ডক ব্যবহার করার জন্য ধন্যবাদ। আপনার সুস্বাস্থ্য কামনা করি।"
103189,"হেলো, ডেইরি, আমি আপনার প্রশ্নটি দেখেছি। আমি আপনার উদ্বেগ বুঝতে পারছি। আপনার হার্নিয়া সার্জারির ইতিহাস রয়েছে এবং এখন অস্ত্রোপচার পরবর্তী সংক্রমণ হয়েছে। আপনি স্ট্রেপ্টোকক্কাল সংক্রমণে ভুগছেন। আপনার স্ট্রেপ্টোকক্কাল সংক্রমণ সাধারণ অ্যান্টিবায়োটিকের প্রতি প্রতিরোধী হতে পারে। আপনার কালচার এবং সেনসিটিভিটি পরীক্ষা করা উচিত। এটি অ্যান্টিবায়োটিক নির্বাচন করতে সাহায্য করবে। আপনার ডাক্তারের সাথে পরামর্শ করুন এবং সেই অনুযায়ী চিকিৎসা নিন। আশা করি আমি আপনার প্রশ্নের উত্তর দিতে পেরেছি, যদি আপনার কোনো সন্দেহ থাকে তবে আমার সাথে bit.ly/ Chat Doctor-এ যোগাযোগ করুন। নাসেনিয়া ডক ব্যবহার করার জন্য ধন্যবাদ। আপনার সুস্বাস্থ্য কামনা করি।"
109991,"হেলো, ডেইরি, আমি আপনার প্রশ্নটি দেখেছি। আমি আপনার উদ্বেগ বুঝতে পারছি। আপনার হার্নিয়া সার্জারির ইতিহাস রয়েছে এবং এখন অস্ত্রোপচার পরবর্তী সংক্রমণ হয়েছে। আপনি স্ট্রেপ্টোকক্কাল সংক্রমণে ভুগছেন। আপনার স্ট্রেপ্টোকক্কাল সংক্রমণ সাধারণ অ্যান্টিবায়োটিকের প্রতি প্রতিরোধী হতে পারে। আপনার কালচার এবং সেনসিটিভিটি পরীক্ষা করা উচিত। এটি অ্যান্টিবায়োটিক নির্বাচন করতে সাহায্য করবে। আপনার ডাক্তারের সাথে পরামর্শ করুন এবং সেই অনুযায়ী চিকিৎসা নিন। আশা করি আমি আপনার প্রশ্নের উত্তর দিতে পেরেছি, যদি আপনার কোনো সন্দেহ থাকে তবে আমার সাথে bit.ly/ Chat Doctor-এ যোগাযোগ করুন। নাসেনিয়া ডক ব্যবহার করার জন্য ধন্যবাদ। আপনার সুস্বাস্থ্য কামনা করি।"
102067,"হেলো, ডেইরি, আমি আপনার প্রশ্নটি দেখেছি। আমি আপনার উদ্বেগ বুঝতে পারছি। আপনার হার্নিয়া সার্জারির ইতিহাস রয়েছে এবং এখন অস্ত্রোপচার পরবর্তী সংক্রমণ হয়েছে। আপনি স্ট্রেপ্টোকক্কাল সংক্রমণে ভুগছেন। আপনার স্ট্রেপ্টোকক্কাল সংক্রমণ সাধারণ অ্যান্টিবায়োটিকের প্রতি প্রতিরোধী হতে পারে। আপনার কালচার এবং সেনসিটিভিটি পরীক্ষা করা উচিত। এটি অ্যান্টিবায়োটিক নির্বাচন করতে সাহায্য করবে। আপনার ডাক্তারের সাথে পরামর্শ করুন এবং সেই অনুযায়ী চিকিৎসা নিন। আশা করি আমি আপনার প্রশ্নের উত্তর দিতে পেরেছি, যদি আপনার কোনো সন্দেহ থাকে তবে আমার সাথে bit.ly/ Chat Doctor-এ যোগাযোগ করুন। নাসেনিয়া ডক ব্যবহার করার জন্য ধন্যবাদ। আপনার সুস্বাস্থ্য কামনা করি।"
16092,"হেলো, ডেইরি, আমি আপনার প্রশ্নটি দেখেছি। আমি আপনার উদ্বেগ বুঝতে পারছি। আপনার হার্নিয়া সার্জারির ইতিহাস রয়েছে এবং এখন অস্ত্রোপচার পরবর্তী সংক্রমণ হয়েছে। আপনি স্ট্রেপ্টোকক্কাল সংক্রমণে ভুগছেন। আপনার স্ট্রেপ্টোকক্কাল সংক্রমণ সাধারণ অ্যান্টিবায়োটিকের প্রতি প্রতিরোধী হতে পারে। আপনার কালচার এবং সেনসিটিভিটি পরীক্ষা করা উচিত। এটি অ্যান্টিবায়োটিক নির্বাচন করতে সাহায্য করবে। আপনার ডাক্তারের সাথে পরামর্শ করুন এবং সেই অনুযায়ী চিকিৎসা নিন। আশা করি আমি আপনার প্রশ্নের উত্তর দিতে পেরেছি, যদি আপনার কোনো সন্দেহ থাকে তবে আমার সাথে bit.ly/ Chat Doctor-এ যোগাযোগ করুন। নাসেনিয়া ডক ব্যবহার করার জন্য ধন্যবাদ। আপনার সুস্বাস্থ্য কামনা করি।"
56890,"হেলো, ডেইরি, আমি আপনার প্রশ্নটি দেখেছি। আমি আপনার উদ্বেগ বুঝতে পারছি। আপনার হার্নিয়া সার্জারির ইতিহাস রয়েছে এবং এখন অস্ত্রোপচার পরবর্তী সংক্রমণ হয়েছে। আপনি স্ট্রেপ্টোকক্কাল সংক্রমণে ভুগছেন। আপনার স্ট্রেপ্টোকক্কাল সংক্রমণ সাধারণ অ্যান্টিবায়োটিকের প্রতি প্রতিরোধী হতে পারে। আপনার কালচার এবং সেনসিটিভিটি পরীক্ষা করা উচিত। এটি অ্যান্টিবায়োটিক নির্বাচন করতে সাহায্য করবে। আপনার ডাক্তারের সাথে পরামর্শ করুন এবং সেই অনুযায়ী চিকিৎসা নিন। আশা করি আমি আপনার প্রশ্নের উত্তর দিতে পেরেছি, যদি আপনার কোনো সন্দেহ থাকে তবে আমার সাথে bit.ly/ Chat Doctor-এ যোগাযোগ করুন। নাসেনিয়া ডক ব্যবহার করার জন্য ধন্যবাদ। আপনার সুস্বাস্থ্য কামনা করি।"
87983,"হেলো, ডেইরি, আমি আপনার প্রশ্নটি দেখেছি। আমি আপনার উদ্বেগ বুঝতে পারছি। আপনার হার্নিয়া সার্জারির ইতিহাস রয়েছে এবং এখন অস্ত্রোপচার পরবর্তী সংক্রমণ হয়েছে। আপনি স্ট্রেপ্টোকক্কাল সংক্রমণে ভুগছেন। আপনার স্ট্রেপ্টোকক্কাল সংক্রমণ সাধারণ অ্যান্টিবায়োটিকের প্রতি প্রতিরোধী হতে পারে। আপনার কালচার এবং সেনসিটিভিটি পরীক্ষা করা উচিত। এটি অ্যান্টিবায়োটিক নির্বাচন করতে সাহায্য করবে। আপনার ডাক্তারের সাথে পরামর্শ করুন এবং সেই অনুযায়ী চিকিৎসা নিন। আশা করি আমি আপনার প্রশ্নের উত্তর দিতে পেরেছি, যদি আপনার কোনো সন্দেহ থাকে তবে আমার সাথে bit.ly/ Chat Doctor-এ যোগাযোগ করুন। নাসেনিয়া ডক ব্যবহার করার জন্য ধন্যবাদ। আপনার সুস্বাস্থ্য কামনা করি।"
5589,"হেলো, ডেইরি, আমি আপনার প্রশ্নটি দেখেছি। আমি আপনার উদ্বেগ বুঝতে পারছি। আপনার হার্নিয়া সার্জারির ইতিহাস রয়েছে এবং এখন অস্ত্রোপচার পরবর্তী সংক্রমণ হয়েছে। আপনি স্ট্রেপ্টোকক্কাল সংক্রমণে ভুগছেন। আপনার স্ট্রেপ্টোকক্কাল সংক্রমণ সাধারণ অ্যান্টিবায়োটিকের প্রতি প্রতিরোধী হতে পারে। আপনার কালচার এবং সেনসিটিভিটি পরীক্ষা করা উচিত। এটি অ্যান্টিবায়োটিক নির্বাচন করতে সাহায্য করবে। আপনার ডাক্তারের সাথে পরামর্শ করুন এবং সেই অনুযায়ী চিকিৎসা নিন। আশা করি আমি আপনার প্রশ্নের উত্তর দিতে পেরেছি, যদি আপনার কোনো সন্দেহ থাকে তবে আমার সাথে bit.ly/ Chat Doctor-এ যোগাযোগ করুন। নাসেনিয়া ডক ব্যবহার করার জন্য ধন্যবাদ। আপনার সুস্বাস্থ্য কামনা করি।"
62158,"হেলো, ডেইরি, আমি আপনার প্রশ্নটি দেখেছি। আমি আপনার উদ্বেগ বুঝতে পারছি। আপনার হার্নিয়া সার্জারির ইতিহাস রয়েছে এবং এখন অস্ত্রোপচার পরবর্তী সংক্রমণ হয়েছে। আপনি স্ট্রেপ্টোকক্কাল সংক্রমণে ভুগছেন। আপনার স্ট্রেপ্টোকক্কাল সংক্রমণ সাধারণ অ্যান্টিবায়োটিকের প্রতি প্রতিরোধী হতে পারে। আপনার কালচার এবং সেনসিটিভিটি পরীক্ষা করা উচিত। এটি অ্যান্টিবায়োটিক নির্বাচন করতে সাহায্য করবে। আপনার ডাক্তারের সাথে পরামর্শ করুন এবং সেই অনুযায়ী চিকিৎসা নিন। আশা করি আমি আপনার প্রশ্নের উত্তর দিতে পেরেছি, যদি আপনার কোনো সন্দেহ থাকে তবে আমার সাথে bit.ly/ Chat Doctor-এ যোগাযোগ করুন। নাসেনিয়া ডক ব্যবহার করার জন্য ধন্যবাদ। আপনার সুস্বাস্থ্য কামনা করি।"
58888,"হেলো, ডেইরি, আমি আপনার প্রশ্নটি দেখেছি। আমি আপনার উদ্বেগ বুঝতে পারছি। আপনার হার্নিয়া সার্জারির ইতিহাস রয়েছে এবং এখন অস্ত্রোপচার পরবর্তী সংক্রমণ হয়েছে। আপনি স্ট্রেপ্টোকক্কাল সংক্রমণে ভুগছেন। আপনার স্ট্রেপ্টোকক্কাল সংক্রমণ সাধারণ অ্যান্টিবায়োটিকের প্রতি প্রতিরোধী হতে পারে। আপনার কালচার এবং সেনসিটিভিটি পরীক্ষা করা উচিত। এটি অ্যান্টিবায়োটিক নির্বাচন করতে সাহায্য করবে। আপনার ডাক্তারের সাথে পরামর্শ করুন এবং সেই অনুযায়ী চিকিৎসা নিন। আশা করি আমি আপনার প্রশ্নের উত্তর দিতে পেরেছি, যদি আপনার কোনো সন্দেহ থাকে তবে আমার সাথে bit.ly/ Chat Doctor-এ যোগাযোগ করুন। নাসেনিয়া ডক ব্যবহার করার জন্য ধন্যবাদ। আপনার সুস্বাস্থ্য কামনা করি।"
96526,"হেলো, ডেইরি, আমি আপনার প্রশ্নটি দেখেছি। আমি আপনার উদ্বেগ বুঝতে পারছি। আপনার হার্নিয়া সার্জারির ইতিহাস রয়েছে এবং এখন অস্ত্রোপচার পরবর্তী সংক্রমণ হয়েছে। আপনি স্ট্রেপ্টোকক্কাল সংক্রমণে ভুগছেন। আপনার স্ট্রেপ্টোকক্কাল সংক্রমণ সাধারণ অ্যান্টিবায়োটিকের প্রতি প্রতিরোধী হতে পারে। আপনার কালচার এবং সেনসিটিভিটি পরীক্ষা করা উচিত। এটি অ্যান্টিবায়োটিক নির্বাচন করতে সাহায্য করবে। আপনার ডাক্তারের সাথে পরামর্শ করুন এবং সেই অনুযায়ী চিকিৎসা নিন। আশা করি আমি আপনার প্রশ্নের উত্তর দিতে পেরেছি, যদি আপনার কোনো সন্দেহ থাকে তবে আমার সাথে bit.ly/ Chat Doctor-এ যোগাযোগ করুন। নাসেনিয়া ডক ব্যবহার করার জন্য ধন্যবাদ। আপনার সুস্বাস্থ্য কামনা করি।"
105053,"হেলো, ডেইরি, আমি আপনার প্রশ্নটি দেখেছি। আমি আপনার উদ্বেগ বুঝতে পারছি। আপনার হার্নিয়া সার্জারির ইতিহাস রয়েছে এবং এখন অস্ত্রোপচার পরবর্তী সংক্রমণ হয়েছে। আপনি স্ট্রেপ্টোকক্কাল সংক্রমণে ভুগছেন। আপনার স্ট্রেপ্টোকক্কাল সংক্রমণ সাধারণ অ্যান্টিবায়োটিকের প্রতি প্রতিরোধী হতে পারে। আপনার কালচার এবং সেনসিটিভিটি পরীক্ষা করা উচিত। এটি অ্যান্টিবায়োটিক নির্বাচন করতে সাহায্য করবে। আপনার ডাক্তারের সাথে পরামর্শ করুন এবং সেই অনুযায়ী চিকিৎসা নিন। আশা করি আমি আপনার প্রশ্নের উত্তর দিতে পেরেছি, যদি আপনার কোনো সন্দেহ থাকে তবে আমার সাথে bit.ly/ Chat Doctor-এ যোগাযোগ করুন। নাসেনিয়া ডক ব্যবহার করার জন্য ধন্যবাদ। আপনার সুস্বাস্থ্য কামনা করি।"
43608,"হেলো, ডেইরি, আমি আপনার প্রশ্নটি দেখেছি। আমি আপনার উদ্বেগ বুঝতে পারছি। আপনার হার্নিয়া সার্জারির ইতিহাস রয়েছে এবং এখন অস্ত্রোপচার পরবর্তী সংক্রমণ হয়েছে। আপনি স্ট্রেপ্টোকক্কাল সংক্রমণে ভুগছেন। আপনার স্ট্রেপ্টোকক্কাল সংক্রমণ সাধারণ অ্যান্টিবায়োটিকের প্রতি প্রতিরোধী হতে পারে। আপনার কালচার এবং সেনসিটিভিটি পরীক্ষা করা উচিত। এটি অ্যান্টিবায়োটিক নির্বাচন করতে সাহায্য করবে। আপনার ডাক্তারের সাথে পরামর্শ করুন এবং সেই অনুযায়ী চিকিৎসা নিন। আশা করি আমি আপনার প্রশ্নের উত্তর দিতে পেরেছি, যদি আপনার কোনো সন্দেহ থাকে তবে আমার সাথে bit.ly/ Chat Doctor-এ যোগাযোগ করুন। নাসেনিয়া ডক ব্যবহার করার জন্য ধন্যবাদ। আপনার সুস্বাস্থ্য কামনা করি।"
51508,"হেলো, ডেইরি, আমি আপনার প্রশ্নটি দেখেছি। আমি আপনার উদ্বেগ বুঝতে পারছি। আপনার হার্নিয়া সার্জারির ইতিহাস রয়েছে এবং এখন অস্ত্রোপচার পরবর্তী সংক্রমণ হয়েছে। আপনি স্ট্রেপ্টোকক্কাল সংক্রমণে ভুগছেন। আপনার স্ট্রেপ্টোকক্কাল সংক্রমণ সাধারণ অ্যান্টিবায়োটিকের প্রতি প্রতিরোধী হতে পারে। আপনার কালচার এবং সেনসিটিভিটি পরীক্ষা করা উচিত। এটি অ্যান্টিবায়োটিক নির্বাচন করতে সাহায্য করবে। আপনার ডাক্তারের সাথে পরামর্শ করুন এবং সেই অনুযায়ী চিকিৎসা নিন। আশা করি আমি আপনার প্রশ্নের উত্তর দিতে পেরেছি, যদি আপনার কোনো সন্দেহ থাকে তবে আমার সাথে bit.ly/ Chat Doctor-এ যোগাযোগ করুন। নাসেনিয়া ডক ব্যবহার করার জন্য ধন্যবাদ। আপনার সুস্বাস্থ্য কামনা করি।"
61940,"হেলো, ডেইরি, আমি আপনার প্রশ্নটি দেখেছি। আমি আপনার উদ্বেগ বুঝতে পারছি। আপনার হার্নিয়া সার্জারির ইতিহাস রয়েছে এবং এখন অস্ত্রোপচার পরবর্তী সংক্রমণ হয়েছে। আপনি স্ট্রেপ্টোকক্কাল সংক্রমণে ভুগছেন। আপনার স্ট্রেপ্টোকক্কাল সংক্রমণ সাধারণ অ্যান্টিবায়োটিকের প্রতি প্রতিরোধী হতে পারে। আপনার কালচার এবং সেনসিটিভিটি পরীক্ষা করা উচিত। এটি অ্যান্টিবায়োটিক নির্বাচন করতে সাহায্য করবে। আপনার ডাক্তারের সাথে পরামর্শ করুন এবং সেই অনুযায়ী চিকিৎসা নিন। আশা করি আমি আপনার প্রশ্নের উত্তর দিতে পেরেছি, যদি আপনার কোনো সন্দেহ থাকে তবে আমার সাথে bit.ly/ Chat Doctor-এ যোগাযোগ করুন। নাসেনিয়া ডক ব্যবহার করার জন্য ধন্যবাদ। আপনার সুস্বাস্থ্য কামনা করি।"
76632,"হেলো, ডেইরি, আমি আপনার প্রশ্নটি দেখেছি। আমি আপনার উদ্বেগ বুঝতে পারছি। আপনার হার্নিয়া সার্জারির ইতিহাস রয়েছে এবং এখন অস্ত্রোপচার পরবর্তী সংক্রমণ হয়েছে। আপনি স্ট্রেপ্টোকক্কাল সংক্রমণে ভুগছেন। আপনার স্ট্রেপ্টোকক্কাল সংক্রমণ সাধারণ অ্যান্টিবায়োটিকের প্রতি প্রতিরোধী হতে পারে। আপনার কালচার এবং সেনসিটিভিটি পরীক্ষা করা উচিত। এটি অ্যান্টিবায়োটিক নির্বাচন করতে সাহায্য করবে। আপনার ডাক্তারের সাথে পরামর্শ করুন এবং সেই অনুযায়ী চিকিৎসা নিন। আশা করি আমি আপনার প্রশ্নের উত্তর দিতে পেরেছি, যদি আপনার কোনো সন্দেহ থাকে তবে আমার সাথে bit.ly/ Chat Doctor-এ যোগাযোগ করুন। নাসেনিয়া ডক ব্যবহার করার জন্য ধন্যবাদ। আপনার সুস্বাস্থ্য কামনা করি।"
93606,"হেলো, ডেইরি, আমি আপনার প্রশ্নটি দেখেছি। আমি আপনার উদ্বেগ বুঝতে পারছি। আপনার হার্নিয়া সার্জারির ইতিহাস রয়েছে এবং এখন অস্ত্রোপচার পরবর্তী সংক্রমণ হয়েছে। আপনি স্ট্রেপ্টোকক্কাল সংক্রমণে ভুগছেন। আপনার স্ট্রেপ্টোকক্কাল সংক্রমণ সাধারণ অ্যান্টিবায়োটিকের প্রতি প্রতিরোধী হতে পারে। আপনার কালচার এবং সেনসিটিভিটি পরীক্ষা করা উচিত। এটি অ্যান্টিবায়োটিক নির্বাচন করতে সাহায্য করবে। আপনার ডাক্তারের সাথে পরামর্শ করুন এবং সেই অনুযায়ী চিকিৎসা নিন। আশা করি আমি আপনার প্রশ্নের উত্তর দিতে পেরেছি, যদি আপনার কোনো সন্দেহ থাকে তবে আমার সাথে bit.ly/ Chat Doctor-এ যোগাযোগ করুন। নাসেনিয়া ডক ব্যবহার করার জন্য ধন্যবাদ। আপনার সুস্বাস্থ্য কামনা করি।"
5109,"হেলো, ডেইরি, আমি আপনার প্রশ্নটি দেখেছি। আমি আপনার উদ্বেগ বুঝতে পারছি। আপনার হার্নিয়া সার্জারির ইতিহাস রয়েছে এবং এখন অস্ত্রোপচার পরবর্তী সংক্রমণ হয়েছে। আপনি স্ট্রেপ্টোকক্কাল সংক্রমণে ভুগছেন। আপনার স্ট্রেপ্টোকক্কাল সংক্রমণ সাধারণ অ্যান্টিবায়োটিকের প্রতি প্রতিরোধী হতে পারে। আপনার কালচার এবং সেনসিটিভিটি পরীক্ষা করা উচিত। এটি অ্যান্টিবায়োটিক নির্বাচন করতে সাহায্য করবে। আপনার ডাক্তারের সাথে পরামর্শ করুন এবং সেই অনুযায়ী চিকিৎসা নিন। আশা করি আমি আপনার প্রশ্নের উত্তর দিতে পেরেছি, যদি আপনার কোনো সন্দেহ থাকে তবে আমার সাথে bit.ly/ Chat Doctor-এ যোগাযোগ করুন। নাসেনিয়া ডক ব্যবহার করার জন্য ধন্যবাদ। আপনার সুস্বাস্থ্য কামনা করি।"
89173,"হেলো, ডেইরি, আমি আপনার প্রশ্নটি দেখেছি। আমি আপনার উদ্বেগ বুঝতে পারছি। আপনার হার্নিয়া সার্জারির ইতিহাস রয়েছে এবং এখন অস্ত্রোপচার পরবর্তী সংক্রমণ হয়েছে। আপনি স্ট্রেপ্টোকক্কাল সংক্রমণে ভুগছেন। আপনার স্ট্রেপ্টোকক্কাল সংক্রমণ সাধারণ অ্যান্টিবায়োটিকের প্রতি প্রতিরোধী হতে পারে। আপনার কালচার এবং সেনসিটিভিটি পরীক্ষা করা উচিত। এটি অ্যান্টিবায়োটিক নির্বাচন করতে সাহায্য করবে। আপনার ডাক্তারের সাথে পরামর্শ করুন এবং সেই অনুযায়ী চিকিৎসা নিন। আশা করি আমি আপনার প্রশ্নের উত্তর দিতে পেরেছি, যদি আপনার কোনো সন্দেহ থাকে তবে আমার সাথে bit.ly/ Chat Doctor-এ যোগাযোগ করুন। নাসেনিয়া ডক ব্যবহার করার জন্য ধন্যবাদ। আপনার সুস্বাস্থ্য কামনা করি।"
30105,"হেলো, ডেইরি, আমি আপনার প্রশ্নটি দেখেছি। আমি আপনার উদ্বেগ বুঝতে পারছি। আপনার হার্নিয়া সার্জারির ইতিহাস রয়েছে এবং এখন অস্ত্রোপচার পরবর্তী সংক্রমণ হয়েছে। আপনি স্ট্রেপ্টোকক্কাল সংক্রমণে ভুগছেন। আপনার স্ট্রেপ্টোকক্কাল সংক্রমণ সাধারণ অ্যান্টিবায়োটিকের প্রতি প্রতিরোধী হতে পারে। আপনার কালচার এবং সেনসিটিভিটি পরীক্ষা করা উচিত। এটি অ্যান্টিবায়োটিক নির্বাচন করতে সাহায্য করবে। আপনার ডাক্তারের সাথে পরামর্শ করুন এবং সেই অনুযায়ী চিকিৎসা নিন। আশা করি আমি আপনার প্রশ্নের উত্তর দিতে পেরেছি, যদি আপনার কোনো সন্দেহ থাকে তবে আমার সাথে bit.ly/ Chat Doctor-এ যোগাযোগ করুন। নাসেনিয়া ডক ব্যবহার করার জন্য ধন্যবাদ। আপনার সুস্বাস্থ্য কামনা করি।"
46556,"হেলো, ডেইরি, আমি আপনার প্রশ্নটি দেখেছি। আমি আপনার উদ্বেগ বুঝতে পারছি। আপনার হার্নিয়া সার্জারির ইতিহাস রয়েছে এবং এখন অস্ত্রোপচার পরবর্তী সংক্রমণ হয়েছে। আপনি স্ট্রেপ্টোকক্কাল সংক্রমণে ভুগছেন। আপনার স্ট্রেপ্টোকক্কাল সংক্রমণ সাধারণ অ্যান্টিবায়োটিকের প্রতি প্রতিরোধী হতে পারে। আপনার কালচার এবং সেনসিটিভিটি পরীক্ষা করা উচিত। এটি অ্যান্টিবায়োটিক নির্বাচন করতে সাহায্য করবে। আপনার ডাক্তারের সাথে পরামর্শ করুন এবং সেই অনুযায়ী চিকিৎসা নিন। আশা করি আমি আপনার প্রশ্নের উত্তর দিতে পেরেছি, যদি আপনার কোনো সন্দেহ থাকে তবে আমার সাথে bit.ly/ Chat Doctor-এ যোগাযোগ করুন। নাসেনিয়া ডক ব্যবহার করার জন্য ধন্যবাদ। আপনার সুস্বাস্থ্য কামনা করি।"
21718,"হেলো, ডেইরি, আমি আপনার প্রশ্নটি দেখেছি। আমি আপনার উদ্বেগ বুঝতে পারছি। আপনার হার্নিয়া সার্জারির ইতিহাস রয়েছে এবং এখন অস্ত্রোপচার পরবর্তী সংক্রমণ হয়েছে। আপনি স্ট্রেপ্টোকক্কাল সংক্রমণে ভুগছেন। আপনার স্ট্রেপ্টোকক্কাল সংক্রমণ সাধারণ অ্যান্টিবায়োটিকের প্রতি প্রতিরোধী হতে পারে। আপনার কালচার এবং সেনসিটিভিটি পরীক্ষা করা উচিত। এটি অ্যান্টিবায়োটিক নির্বাচন করতে সাহায্য করবে। আপনার ডাক্তারের সাথে পরামর্শ করুন এবং সেই অনুযায়ী চিকিৎসা নিন। আশা করি আমি আপনার প্রশ্নের উত্তর দিতে পেরেছি, যদি আপনার কোনো সন্দেহ থাকে তবে আমার সাথে bit.ly/ Chat Doctor-এ যোগাযোগ করুন। নাসেনিয়া ডক ব্যবহার করার জন্য ধন্যবাদ। আপনার সুস্বাস্থ্য কামনা করি।"
46663,"হেলো, ডেইরি, আমি আপনার প্রশ্নটি দেখেছি। আমি আপনার উদ্বেগ বুঝতে পারছি। আপনার হার্নিয়া সার্জারির ইতিহাস রয়েছে এবং এখন অস্ত্রোপচার পরবর্তী সংক্রমণ হয়েছে। আপনি স্ট্রেপ্টোকক্কাল সংক্রমণে ভুগছেন। আপনার স্ট্রেপ্টোকক্কাল সংক্রমণ সাধারণ অ্যান্টিবায়োটিকের প্রতি প্রতিরোধী হতে পারে। আপনার কালচার এবং সেনসিটিভিটি পরীক্ষা করা উচিত। এটি অ্যান্টিবায়োটিক নির্বাচন করতে সাহায্য করবে। আপনার ডাক্তারের সাথে পরামর্শ করুন এবং সেই অনুযায়ী চিকিৎসা নিন। আশা করি আমি আপনার প্রশ্নের উত্তর দিতে পেরেছি, যদি আপনার কোনো সন্দেহ থাকে তবে আমার সাথে bit.ly/ Chat Doctor-এ যোগাযোগ করুন। নাসেনিয়া ডক ব্যবহার করার জন্য ধন্যবাদ। আপনার সুস্বাস্থ্য কামনা করি।"
34258,"হেলো, ডেইরি, আমি আপনার প্রশ্নটি দেখেছি। আমি আপনার উদ্বেগ বুঝতে পারছি। আপনার হার্নিয়া সার্জারির ইতিহাস রয়েছে এবং এখন অস্ত্রোপচার পরবর্তী সংক্রমণ হয়েছে। আপনি স্ট্রেপ্টোকক্কাল সংক্রমণে ভুগছেন। আপনার স্ট্রেপ্টোকক্কাল সংক্রমণ সাধারণ অ্যান্টিবায়োটিকের প্রতি প্রতিরোধী হতে পারে। আপনার কালচার এবং সেনসিটিভিটি পরীক্ষা করা উচিত। এটি অ্যান্টিবায়োটিক নির্বাচন করতে সাহায্য করবে। আপনার ডাক্তারের সাথে পরামর্শ করুন এবং সেই অনুযায়ী চিকিৎসা নিন। আশা করি আমি আপনার প্রশ্নের উত্তর দিতে পেরেছি, যদি আপনার কোনো সন্দেহ থাকে তবে আমার সাথে bit.ly/ Chat Doctor-এ যোগাযোগ করুন। নাসেনিয়া ডক ব্যবহার করার জন্য ধন্যবাদ। আপনার সুস্বাস্থ্য কামনা করি।"
104980,"হেলো, ডেইরি, আমি আপনার প্রশ্নটি দেখেছি। আমি আপনার উদ্বেগ বুঝতে পারছি। আপনার হার্নিয়া সার্জারির ইতিহাস রয়েছে এবং এখন অস্ত্রোপচার পরবর্তী সংক্রমণ হয়েছে। আপনি স্ট্রেপ্টোকক্কাল সংক্রমণে ভুগছেন। আপনার স্ট্রেপ্টোকক্কাল সংক্রমণ সাধারণ অ্যান্টিবায়োটিকের প্রতি প্রতিরোধী হতে পারে। আপনার কালচার এবং সেনসিটিভিটি পরীক্ষা করা উচিত। এটি অ্যান্টিবায়োটিক নির্বাচন করতে সাহায্য করবে। আপনার ডাক্তারের সাথে পরামর্শ করুন এবং সেই অনুযায়ী চিকিৎসা নিন। আশা করি আমি আপনার প্রশ্নের উত্তর দিতে পেরেছি, যদি আপনার কোনো সন্দেহ থাকে তবে আমার সাথে bit.ly/ Chat Doctor-এ যোগাযোগ করুন। নাসেনিয়া ডক ব্যবহার করার জন্য ধন্যবাদ। আপনার সুস্বাস্থ্য কামনা করি।"
21446,"হেলো, ডেইরি, আমি আপনার প্রশ্নটি দেখেছি। আমি আপনার উদ্বেগ বুঝতে পারছি। আপনার হার্নিয়া সার্জারির ইতিহাস রয়েছে এবং এখন অস্ত্রোপচার পরবর্তী সংক্রমণ হয়েছে। আপনি স্ট্রেপ্টোকক্কাল সংক্রমণে ভুগছেন। আপনার স্ট্রেপ্টোকক্কাল সংক্রমণ সাধারণ অ্যান্টিবায়োটিকের প্রতি প্রতিরোধী হতে পারে। আপনার কালচার এবং সেনসিটিভিটি পরীক্ষা করা উচিত। এটি অ্যান্টিবায়োটিক নির্বাচন করতে সাহায্য করবে। আপনার ডাক্তারের সাথে পরামর্শ করুন এবং সেই অনুযায়ী চিকিৎসা নিন। আশা করি আমি আপনার প্রশ্নের উত্তর দিতে পেরেছি, যদি আপনার কোনো সন্দেহ থাকে তবে আমার সাথে bit.ly/ Chat Doctor-এ যোগাযোগ করুন। নাসেনিয়া ডক ব্যবহার করার জন্য ধন্যবাদ। আপনার সুস্বাস্থ্য কামনা করি।"
106800,"হেলো, ডেইরি, আমি আপনার প্রশ্নটি দেখেছি। আমি আপনার উদ্বেগ বুঝতে পারছি। আপনার হার্নিয়া সার্জারির ইতিহাস রয়েছে এবং এখন অস্ত্রোপচার পরবর্তী সংক্রমণ হয়েছে। আপনি স্ট্রেপ্টোকক্কাল সংক্রমণে ভুগছেন। আপনার স্ট্রেপ্টোকক্কাল সংক্রমণ সাধারণ অ্যান্টিবায়োটিকের প্রতি প্রতিরোধী হতে পারে। আপনার কালচার এবং সেনসিটিভিটি পরীক্ষা করা উচিত। এটি অ্যান্টিবায়োটিক নির্বাচন করতে সাহায্য করবে। আপনার ডাক্তারের সাথে পরামর্শ করুন এবং সেই অনুযায়ী চিকিৎসা নিন। আশা করি আমি আপনার প্রশ্নের উত্তর দিতে পেরেছি, যদি আপনার কোনো সন্দেহ থাকে তবে আমার সাথে bit.ly/ Chat Doctor-এ যোগাযোগ করুন। নাসেনিয়া ডক ব্যবহার করার জন্য ধন্যবাদ। আপনার সুস্বাস্থ্য কামনা করি।"
11922,"হেলো, ডেইরি, আমি আপনার প্রশ্নটি দেখেছি। আমি আপনার উদ্বেগ বুঝতে পারছি। আপনার হার্নিয়া সার্জারির ইতিহাস রয়েছে এবং এখন অস্ত্রোপচার পরবর্তী সংক্রমণ হয়েছে। আপনি স্ট্রেপ্টোকক্কাল সংক্রমণে ভুগছেন। আপনার স্ট্রেপ্টোকক্কাল সংক্রমণ সাধারণ অ্যান্টিবায়োটিকের প্রতি প্রতিরোধী হতে পারে। আপনার কালচার এবং সেনসিটিভিটি পরীক্ষা করা উচিত। এটি অ্যান্টিবায়োটিক নির্বাচন করতে সাহায্য করবে। আপনার ডাক্তারের সাথে পরামর্শ করুন এবং সেই অনুযায়ী চিকিৎসা নিন। আশা করি আমি আপনার প্রশ্নের উত্তর দিতে পেরেছি, যদি আপনার কোনো সন্দেহ থাকে তবে আমার সাথে bit.ly/ Chat Doctor-এ যোগাযোগ করুন। নাসেনিয়া ডক ব্যবহার করার জন্য ধন্যবাদ। আপনার সুস্বাস্থ্য কামনা করি।"
96407,"হেলো, ডেইরি, আমি আপনার প্রশ্নটি দেখেছি। আমি আপনার উদ্বেগ বুঝতে পারছি। আপনার হার্নিয়া সার্জারির ইতিহাস রয়েছে এবং এখন অস্ত্রোপচার পরবর্তী সংক্রমণ হয়েছে। আপনি স্ট্রেপ্টোকক্কাল সংক্রমণে ভুগছেন। আপনার স্ট্রেপ্টোকক্কাল সংক্রমণ সাধারণ অ্যান্টিবায়োটিকের প্রতি প্রতিরোধী হতে পারে। আপনার কালচার এবং সেনসিটিভিটি পরীক্ষা করা উচিত। এটি অ্যান্টিবায়োটিক নির্বাচন করতে সাহায্য করবে। আপনার ডাক্তারের সাথে পরামর্শ করুন এবং সেই অনুযায়ী চিকিৎসা নিন। আশা করি আমি আপনার প্রশ্নের উত্তর দিতে পেরেছি, যদি আপনার কোনো সন্দেহ থাকে তবে আমার সাথে bit.ly/ Chat Doctor-এ যোগাযোগ করুন। নাসেনিয়া ডক ব্যবহার করার জন্য ধন্যবাদ। আপনার সুস্বাস্থ্য কামনা করি।"
81295,"হেলো, ডেইরি, আমি আপনার প্রশ্নটি দেখেছি। আমি আপনার উদ্বেগ বুঝতে পারছি। আপনার হার্নিয়া সার্জারির ইতিহাস রয়েছে এবং এখন অস্ত্রোপচার পরবর্তী সংক্রমণ হয়েছে। আপনি স্ট্রেপ্টোকক্কাল সংক্রমণে ভুগছেন। আপনার স্ট্রেপ্টোকক্কাল সংক্রমণ সাধারণ অ্যান্টিবায়োটিকের প্রতি প্রতিরোধী হতে পারে। আপনার কালচার এবং সেনসিটিভিটি পরীক্ষা করা উচিত। এটি অ্যান্টিবায়োটিক নির্বাচন করতে সাহায্য করবে। আপনার ডাক্তারের সাথে পরামর্শ করুন এবং সেই অনুযায়ী চিকিৎসা নিন। আশা করি আমি আপনার প্রশ্নের উত্তর দিতে পেরেছি, যদি আপনার কোনো সন্দেহ থাকে তবে আমার সাথে bit.ly/ Chat Doctor-এ যোগাযোগ করুন। নাসেনিয়া ডক ব্যবহার করার জন্য ধন্যবাদ। আপনার সুস্বাস্থ্য কামনা করি।"
43413,"হেলো, ডেইরি, আমি আপনার প্রশ্নটি দেখেছি। আমি আপনার উদ্বেগ বুঝতে পারছি। আপনার হার্নিয়া সার্জারির ইতিহাস রয়েছে এবং এখন অস্ত্রোপচার পরবর্তী সংক্রমণ হয়েছে। আপনি স্ট্রেপ্টোকক্কাল সংক্রমণে ভুগছেন। আপনার স্ট্রেপ্টোকক্কাল সংক্রমণ সাধারণ অ্যান্টিবায়োটিকের প্রতি প্রতিরোধী হতে পারে। আপনার কালচার এবং সেনসিটিভিটি পরীক্ষা করা উচিত। এটি অ্যান্টিবায়োটিক নির্বাচন করতে সাহায্য করবে। আপনার ডাক্তারের সাথে পরামর্শ করুন এবং সেই অনুযায়ী চিকিৎসা নিন। আশা করি আমি আপনার প্রশ্নের উত্তর দিতে পেরেছি, যদি আপনার কোনো সন্দেহ থাকে তবে আমার সাথে bit.ly/ Chat Doctor-এ যোগাযোগ করুন। নাসেনিয়া ডক ব্যবহার করার জন্য ধন্যবাদ। আপনার সুস্বাস্থ্য কামনা করি।"
83999,"হেলো, ডেইরি, আমি আপনার প্রশ্নটি দেখেছি। আমি আপনার উদ্বেগ বুঝতে পারছি। আপনার হার্নিয়া সার্জারির ইতিহাস রয়েছে এবং এখন অস্ত্রোপচার পরবর্তী সংক্রমণ হয়েছে। আপনি স্ট্রেপ্টোকক্কাল সংক্রমণে ভুগছেন। আপনার স্ট্রেপ্টোকক্কাল সংক্রমণ সাধারণ অ্যান্টিবায়োটিকের প্রতি প্রতিরোধী হতে পারে। আপনার কালচার এবং সেনসিটিভিটি পরীক্ষা করা উচিত। এটি অ্যান্টিবায়োটিক নির্বাচন করতে সাহায্য করবে। আপনার ডাক্তারের সাথে পরামর্শ করুন এবং সেই অনুযায়ী চিকিৎসা নিন। আশা করি আমি আপনার প্রশ্নের উত্তর দিতে পেরেছি, যদি আপনার কোনো সন্দেহ থাকে তবে আমার সাথে bit.ly/ Chat Doctor-এ যোগাযোগ করুন। নাসেনিয়া ডক ব্যবহার করার জন্য ধন্যবাদ। আপনার সুস্বাস্থ্য কামনা করি।"
65781,"হেলো, ডেইরি, আমি আপনার প্রশ্নটি দেখেছি। আমি আপনার উদ্বেগ বুঝতে পারছি। আপনার হার্নিয়া সার্জারির ইতিহাস রয়েছে এবং এখন অস্ত্রোপচার পরবর্তী সংক্রমণ হয়েছে। আপনি স্ট্রেপ্টোকক্কাল সংক্রমণে ভুগছেন। আপনার স্ট্রেপ্টোকক্কাল সংক্রমণ সাধারণ অ্যান্টিবায়োটিকের প্রতি প্রতিরোধী হতে পারে। আপনার কালচার এবং সেনসিটিভিটি পরীক্ষা করা উচিত। এটি অ্যান্টিবায়োটিক নির্বাচন করতে সাহায্য করবে। আপনার ডাক্তারের সাথে পরামর্শ করুন এবং সেই অনুযায়ী চিকিৎসা নিন। আশা করি আমি আপনার প্রশ্নের উত্তর দিতে পেরেছি, যদি আপনার কোনো সন্দেহ থাকে তবে আমার সাথে bit.ly/ Chat Doctor-এ যোগাযোগ করুন। নাসেনিয়া ডক ব্যবহার করার জন্য ধন্যবাদ। আপনার সুস্বাস্থ্য কামনা করি।"
99786,"হেলো, ডেইরি, আমি আপনার প্রশ্নটি দেখেছি। আমি আপনার উদ্বেগ বুঝতে পারছি। আপনার হার্নিয়া সার্জারির ইতিহাস রয়েছে এবং এখন অস্ত্রোপচার পরবর্তী সংক্রমণ হয়েছে। আপনি স্ট্রেপ্টোকক্কাল সংক্রমণে ভুগছেন। আপনার স্ট্রেপ্টোকক্কাল সংক্রমণ সাধারণ অ্যান্টিবায়োটিকের প্রতি প্রতিরোধী হতে পারে। আপনার কালচার এবং সেনসিটিভিটি পরীক্ষা করা উচিত। এটি অ্যান্টিবায়োটিক নির্বাচন করতে সাহায্য করবে। আপনার ডাক্তারের সাথে পরামর্শ করুন এবং সেই অনুযায়ী চিকিৎসা নিন। আশা করি আমি আপনার প্রশ্নের উত্তর দিতে পেরেছি, যদি আপনার কোনো সন্দেহ থাকে তবে আমার সাথে bit.ly/ Chat Doctor-এ যোগাযোগ করুন। নাসেনিয়া ডক ব্যবহার করার জন্য ধন্যবাদ। আপনার সুস্বাস্থ্য কামনা করি।"
11938,"হেলো, ডেইরি, আমি আপনার প্রশ্নটি দেখেছি। আমি আপনার উদ্বেগ বুঝতে পারছি। আপনার হার্নিয়া সার্জারির ইতিহাস রয়েছে এবং এখন অস্ত্রোপচার পরবর্তী সংক্রমণ হয়েছে। আপনি স্ট্রেপ্টোকক্কাল সংক্রমণে ভুগছেন। আপনার স্ট্রেপ্টোকক্কাল সংক্রমণ সাধারণ অ্যান্টিবায়োটিকের প্রতি প্রতিরোধী হতে পারে। আপনার কালচার এবং সেনসিটিভিটি পরীক্ষা করা উচিত। এটি অ্যান্টিবায়োটিক নির্বাচন করতে সাহায্য করবে। আপনার ডাক্তারের সাথে পরামর্শ করুন এবং সেই অনুযায়ী চিকিৎসা নিন। আশা করি আমি আপনার প্রশ্নের উত্তর দিতে পেরেছি, যদি আপনার কোনো সন্দেহ থাকে তবে আমার সাথে bit.ly/ Chat Doctor-এ যোগাযোগ করুন। নাসেনিয়া ডক ব্যবহার করার জন্য ধন্যবাদ। আপনার সুস্বাস্থ্য কামনা করি।"
12769,"হেলো, ডেইরি, আমি আপনার প্রশ্নটি দেখেছি। আমি আপনার উদ্বেগ বুঝতে পারছি। আপনার হার্নিয়া সার্জারির ইতিহাস রয়েছে এবং এখন অস্ত্রোপচার পরবর্তী সংক্রমণ হয়েছে। আপনি স্ট্রেপ্টোকক্কাল সংক্রমণে ভুগছেন। আপনার স্ট্রেপ্টোকক্কাল সংক্রমণ সাধারণ অ্যান্টিবায়োটিকের প্রতি প্রতিরোধী হতে পারে। আপনার কালচার এবং সেনসিটিভিটি পরীক্ষা করা উচিত। এটি অ্যান্টিবায়োটিক নির্বাচন করতে সাহায্য করবে। আপনার ডাক্তারের সাথে পরামর্শ করুন এবং সেই অনুযায়ী চিকিৎসা নিন। আশা করি আমি আপনার প্রশ্নের উত্তর দিতে পেরেছি, যদি আপনার কোনো সন্দেহ থাকে তবে আমার সাথে bit.ly/ Chat Doctor-এ যোগাযোগ করুন। নাসেনিয়া ডক ব্যবহার করার জন্য ধন্যবাদ। আপনার সুস্বাস্থ্য কামনা করি।"
60896,"হেলো, ডেইরি, আমি আপনার প্রশ্নটি দেখেছি। আমি আপনার উদ্বেগ বুঝতে পারছি। আপনার হার্নিয়া সার্জারির ইতিহাস রয়েছে এবং এখন অস্ত্রোপচার পরবর্তী সংক্রমণ হয়েছে। আপনি স্ট্রেপ্টোকক্কাল সংক্রমণে ভুগছেন। আপনার স্ট্রেপ্টোকক্কাল সংক্রমণ সাধারণ অ্যান্টিবায়োটিকের প্রতি প্রতিরোধী হতে পারে। আপনার কালচার এবং সেনসিটিভিটি পরীক্ষা করা উচিত। এটি অ্যান্টিবায়োটিক নির্বাচন করতে সাহায্য করবে। আপনার ডাক্তারের সাথে পরামর্শ করুন এবং সেই অনুযায়ী চিকিৎসা নিন। আশা করি আমি আপনার প্রশ্নের উত্তর দিতে পেরেছি, যদি আপনার কোনো সন্দেহ থাকে তবে আমার সাথে bit.ly/ Chat Doctor-এ যোগাযোগ করুন। নাসেনিয়া ডক ব্যবহার করার জন্য ধন্যবাদ। আপনার সুস্বাস্থ্য কামনা করি।"
91084,"হেলো, ডেইরি, আমি আপনার প্রশ্নটি দেখেছি। আমি আপনার উদ্বেগ বুঝতে পারছি। আপনার হার্নিয়া সার্জারির ইতিহাস রয়েছে এবং এখন অস্ত্রোপচার পরবর্তী সংক্রমণ হয়েছে। আপনি স্ট্রেপ্টোকক্কাল সংক্রমণে ভুগছেন। আপনার স্ট্রেপ্টোকক্কাল সংক্রমণ সাধারণ অ্যান্টিবায়োটিকের প্রতি প্রতিরোধী হতে পারে। আপনার কালচার এবং সেনসিটিভিটি পরীক্ষা করা উচিত। এটি অ্যান্টিবায়োটিক নির্বাচন করতে সাহায্য করবে। আপনার ডাক্তারের সাথে পরামর্শ করুন এবং সেই অনুযায়ী চিকিৎসা নিন। আশা করি আমি আপনার প্রশ্নের উত্তর দিতে পেরেছি, যদি আপনার কোনো সন্দেহ থাকে তবে আমার সাথে bit.ly/ Chat Doctor-এ যোগাযোগ করুন। নাসেনিয়া ডক ব্যবহার করার জন্য ধন্যবাদ। আপনার সুস্বাস্থ্য কামনা করি।"
84539,"হেলো, ডেইরি, আমি আপনার প্রশ্নটি দেখেছি। আমি আপনার উদ্বেগ বুঝতে পারছি। আপনার হার্নিয়া সার্জারির ইতিহাস রয়েছে এবং এখন অস্ত্রোপচার পরবর্তী সংক্রমণ হয়েছে। আপনি স্ট্রেপ্টোকক্কাল সংক্রমণে ভুগছেন। আপনার স্ট্রেপ্টোকক্কাল সংক্রমণ সাধারণ অ্যান্টিবায়োটিকের প্রতি প্রতিরোধী হতে পারে। আপনার কালচার এবং সেনসিটিভিটি পরীক্ষা করা উচিত। এটি অ্যান্টিবায়োটিক নির্বাচন করতে সাহায্য করবে। আপনার ডাক্তারের সাথে পরামর্শ করুন এবং সেই অনুযায়ী চিকিৎসা নিন। আশা করি আমি আপনার প্রশ্নের উত্তর দিতে পেরেছি, যদি আপনার কোনো সন্দেহ থাকে তবে আমার সাথে bit.ly/ Chat Doctor-এ যোগাযোগ করুন। নাসেনিয়া ডক ব্যবহার করার জন্য ধন্যবাদ। আপনার সুস্বাস্থ্য কামনা করি।"
56488,"হেলো, ডেইরি, আমি আপনার প্রশ্নটি দেখেছি। আমি আপনার উদ্বেগ বুঝতে পারছি। আপনার হার্নিয়া সার্জারির ইতিহাস রয়েছে এবং এখন অস্ত্রোপচার পরবর্তী সংক্রমণ হয়েছে। আপনি স্ট্রেপ্টোকক্কাল সংক্রমণে ভুগছেন। আপনার স্ট্রেপ্টোকক্কাল সংক্রমণ সাধারণ অ্যান্টিবায়োটিকের প্রতি প্রতিরোধী হতে পারে। আপনার কালচার এবং সেনসিটিভিটি পরীক্ষা করা উচিত। এটি অ্যান্টিবায়োটিক নির্বাচন করতে সাহায্য করবে। আপনার ডাক্তারের সাথে পরামর্শ করুন এবং সেই অনুযায়ী চিকিৎসা নিন। আশা করি আমি আপনার প্রশ্নের উত্তর দিতে পেরেছি, যদি আপনার কোনো সন্দেহ থাকে তবে আমার সাথে bit.ly/ Chat Doctor-এ যোগাযোগ করুন। নাসেনিয়া ডক ব্যবহার করার জন্য ধন্যবাদ। আপনার সুস্বাস্থ্য কামনা করি।"
104563,"হেলো, ডেইরি, আমি আপনার প্রশ্নটি দেখেছি। আমি আপনার উদ্বেগ বুঝতে পারছি। আপনার হার্নিয়া সার্জারির ইতিহাস রয়েছে এবং এখন অস্ত্রোপচার পরবর্তী সংক্রমণ হয়েছে। আপনি স্ট্রেপ্টোকক্কাল সংক্রমণে ভুগছেন। আপনার স্ট্রেপ্টোকক্কাল সংক্রমণ সাধারণ অ্যান্টিবায়োটিকের প্রতি প্রতিরোধী হতে পারে। আপনার কালচার এবং সেনসিটিভিটি পরীক্ষা করা উচিত। এটি অ্যান্টিবায়োটিক নির্বাচন করতে সাহায্য করবে। আপনার ডাক্তারের সাথে পরামর্শ করুন এবং সেই অনুযায়ী চিকিৎসা নিন। আশা করি আমি আপনার প্রশ্নের উত্তর দিতে পেরেছি, যদি আপনার কোনো সন্দেহ থাকে তবে আমার সাথে bit.ly/ Chat Doctor-এ যোগাযোগ করুন। নাসেনিয়া ডক ব্যবহার করার জন্য ধন্যবাদ। আপনার সুস্বাস্থ্য কামনা করি।"
24367,"হেলো, ডেইরি, আমি আপনার প্রশ্নটি দেখেছি। আমি আপনার উদ্বেগ বুঝতে পারছি। আপনার হার্নিয়া সার্জারির ইতিহাস রয়েছে এবং এখন অস্ত্রোপচার পরবর্তী সংক্রমণ হয়েছে। আপনি স্ট্রেপ্টোকক্কাল সংক্রমণে ভুগছেন। আপনার স্ট্রেপ্টোকক্কাল সংক্রমণ সাধারণ অ্যান্টিবায়োটিকের প্রতি প্রতিরোধী হতে পারে। আপনার কালচার এবং সেনসিটিভিটি পরীক্ষা করা উচিত। এটি অ্যান্টিবায়োটিক নির্বাচন করতে সাহায্য করবে। আপনার ডাক্তারের সাথে পরামর্শ করুন এবং সেই অনুযায়ী চিকিৎসা নিন। আশা করি আমি আপনার প্রশ্নের উত্তর দিতে পেরেছি, যদি আপনার কোনো সন্দেহ থাকে তবে আমার সাথে bit.ly/ Chat Doctor-এ যোগাযোগ করুন। নাসেনিয়া ডক ব্যবহার করার জন্য ধন্যবাদ। আপনার সুস্বাস্থ্য কামনা করি।"
275,"হেলো, ডেইরি, আমি আপনার প্রশ্নটি দেখেছি। আমি আপনার উদ্বেগ বুঝতে পারছি। আপনার হার্নিয়া সার্জারির ইতিহাস রয়েছে এবং এখন অস্ত্রোপচার পরবর্তী সংক্রমণ হয়েছে। আপনি স্ট্রেপ্টোকক্কাল সংক্রমণে ভুগছেন। আপনার স্ট্রেপ্টোকক্কাল সংক্রমণ সাধারণ অ্যান্টিবায়োটিকের প্রতি প্রতিরোধী হতে পারে। আপনার কালচার এবং সেনসিটিভিটি পরীক্ষা করা উচিত। এটি অ্যান্টিবায়োটিক নির্বাচন করতে সাহায্য করবে। আপনার ডাক্তারের সাথে পরামর্শ করুন এবং সেই অনুযায়ী চিকিৎসা নিন। আশা করি আমি আপনার প্রশ্নের উত্তর দিতে পেরেছি, যদি আপনার কোনো সন্দেহ থাকে তবে আমার সাথে bit.ly/ Chat Doctor-এ যোগাযোগ করুন। নাসেনিয়া ডক ব্যবহার করার জন্য ধন্যবাদ। আপনার সুস্বাস্থ্য কামনা করি।"
43795,"হেলো, ডেইরি, আমি আপনার প্রশ্নটি দেখেছি। আমি আপনার উদ্বেগ বুঝতে পারছি। আপনার হার্নিয়া সার্জারির ইতিহাস রয়েছে এবং এখন অস্ত্রোপচার পরবর্তী সংক্রমণ হয়েছে। আপনি স্ট্রেপ্টোকক্কাল সংক্রমণে ভুগছেন। আপনার স্ট্রেপ্টোকক্কাল সংক্রমণ সাধারণ অ্যান্টিবায়োটিকের প্রতি প্রতিরোধী হতে পারে। আপনার কালচার এবং সেনসিটিভিটি পরীক্ষা করা উচিত। এটি অ্যান্টিবায়োটিক নির্বাচন করতে সাহায্য করবে। আপনার ডাক্তারের সাথে পরামর্শ করুন এবং সেই অনুযায়ী চিকিৎসা নিন। আশা করি আমি আপনার প্রশ্নের উত্তর দিতে পেরেছি, যদি আপনার কোনো সন্দেহ থাকে তবে আমার সাথে bit.ly/ Chat Doctor-এ যোগাযোগ করুন। নাসেনিয়া ডক ব্যবহার করার জন্য ধন্যবাদ। আপনার সুস্বাস্থ্য কামনা করি।"
104399,"হেলো, ডেইরি, আমি আপনার প্রশ্নটি দেখেছি। আমি আপনার উদ্বেগ বুঝতে পারছি। আপনার হার্নিয়া সার্জারির ইতিহাস রয়েছে এবং এখন অস্ত্রোপচার পরবর্তী সংক্রমণ হয়েছে। আপনি স্ট্রেপ্টোকক্কাল সংক্রমণে ভুগছেন। আপনার স্ট্রেপ্টোকক্কাল সংক্রমণ সাধারণ অ্যান্টিবায়োটিকের প্রতি প্রতিরোধী হতে পারে। আপনার কালচার এবং সেনসিটিভিটি পরীক্ষা করা উচিত। এটি অ্যান্টিবায়োটিক নির্বাচন করতে সাহায্য করবে। আপনার ডাক্তারের সাথে পরামর্শ করুন এবং সেই অনুযায়ী চিকিৎসা নিন। আশা করি আমি আপনার প্রশ্নের উত্তর দিতে পেরেছি, যদি আপনার কোনো সন্দেহ থাকে তবে আমার সাথে bit.ly/ Chat Doctor-এ যোগাযোগ করুন। নাসেনিয়া ডক ব্যবহার করার জন্য ধন্যবাদ। আপনার সুস্বাস্থ্য কামনা করি।"
83028,"হেলো, ডেইরি, আমি আপনার প্রশ্নটি দেখেছি। আমি আপনার উদ্বেগ বুঝতে পারছি। আপনার হার্নিয়া সার্জারির ইতিহাস রয়েছে এবং এখন অস্ত্রোপচার পরবর্তী সংক্রমণ হয়েছে। আপনি স্ট্রেপ্টোকক্কাল সংক্রমণে ভুগছেন। আপনার স্ট্রেপ্টোকক্কাল সংক্রমণ সাধারণ অ্যান্টিবায়োটিকের প্রতি প্রতিরোধী হতে পারে। আপনার কালচার এবং সেনসিটিভিটি পরীক্ষা করা উচিত। এটি অ্যান্টিবায়োটিক নির্বাচন করতে সাহায্য করবে। আপনার ডাক্তারের সাথে পরামর্শ করুন এবং সেই অনুযায়ী চিকিৎসা নিন। আশা করি আমি আপনার প্রশ্নের উত্তর দিতে পেরেছি, যদি আপনার কোনো সন্দেহ থাকে তবে আমার সাথে bit.ly/ Chat Doctor-এ যোগাযোগ করুন। নাসেনিয়া ডক ব্যবহার করার জন্য ধন্যবাদ। আপনার সুস্বাস্থ্য কামনা করি।"
87669,"হেলো, ডেইরি, আমি আপনার প্রশ্নটি দেখেছি। আমি আপনার উদ্বেগ বুঝতে পারছি। আপনার হার্নিয়া সার্জারির ইতিহাস রয়েছে এবং এখন অস্ত্রোপচার পরবর্তী সংক্রমণ হয়েছে। আপনি স্ট্রেপ্টোকক্কাল সংক্রমণে ভুগছেন। আপনার স্ট্রেপ্টোকক্কাল সংক্রমণ সাধারণ অ্যান্টিবায়োটিকের প্রতি প্রতিরোধী হতে পারে। আপনার কালচার এবং সেনসিটিভিটি পরীক্ষা করা উচিত। এটি অ্যান্টিবায়োটিক নির্বাচন করতে সাহায্য করবে। আপনার ডাক্তারের সাথে পরামর্শ করুন এবং সেই অনুযায়ী চিকিৎসা নিন। আশা করি আমি আপনার প্রশ্নের উত্তর দিতে পেরেছি, যদি আপনার কোনো সন্দেহ থাকে তবে আমার সাথে bit.ly/ Chat Doctor-এ যোগাযোগ করুন। নাসেনিয়া ডক ব্যবহার করার জন্য ধন্যবাদ। আপনার সুস্বাস্থ্য কামনা করি।"
28476,"হেলো, ডেইরি, আমি আপনার প্রশ্নটি দেখেছি। আমি আপনার উদ্বেগ বুঝতে পারছি। আপনার হার্নিয়া সার্জারির ইতিহাস রয়েছে এবং এখন অস্ত্রোপচার পরবর্তী সংক্রমণ হয়েছে। আপনি স্ট্রেপ্টোকক্কাল সংক্রমণে ভুগছেন। আপনার স্ট্রেপ্টোকক্কাল সংক্রমণ সাধারণ অ্যান্টিবায়োটিকের প্রতি প্রতিরোধী হতে পারে। আপনার কালচার এবং সেনসিটিভিটি পরীক্ষা করা উচিত। এটি অ্যান্টিবায়োটিক নির্বাচন করতে সাহায্য করবে। আপনার ডাক্তারের সাথে পরামর্শ করুন এবং সেই অনুযায়ী চিকিৎসা নিন। আশা করি আমি আপনার প্রশ্নের উত্তর দিতে পেরেছি, যদি আপনার কোনো সন্দেহ থাকে তবে আমার সাথে bit.ly/ Chat Doctor-এ যোগাযোগ করুন। নাসেনিয়া ডক ব্যবহার করার জন্য ধন্যবাদ। আপনার সুস্বাস্থ্য কামনা করি।"
24719,"হেলো, ডেইরি, আমি আপনার প্রশ্নটি দেখেছি। আমি আপনার উদ্বেগ বুঝতে পারছি। আপনার হার্নিয়া সার্জারির ইতিহাস রয়েছে এবং এখন অস্ত্রোপচার পরবর্তী সংক্রমণ হয়েছে। আপনি স্ট্রেপ্টোকক্কাল সংক্রমণে ভুগছেন। আপনার স্ট্রেপ্টোকক্কাল সংক্রমণ সাধারণ অ্যান্টিবায়োটিকের প্রতি প্রতিরোধী হতে পারে। আপনার কালচার এবং সেনসিটিভিটি পরীক্ষা করা উচিত। এটি অ্যান্টিবায়োটিক নির্বাচন করতে সাহায্য করবে। আপনার ডাক্তারের সাথে পরামর্শ করুন এবং সেই অনুযায়ী চিকিৎসা নিন। আশা করি আমি আপনার প্রশ্নের উত্তর দিতে পেরেছি, যদি আপনার কোনো সন্দেহ থাকে তবে আমার সাথে bit.ly/ Chat Doctor-এ যোগাযোগ করুন। নাসেনিয়া ডক ব্যবহার করার জন্য ধন্যবাদ। আপনার সুস্বাস্থ্য কামনা করি।"
82206,"হেলো, ডেইরি, আমি আপনার প্রশ্নটি দেখেছি। আমি আপনার উদ্বেগ বুঝতে পারছি। আপনার হার্নিয়া সার্জারির ইতিহাস রয়েছে এবং এখন অস্ত্রোপচার পরবর্তী সংক্রমণ হয়েছে। আপনি স্ট্রেপ্টোকক্কাল সংক্রমণে ভুগছেন। আপনার স্ট্রেপ্টোকক্কাল সংক্রমণ সাধারণ অ্যান্টিবায়োটিকের প্রতি প্রতিরোধী হতে পারে। আপনার কালচার এবং সেনসিটিভিটি পরীক্ষা করা উচিত। এটি অ্যান্টিবায়োটিক নির্বাচন করতে সাহায্য করবে। আপনার ডাক্তারের সাথে পরামর্শ করুন এবং সেই অনুযায়ী চিকিৎসা নিন। আশা করি আমি আপনার প্রশ্নের উত্তর দিতে পেরেছি, যদি আপনার কোনো সন্দেহ থাকে তবে আমার সাথে bit.ly/ Chat Doctor-এ যোগাযোগ করুন। নাসেনিয়া ডক ব্যবহার করার জন্য ধন্যবাদ। আপনার সুস্বাস্থ্য কামনা করি।"
897,"হেলো, ডেইরি, আমি আপনার প্রশ্নটি দেখেছি। আমি আপনার উদ্বেগ বুঝতে পারছি। আপনার হার্নিয়া সার্জারির ইতিহাস রয়েছে এবং এখন অস্ত্রোপচার পরবর্তী সংক্রমণ হয়েছে। আপনি স্ট্রেপ্টোকক্কাল সংক্রমণে ভুগছেন। আপনার স্ট্রেপ্টোকক্কাল সংক্রমণ সাধারণ অ্যান্টিবায়োটিকের প্রতি প্রতিরোধী হতে পারে। আপনার কালচার এবং সেনসিটিভিটি পরীক্ষা করা উচিত। এটি অ্যান্টিবায়োটিক নির্বাচন করতে সাহায্য করবে। আপনার ডাক্তারের সাথে পরামর্শ করুন এবং সেই অনুযায়ী চিকিৎসা নিন। আশা করি আমি আপনার প্রশ্নের উত্তর দিতে পেরেছি, যদি আপনার কোনো সন্দেহ থাকে তবে আমার সাথে bit.ly/ Chat Doctor-এ যোগাযোগ করুন। নাসেনিয়া ডক ব্যবহার করার জন্য ধন্যবাদ। আপনার সুস্বাস্থ্য কামনা করি।"
98103,"হেলো, ডেইরি, আমি আপনার প্রশ্নটি দেখেছি। আমি আপনার উদ্বেগ বুঝতে পারছি। আপনার হার্নিয়া সার্জারির ইতিহাস রয়েছে এবং এখন অস্ত্রোপচার পরবর্তী সংক্রমণ হয়েছে। আপনি স্ট্রেপ্টোকক্কাল সংক্রমণে ভুগছেন। আপনার স্ট্রেপ্টোকক্কাল সংক্রমণ সাধারণ অ্যান্টিবায়োটিকের প্রতি প্রতিরোধী হতে পারে। আপনার কালচার এবং সেনসিটিভিটি পরীক্ষা করা উচিত। এটি অ্যান্টিবায়োটিক নির্বাচন করতে সাহায্য করবে। আপনার ডাক্তারের সাথে পরামর্শ করুন এবং সেই অনুযায়ী চিকিৎসা নিন। আশা করি আমি আপনার প্রশ্নের উত্তর দিতে পেরেছি, যদি আপনার কোনো সন্দেহ থাকে তবে আমার সাথে bit.ly/ Chat Doctor-এ যোগাযোগ করুন। নাসেনিয়া ডক ব্যবহার করার জন্য ধন্যবাদ। আপনার সুস্বাস্থ্য কামনা করি।"
1414,"হেলো, ডেইরি, আমি আপনার প্রশ্নটি দেখেছি। আমি আপনার উদ্বেগ বুঝতে পারছি। আপনার হার্নিয়া সার্জারির ইতিহাস রয়েছে এবং এখন অস্ত্রোপচার পরবর্তী সংক্রমণ হয়েছে। আপনি স্ট্রেপ্টোকক্কাল সংক্রমণে ভুগছেন। আপনার স্ট্রেপ্টোকক্কাল সংক্রমণ সাধারণ অ্যান্টিবায়োটিকের প্রতি প্রতিরোধী হতে পারে। আপনার কালচার এবং সেনসিটিভিটি পরীক্ষা করা উচিত। এটি অ্যান্টিবায়োটিক নির্বাচন করতে সাহায্য করবে। আপনার ডাক্তারের সাথে পরামর্শ করুন এবং সেই অনুযায়ী চিকিৎসা নিন। আশা করি আমি আপনার প্রশ্নের উত্তর দিতে পেরেছি, যদি আপনার কোনো সন্দেহ থাকে তবে আমার সাথে bit.ly/ Chat Doctor-এ যোগাযোগ করুন। নাসেনিয়া ডক ব্যবহার করার জন্য ধন্যবাদ। আপনার সুস্বাস্থ্য কামনা করি।"
58292,"হেলো, ডেইরি, আমি আপনার প্রশ্নটি দেখেছি। আমি আপনার উদ্বেগ বুঝতে পারছি। আপনার হার্নিয়া সার্জারির ইতিহাস রয়েছে এবং এখন অস্ত্রোপচার পরবর্তী সংক্রমণ হয়েছে। আপনি স্ট্রেপ্টোকক্কাল সংক্রমণে ভুগছেন। আপনার স্ট্রেপ্টোকক্কাল সংক্রমণ সাধারণ অ্যান্টিবায়োটিকের প্রতি প্রতিরোধী হতে পারে। আপনার কালচার এবং সেনসিটিভিটি পরীক্ষা করা উচিত। এটি অ্যান্টিবায়োটিক নির্বাচন করতে সাহায্য করবে। আপনার ডাক্তারের সাথে পরামর্শ করুন এবং সেই অনুযায়ী চিকিৎসা নিন। আশা করি আমি আপনার প্রশ্নের উত্তর দিতে পেরেছি, যদি আপনার কোনো সন্দেহ থাকে তবে আমার সাথে bit.ly/ Chat Doctor-এ যোগাযোগ করুন। নাসেনিয়া ডক ব্যবহার করার জন্য ধন্যবাদ। আপনার সুস্বাস্থ্য কামনা করি।"
83160,"হেলো, ডেইরি, আমি আপনার প্রশ্নটি দেখেছি। আমি আপনার উদ্বেগ বুঝতে পারছি। আপনার হার্নিয়া সার্জারির ইতিহাস রয়েছে এবং এখন অস্ত্রোপচার পরবর্তী সংক্রমণ হয়েছে। আপনি স্ট্রেপ্টোকক্কাল সংক্রমণে ভুগছেন। আপনার স্ট্রেপ্টোকক্কাল সংক্রমণ সাধারণ অ্যান্টিবায়োটিকের প্রতি প্রতিরোধী হতে পারে। আপনার কালচার এবং সেনসিটিভিটি পরীক্ষা করা উচিত। এটি অ্যান্টিবায়োটিক নির্বাচন করতে সাহায্য করবে। আপনার ডাক্তারের সাথে পরামর্শ করুন এবং সেই অনুযায়ী চিকিৎসা নিন। আশা করি আমি আপনার প্রশ্নের উত্তর দিতে পেরেছি, যদি আপনার কোনো সন্দেহ থাকে তবে আমার সাথে bit.ly/ Chat Doctor-এ যোগাযোগ করুন। নাসেনিয়া ডক ব্যবহার করার জন্য ধন্যবাদ। আপনার সুস্বাস্থ্য কামনা করি।"
74344,"হেলো, ডেইরি, আমি আপনার প্রশ্নটি দেখেছি। আমি আপনার উদ্বেগ বুঝতে পারছি। আপনার হার্নিয়া সার্জারির ইতিহাস রয়েছে এবং এখন অস্ত্রোপচার পরবর্তী সংক্রমণ হয়েছে। আপনি স্ট্রেপ্টোকক্কাল সংক্রমণে ভুগছেন। আপনার স্ট্রেপ্টোকক্কাল সংক্রমণ সাধারণ অ্যান্টিবায়োটিকের প্রতি প্রতিরোধী হতে পারে। আপনার কালচার এবং সেনসিটিভিটি পরীক্ষা করা উচিত। এটি অ্যান্টিবায়োটিক নির্বাচন করতে সাহায্য করবে। আপনার ডাক্তারের সাথে পরামর্শ করুন এবং সেই অনুযায়ী চিকিৎসা নিন। আশা করি আমি আপনার প্রশ্নের উত্তর দিতে পেরেছি, যদি আপনার কোনো সন্দেহ থাকে তবে আমার সাথে bit.ly/ Chat Doctor-এ যোগাযোগ করুন। নাসেনিয়া ডক ব্যবহার করার জন্য ধন্যবাদ। আপনার সুস্বাস্থ্য কামনা করি।"
61024,"হেলো, ডেইরি, আমি আপনার প্রশ্নটি দেখেছি। আমি আপনার উদ্বেগ বুঝতে পারছি। আপনার হার্নিয়া সার্জারির ইতিহাস রয়েছে এবং এখন অস্ত্রোপচার পরবর্তী সংক্রমণ হয়েছে। আপনি স্ট্রেপ্টোকক্কাল সংক্রমণে ভুগছেন। আপনার স্ট্রেপ্টোকক্কাল সংক্রমণ সাধারণ অ্যান্টিবায়োটিকের প্রতি প্রতিরোধী হতে পারে। আপনার কালচার এবং সেনসিটিভিটি পরীক্ষা করা উচিত। এটি অ্যান্টিবায়োটিক নির্বাচন করতে সাহায্য করবে। আপনার ডাক্তারের সাথে পরামর্শ করুন এবং সেই অনুযায়ী চিকিৎসা নিন। আশা করি আমি আপনার প্রশ্নের উত্তর দিতে পেরেছি, যদি আপনার কোনো সন্দেহ থাকে তবে আমার সাথে bit.ly/ Chat Doctor-এ যোগাযোগ করুন। নাসেনিয়া ডক ব্যবহার করার জন্য ধন্যবাদ। আপনার সুস্বাস্থ্য কামনা করি।"
73459,"হেলো, ডেইরি, আমি আপনার প্রশ্নটি দেখেছি। আমি আপনার উদ্বেগ বুঝতে পারছি। আপনার হার্নিয়া সার্জারির ইতিহাস রয়েছে এবং এখন অস্ত্রোপচার পরবর্তী সংক্রমণ হয়েছে। আপনি স্ট্রেপ্টোকক্কাল সংক্রমণে ভুগছেন। আপনার স্ট্রেপ্টোকক্কাল সংক্রমণ সাধারণ অ্যান্টিবায়োটিকের প্রতি প্রতিরোধী হতে পারে। আপনার কালচার এবং সেনসিটিভিটি পরীক্ষা করা উচিত। এটি অ্যান্টিবায়োটিক নির্বাচন করতে সাহায্য করবে। আপনার ডাক্তারের সাথে পরামর্শ করুন এবং সেই অনুযায়ী চিকিৎসা নিন। আশা করি আমি আপনার প্রশ্নের উত্তর দিতে পেরেছি, যদি আপনার কোনো সন্দেহ থাকে তবে আমার সাথে bit.ly/ Chat Doctor-এ যোগাযোগ করুন। নাসেনিয়া ডক ব্যবহার করার জন্য ধন্যবাদ। আপনার সুস্বাস্থ্য কামনা করি।"
11904,"হেলো, ডেইরি, আমি আপনার প্রশ্নটি দেখেছি। আমি আপনার উদ্বেগ বুঝতে পারছি। আপনার হার্নিয়া সার্জারির ইতিহাস রয়েছে এবং এখন অস্ত্রোপচার পরবর্তী সংক্রমণ হয়েছে। আপনি স্ট্রেপ্টোকক্কাল সংক্রমণে ভুগছেন। আপনার স্ট্রেপ্টোকক্কাল সংক্রমণ সাধারণ অ্যান্টিবায়োটিকের প্রতি প্রতিরোধী হতে পারে। আপনার কালচার এবং সেনসিটিভিটি পরীক্ষা করা উচিত। এটি অ্যান্টিবায়োটিক নির্বাচন করতে সাহায্য করবে। আপনার ডাক্তারের সাথে পরামর্শ করুন এবং সেই অনুযায়ী চিকিৎসা নিন। আশা করি আমি আপনার প্রশ্নের উত্তর দিতে পেরেছি, যদি আপনার কোনো সন্দেহ থাকে তবে আমার সাথে bit.ly/ Chat Doctor-এ যোগাযোগ করুন। নাসেনিয়া ডক ব্যবহার করার জন্য ধন্যবাদ। আপনার সুস্বাস্থ্য কামনা করি।"
93159,"হেলো, ডেইরি, আমি আপনার প্রশ্নটি দেখেছি। আমি আপনার উদ্বেগ বুঝতে পারছি। আপনার হার্নিয়া সার্জারির ইতিহাস রয়েছে এবং এখন অস্ত্রোপচার পরবর্তী সংক্রমণ হয়েছে। আপনি স্ট্রেপ্টোকক্কাল সংক্রমণে ভুগছেন। আপনার স্ট্রেপ্টোকক্কাল সংক্রমণ সাধারণ অ্যান্টিবায়োটিকের প্রতি প্রতিরোধী হতে পারে। আপনার কালচার এবং সেনসিটিভিটি পরীক্ষা করা উচিত। এটি অ্যান্টিবায়োটিক নির্বাচন করতে সাহায্য করবে। আপনার ডাক্তারের সাথে পরামর্শ করুন এবং সেই অনুযায়ী চিকিৎসা নিন। আশা করি আমি আপনার প্রশ্নের উত্তর দিতে পেরেছি, যদি আপনার কোনো সন্দেহ থাকে তবে আমার সাথে bit.ly/ Chat Doctor-এ যোগাযোগ করুন। নাসেনিয়া ডক ব্যবহার করার জন্য ধন্যবাদ। আপনার সুস্বাস্থ্য কামনা করি।"
106627,"হেলো, ডেইরি, আমি আপনার প্রশ্নটি দেখেছি। আমি আপনার উদ্বেগ বুঝতে পারছি। আপনার হার্নিয়া সার্জারির ইতিহাস রয়েছে এবং এখন অস্ত্রোপচার পরবর্তী সংক্রমণ হয়েছে। আপনি স্ট্রেপ্টোকক্কাল সংক্রমণে ভুগছেন। আপনার স্ট্রেপ্টোকক্কাল সংক্রমণ সাধারণ অ্যান্টিবায়োটিকের প্রতি প্রতিরোধী হতে পারে। আপনার কালচার এবং সেনসিটিভিটি পরীক্ষা করা উচিত। এটি অ্যান্টিবায়োটিক নির্বাচন করতে সাহায্য করবে। আপনার ডাক্তারের সাথে পরামর্শ করুন এবং সেই অনুযায়ী চিকিৎসা নিন। আশা করি আমি আপনার প্রশ্নের উত্তর দিতে পেরেছি, যদি আপনার কোনো সন্দেহ থাকে তবে আমার সাথে bit.ly/ Chat Doctor-এ যোগাযোগ করুন। নাসেনিয়া ডক ব্যবহার করার জন্য ধন্যবাদ। আপনার সুস্বাস্থ্য কামনা করি।"
55275,"হেলো, ডেইরি, আমি আপনার প্রশ্নটি দেখেছি। আমি আপনার উদ্বেগ বুঝতে পারছি। আপনার হার্নিয়া সার্জারির ইতিহাস রয়েছে এবং এখন অস্ত্রোপচার পরবর্তী সংক্রমণ হয়েছে। আপনি স্ট্রেপ্টোকক্কাল সংক্রমণে ভুগছেন। আপনার স্ট্রেপ্টোকক্কাল সংক্রমণ সাধারণ অ্যান্টিবায়োটিকের প্রতি প্রতিরোধী হতে পারে। আপনার কালচার এবং সেনসিটিভিটি পরীক্ষা করা উচিত। এটি অ্যান্টিবায়োটিক নির্বাচন করতে সাহায্য করবে। আপনার ডাক্তারের সাথে পরামর্শ করুন এবং সেই অনুযায়ী চিকিৎসা নিন। আশা করি আমি আপনার প্রশ্নের উত্তর দিতে পেরেছি, যদি আপনার কোনো সন্দেহ থাকে তবে আমার সাথে bit.ly/ Chat Doctor-এ যোগাযোগ করুন। নাসেনিয়া ডক ব্যবহার করার জন্য ধন্যবাদ। আপনার সুস্বাস্থ্য কামনা করি।"
33845,"হেলো, ডেইরি, আমি আপনার প্রশ্নটি দেখেছি। আমি আপনার উদ্বেগ বুঝতে পারছি। আপনার হার্নিয়া সার্জারির ইতিহাস রয়েছে এবং এখন অস্ত্রোপচার পরবর্তী সংক্রমণ হয়েছে। আপনি স্ট্রেপ্টোকক্কাল সংক্রমণে ভুগছেন। আপনার স্ট্রেপ্টোকক্কাল সংক্রমণ সাধারণ অ্যান্টিবায়োটিকের প্রতি প্রতিরোধী হতে পারে। আপনার কালচার এবং সেনসিটিভিটি পরীক্ষা করা উচিত। এটি অ্যান্টিবায়োটিক নির্বাচন করতে সাহায্য করবে। আপনার ডাক্তারের সাথে পরামর্শ করুন এবং সেই অনুযায়ী চিকিৎসা নিন। আশা করি আমি আপনার প্রশ্নের উত্তর দিতে পেরেছি, যদি আপনার কোনো সন্দেহ থাকে তবে আমার সাথে bit.ly/ Chat Doctor-এ যোগাযোগ করুন। নাসেনিয়া ডক ব্যবহার করার জন্য ধন্যবাদ। আপনার সুস্বাস্থ্য কামনা করি।"
6939,"হেলো, ডেইরি, আমি আপনার প্রশ্নটি দেখেছি। আমি আপনার উদ্বেগ বুঝতে পারছি। আপনার হার্নিয়া সার্জারির ইতিহাস রয়েছে এবং এখন অস্ত্রোপচার পরবর্তী সংক্রমণ হয়েছে। আপনি স্ট্রেপ্টোকক্কাল সংক্রমণে ভুগছেন। আপনার স্ট্রেপ্টোকক্কাল সংক্রমণ সাধারণ অ্যান্টিবায়োটিকের প্রতি প্রতিরোধী হতে পারে। আপনার কালচার এবং সেনসিটিভিটি পরীক্ষা করা উচিত। এটি অ্যান্টিবায়োটিক নির্বাচন করতে সাহায্য করবে। আপনার ডাক্তারের সাথে পরামর্শ করুন এবং সেই অনুযায়ী চিকিৎসা নিন। আশা করি আমি আপনার প্রশ্নের উত্তর দিতে পেরেছি, যদি আপনার কোনো সন্দেহ থাকে তবে আমার সাথে bit.ly/ Chat Doctor-এ যোগাযোগ করুন। নাসেনিয়া ডক ব্যবহার করার জন্য ধন্যবাদ। আপনার সুস্বাস্থ্য কামনা করি।"
40662,"হেলো, ডেইরি, আমি আপনার প্রশ্নটি দেখেছি। আমি আপনার উদ্বেগ বুঝতে পারছি। আপনার হার্নিয়া সার্জারির ইতিহাস রয়েছে এবং এখন অস্ত্রোপচার পরবর্তী সংক্রমণ হয়েছে। আপনি স্ট্রেপ্টোকক্কাল সংক্রমণে ভুগছেন। আপনার স্ট্রেপ্টোকক্কাল সংক্রমণ সাধারণ অ্যান্টিবায়োটিকের প্রতি প্রতিরোধী হতে পারে। আপনার কালচার এবং সেনসিটিভিটি পরীক্ষা করা উচিত। এটি অ্যান্টিবায়োটিক নির্বাচন করতে সাহায্য করবে। আপনার ডাক্তারের সাথে পরামর্শ করুন এবং সেই অনুযায়ী চিকিৎসা নিন। আশা করি আমি আপনার প্রশ্নের উত্তর দিতে পেরেছি, যদি আপনার কোনো সন্দেহ থাকে তবে আমার সাথে bit.ly/ Chat Doctor-এ যোগাযোগ করুন। নাসেনিয়া ডক ব্যবহার করার জন্য ধন্যবাদ। আপনার সুস্বাস্থ্য কামনা করি।"
90250,"হেলো, ডেইরি, আমি আপনার প্রশ্নটি দেখেছি। আমি আপনার উদ্বেগ বুঝতে পারছি। আপনার হার্নিয়া সার্জারির ইতিহাস রয়েছে এবং এখন অস্ত্রোপচার পরবর্তী সংক্রমণ হয়েছে। আপনি স্ট্রেপ্টোকক্কাল সংক্রমণে ভুগছেন। আপনার স্ট্রেপ্টোকক্কাল সংক্রমণ সাধারণ অ্যান্টিবায়োটিকের প্রতি প্রতিরোধী হতে পারে। আপনার কালচার এবং সেনসিটিভিটি পরীক্ষা করা উচিত। এটি অ্যান্টিবায়োটিক নির্বাচন করতে সাহায্য করবে। আপনার ডাক্তারের সাথে পরামর্শ করুন এবং সেই অনুযায়ী চিকিৎসা নিন। আশা করি আমি আপনার প্রশ্নের উত্তর দিতে পেরেছি, যদি আপনার কোনো সন্দেহ থাকে তবে আমার সাথে bit.ly/ Chat Doctor-এ যোগাযোগ করুন। নাসেনিয়া ডক ব্যবহার করার জন্য ধন্যবাদ। আপনার সুস্বাস্থ্য কামনা করি।"
90838,"হেলো, ডেইরি, আমি আপনার প্রশ্নটি দেখেছি। আমি আপনার উদ্বেগ বুঝতে পারছি। আপনার হার্নিয়া সার্জারির ইতিহাস রয়েছে এবং এখন অস্ত্রোপচার পরবর্তী সংক্রমণ হয়েছে। আপনি স্ট্রেপ্টোকক্কাল সংক্রমণে ভুগছেন। আপনার স্ট্রেপ্টোকক্কাল সংক্রমণ সাধারণ অ্যান্টিবায়োটিকের প্রতি প্রতিরোধী হতে পারে। আপনার কালচার এবং সেনসিটিভিটি পরীক্ষা করা উচিত। এটি অ্যান্টিবায়োটিক নির্বাচন করতে সাহায্য করবে। আপনার ডাক্তারের সাথে পরামর্শ করুন এবং সেই অনুযায়ী চিকিৎসা নিন। আশা করি আমি আপনার প্রশ্নের উত্তর দিতে পেরেছি, যদি আপনার কোনো সন্দেহ থাকে তবে আমার সাথে bit.ly/ Chat Doctor-এ যোগাযোগ করুন। নাসেনিয়া ডক ব্যবহার করার জন্য ধন্যবাদ। আপনার সুস্বাস্থ্য কামনা করি।"
59911,"হেলো, ডেইরি, আমি আপনার প্রশ্নটি দেখেছি। আমি আপনার উদ্বেগ বুঝতে পারছি। আপনার হার্নিয়া সার্জারির ইতিহাস রয়েছে এবং এখন অস্ত্রোপচার পরবর্তী সংক্রমণ হয়েছে। আপনি স্ট্রেপ্টোকক্কাল সংক্রমণে ভুগছেন। আপনার স্ট্রেপ্টোকক্কাল সংক্রমণ সাধারণ অ্যান্টিবায়োটিকের প্রতি প্রতিরোধী হতে পারে। আপনার কালচার এবং সেনসিটিভিটি পরীক্ষা করা উচিত। এটি অ্যান্টিবায়োটিক নির্বাচন করতে সাহায্য করবে। আপনার ডাক্তারের সাথে পরামর্শ করুন এবং সেই অনুযায়ী চিকিৎসা নিন। আশা করি আমি আপনার প্রশ্নের উত্তর দিতে পেরেছি, যদি আপনার কোনো সন্দেহ থাকে তবে আমার সাথে bit.ly/ Chat Doctor-এ যোগাযোগ করুন। নাসেনিয়া ডক ব্যবহার করার জন্য ধন্যবাদ। আপনার সুস্বাস্থ্য কামনা করি।"
91695,"হেলো, ডেইরি, আমি আপনার প্রশ্নটি দেখেছি। আমি আপনার উদ্বেগ বুঝতে পারছি। আপনার হার্নিয়া সার্জারির ইতিহাস রয়েছে এবং এখন অস্ত্রোপচার পরবর্তী সংক্রমণ হয়েছে। আপনি স্ট্রেপ্টোকক্কাল সংক্রমণে ভুগছেন। আপনার স্ট্রেপ্টোকক্কাল সংক্রমণ সাধারণ অ্যান্টিবায়োটিকের প্রতি প্রতিরোধী হতে পারে। আপনার কালচার এবং সেনসিটিভিটি পরীক্ষা করা উচিত। এটি অ্যান্টিবায়োটিক নির্বাচন করতে সাহায্য করবে। আপনার ডাক্তারের সাথে পরামর্শ করুন এবং সেই অনুযায়ী চিকিৎসা নিন। আশা করি আমি আপনার প্রশ্নের উত্তর দিতে পেরেছি, যদি আপনার কোনো সন্দেহ থাকে তবে আমার সাথে bit.ly/ Chat Doctor-এ যোগাযোগ করুন। নাসেনিয়া ডক ব্যবহার করার জন্য ধন্যবাদ। আপনার সুস্বাস্থ্য কামনা করি।"
72531,"হেলো, ডেইরি, আমি আপনার প্রশ্নটি দেখেছি। আমি আপনার উদ্বেগ বুঝতে পারছি। আপনার হার্নিয়া সার্জারির ইতিহাস রয়েছে এবং এখন অস্ত্রোপচার পরবর্তী সংক্রমণ হয়েছে। আপনি স্ট্রেপ্টোকক্কাল সংক্রমণে ভুগছেন। আপনার স্ট্রেপ্টোকক্কাল সংক্রমণ সাধারণ অ্যান্টিবায়োটিকের প্রতি প্রতিরোধী হতে পারে। আপনার কালচার এবং সেনসিটিভিটি পরীক্ষা করা উচিত। এটি অ্যান্টিবায়োটিক নির্বাচন করতে সাহায্য করবে। আপনার ডাক্তারের সাথে পরামর্শ করুন এবং সেই অনুযায়ী চিকিৎসা নিন। আশা করি আমি আপনার প্রশ্নের উত্তর দিতে পেরেছি, যদি আপনার কোনো সন্দেহ থাকে তবে আমার সাথে bit.ly/ Chat Doctor-এ যোগাযোগ করুন। নাসেনিয়া ডক ব্যবহার করার জন্য ধন্যবাদ। আপনার সুস্বাস্থ্য কামনা করি।"
12274,"হেলো, ডেইরি, আমি আপনার প্রশ্নটি দেখেছি। আমি আপনার উদ্বেগ বুঝতে পারছি। আপনার হার্নিয়া সার্জারির ইতিহাস রয়েছে এবং এখন অস্ত্রোপচার পরবর্তী সংক্রমণ হয়েছে। আপনি স্ট্রেপ্টোকক্কাল সংক্রমণে ভুগছেন। আপনার স্ট্রেপ্টোকক্কাল সংক্রমণ সাধারণ অ্যান্টিবায়োটিকের প্রতি প্রতিরোধী হতে পারে। আপনার কালচার এবং সেনসিটিভিটি পরীক্ষা করা উচিত। এটি অ্যান্টিবায়োটিক নির্বাচন করতে সাহায্য করবে। আপনার ডাক্তারের সাথে পরামর্শ করুন এবং সেই অনুযায়ী চিকিৎসা নিন। আশা করি আমি আপনার প্রশ্নের উত্তর দিতে পেরেছি, যদি আপনার কোনো সন্দেহ থাকে তবে আমার সাথে bit.ly/ Chat Doctor-এ যোগাযোগ করুন। নাসেনিয়া ডক ব্যবহার করার জন্য ধন্যবাদ। আপনার সুস্বাস্থ্য কামনা করি।"
103330,"হেলো, ডেইরি, আমি আপনার প্রশ্নটি দেখেছি। আমি আপনার উদ্বেগ বুঝতে পারছি। আপনার হার্নিয়া সার্জারির ইতিহাস রয়েছে এবং এখন অস্ত্রোপচার পরবর্তী সংক্রমণ হয়েছে। আপনি স্ট্রেপ্টোকক্কাল সংক্রমণে ভুগছেন। আপনার স্ট্রেপ্টোকক্কাল সংক্রমণ সাধারণ অ্যান্টিবায়োটিকের প্রতি প্রতিরোধী হতে পারে। আপনার কালচার এবং সেনসিটিভিটি পরীক্ষা করা উচিত। এটি অ্যান্টিবায়োটিক নির্বাচন করতে সাহায্য করবে। আপনার ডাক্তারের সাথে পরামর্শ করুন এবং সেই অনুযায়ী চিকিৎসা নিন। আশা করি আমি আপনার প্রশ্নের উত্তর দিতে পেরেছি, যদি আপনার কোনো সন্দেহ থাকে তবে আমার সাথে bit.ly/ Chat Doctor-এ যোগাযোগ করুন। নাসেনিয়া ডক ব্যবহার করার জন্য ধন্যবাদ। আপনার সুস্বাস্থ্য কামনা করি।"
80274,"হেলো, ডেইরি, আমি আপনার প্রশ্নটি দেখেছি। আমি আপনার উদ্বেগ বুঝতে পারছি। আপনার হার্নিয়া সার্জারির ইতিহাস রয়েছে এবং এখন অস্ত্রোপচার পরবর্তী সংক্রমণ হয়েছে। আপনি স্ট্রেপ্টোকক্কাল সংক্রমণে ভুগছেন। আপনার স্ট্রেপ্টোকক্কাল সংক্রমণ সাধারণ অ্যান্টিবায়োটিকের প্রতি প্রতিরোধী হতে পারে। আপনার কালচার এবং সেনসিটিভিটি পরীক্ষা করা উচিত। এটি অ্যান্টিবায়োটিক নির্বাচন করতে সাহায্য করবে। আপনার ডাক্তারের সাথে পরামর্শ করুন এবং সেই অনুযায়ী চিকিৎসা নিন। আশা করি আমি আপনার প্রশ্নের উত্তর দিতে পেরেছি, যদি আপনার কোনো সন্দেহ থাকে তবে আমার সাথে bit.ly/ Chat Doctor-এ যোগাযোগ করুন। নাসেনিয়া ডক ব্যবহার করার জন্য ধন্যবাদ। আপনার সুস্বাস্থ্য কামনা করি।"
37885,"হেলো, ডেইরি, আমি আপনার প্রশ্নটি দেখেছি। আমি আপনার উদ্বেগ বুঝতে পারছি। আপনার হার্নিয়া সার্জারির ইতিহাস রয়েছে এবং এখন অস্ত্রোপচার পরবর্তী সংক্রমণ হয়েছে। আপনি স্ট্রেপ্টোকক্কাল সংক্রমণে ভুগছেন। আপনার স্ট্রেপ্টোকক্কাল সংক্রমণ সাধারণ অ্যান্টিবায়োটিকের প্রতি প্রতিরোধী হতে পারে। আপনার কালচার এবং সেনসিটিভিটি পরীক্ষা করা উচিত। এটি অ্যান্টিবায়োটিক নির্বাচন করতে সাহায্য করবে। আপনার ডাক্তারের সাথে পরামর্শ করুন এবং সেই অনুযায়ী চিকিৎসা নিন। আশা করি আমি আপনার প্রশ্নের উত্তর দিতে পেরেছি, যদি আপনার কোনো সন্দেহ থাকে তবে আমার সাথে bit.ly/ Chat Doctor-এ যোগাযোগ করুন। নাসেনিয়া ডক ব্যবহার করার জন্য ধন্যবাদ। আপনার সুস্বাস্থ্য কামনা করি।"
17397,"হেলো, ডেইরি, আমি আপনার প্রশ্নটি দেখেছি। আমি আপনার উদ্বেগ বুঝতে পারছি। আপনার হার্নিয়া সার্জারির ইতিহাস রয়েছে এবং এখন অস্ত্রোপচার পরবর্তী সংক্রমণ হয়েছে। আপনি স্ট্রেপ্টোকক্কাল সংক্রমণে ভুগছেন। আপনার স্ট্রেপ্টোকক্কাল সংক্রমণ সাধারণ অ্যান্টিবায়োটিকের প্রতি প্রতিরোধী হতে পারে। আপনার কালচার এবং সেনসিটিভিটি পরীক্ষা করা উচিত। এটি অ্যান্টিবায়োটিক নির্বাচন করতে সাহায্য করবে। আপনার ডাক্তারের সাথে পরামর্শ করুন এবং সেই অনুযায়ী চিকিৎসা নিন। আশা করি আমি আপনার প্রশ্নের উত্তর দিতে পেরেছি, যদি আপনার কোনো সন্দেহ থাকে তবে আমার সাথে bit.ly/ Chat Doctor-এ যোগাযোগ করুন। নাসেনিয়া ডক ব্যবহার করার জন্য ধন্যবাদ। আপনার সুস্বাস্থ্য কামনা করি।"
24073,"হেলো, ডেইরি, আমি আপনার প্রশ্নটি দেখেছি। আমি আপনার উদ্বেগ বুঝতে পারছি। আপনার হার্নিয়া সার্জারির ইতিহাস রয়েছে এবং এখন অস্ত্রোপচার পরবর্তী সংক্রমণ হয়েছে। আপনি স্ট্রেপ্টোকক্কাল সংক্রমণে ভুগছেন। আপনার স্ট্রেপ্টোকক্কাল সংক্রমণ সাধারণ অ্যান্টিবায়োটিকের প্রতি প্রতিরোধী হতে পারে। আপনার কালচার এবং সেনসিটিভিটি পরীক্ষা করা উচিত। এটি অ্যান্টিবায়োটিক নির্বাচন করতে সাহায্য করবে। আপনার ডাক্তারের সাথে পরামর্শ করুন এবং সেই অনুযায়ী চিকিৎসা নিন। আশা করি আমি আপনার প্রশ্নের উত্তর দিতে পেরেছি, যদি আপনার কোনো সন্দেহ থাকে তবে আমার সাথে bit.ly/ Chat Doctor-এ যোগাযোগ করুন। নাসেনিয়া ডক ব্যবহার করার জন্য ধন্যবাদ। আপনার সুস্বাস্থ্য কামনা করি।"
55242,"হেলো, ডেইরি, আমি আপনার প্রশ্নটি দেখেছি। আমি আপনার উদ্বেগ বুঝতে পারছি। আপনার হার্নিয়া সার্জারির ইতিহাস রয়েছে এবং এখন অস্ত্রোপচার পরবর্তী সংক্রমণ হয়েছে। আপনি স্ট্রেপ্টোকক্কাল সংক্রমণে ভুগছেন। আপনার স্ট্রেপ্টোকক্কাল সংক্রমণ সাধারণ অ্যান্টিবায়োটিকের প্রতি প্রতিরোধী হতে পারে। আপনার কালচার এবং সেনসিটিভিটি পরীক্ষা করা উচিত। এটি অ্যান্টিবায়োটিক নির্বাচন করতে সাহায্য করবে। আপনার ডাক্তারের সাথে পরামর্শ করুন এবং সেই অনুযায়ী চিকিৎসা নিন। আশা করি আমি আপনার প্রশ্নের উত্তর দিতে পেরেছি, যদি আপনার কোনো সন্দেহ থাকে তবে আমার সাথে bit.ly/ Chat Doctor-এ যোগাযোগ করুন। নাসেনিয়া ডক ব্যবহার করার জন্য ধন্যবাদ। আপনার সুস্বাস্থ্য কামনা করি।"
100349,"হেলো, ডেইরি, আমি আপনার প্রশ্নটি দেখেছি। আমি আপনার উদ্বেগ বুঝতে পারছি। আপনার হার্নিয়া সার্জারির ইতিহাস রয়েছে এবং এখন অস্ত্রোপচার পরবর্তী সংক্রমণ হয়েছে। আপনি স্ট্রেপ্টোকক্কাল সংক্রমণে ভুগছেন। আপনার স্ট্রেপ্টোকক্কাল সংক্রমণ সাধারণ অ্যান্টিবায়োটিকের প্রতি প্রতিরোধী হতে পারে। আপনার কালচার এবং সেনসিটিভিটি পরীক্ষা করা উচিত। এটি অ্যান্টিবায়োটিক নির্বাচন করতে সাহায্য করবে। আপনার ডাক্তারের সাথে পরামর্শ করুন এবং সেই অনুযায়ী চিকিৎসা নিন। আশা করি আমি আপনার প্রশ্নের উত্তর দিতে পেরেছি, যদি আপনার কোনো সন্দেহ থাকে তবে আমার সাথে bit.ly/ Chat Doctor-এ যোগাযোগ করুন। নাসেনিয়া ডক ব্যবহার করার জন্য ধন্যবাদ। আপনার সুস্বাস্থ্য কামনা করি।"
48888,"হেলো, ডেইরি, আমি আপনার প্রশ্নটি দেখেছি। আমি আপনার উদ্বেগ বুঝতে পারছি। আপনার হার্নিয়া সার্জারির ইতিহাস রয়েছে এবং এখন অস্ত্রোপচার পরবর্তী সংক্রমণ হয়েছে। আপনি স্ট্রেপ্টোকক্কাল সংক্রমণে ভুগছেন। আপনার স্ট্রেপ্টোকক্কাল সংক্রমণ সাধারণ অ্যান্টিবায়োটিকের প্রতি প্রতিরোধী হতে পারে। আপনার কালচার এবং সেনসিটিভিটি পরীক্ষা করা উচিত। এটি অ্যান্টিবায়োটিক নির্বাচন করতে সাহায্য করবে। আপনার ডাক্তারের সাথে পরামর্শ করুন এবং সেই অনুযায়ী চিকিৎসা নিন। আশা করি আমি আপনার প্রশ্নের উত্তর দিতে পেরেছি, যদি আপনার কোনো সন্দেহ থাকে তবে আমার সাথে bit.ly/ Chat Doctor-এ যোগাযোগ করুন। নাসেনিয়া ডক ব্যবহার করার জন্য ধন্যবাদ। আপনার সুস্বাস্থ্য কামনা করি।"
5652,"হেলো, ডেইরি, আমি আপনার প্রশ্নটি দেখেছি। আমি আপনার উদ্বেগ বুঝতে পারছি। আপনার হার্নিয়া সার্জারির ইতিহাস রয়েছে এবং এখন অস্ত্রোপচার পরবর্তী সংক্রমণ হয়েছে। আপনি স্ট্রেপ্টোকক্কাল সংক্রমণে ভুগছেন। আপনার স্ট্রেপ্টোকক্কাল সংক্রমণ সাধারণ অ্যান্টিবায়োটিকের প্রতি প্রতিরোধী হতে পারে। আপনার কালচার এবং সেনসিটিভিটি পরীক্ষা করা উচিত। এটি অ্যান্টিবায়োটিক নির্বাচন করতে সাহায্য করবে। আপনার ডাক্তারের সাথে পরামর্শ করুন এবং সেই অনুযায়ী চিকিৎসা নিন। আশা করি আমি আপনার প্রশ্নের উত্তর দিতে পেরেছি, যদি আপনার কোনো সন্দেহ থাকে তবে আমার সাথে bit.ly/ Chat Doctor-এ যোগাযোগ করুন। নাসেনিয়া ডক ব্যবহার করার জন্য ধন্যবাদ। আপনার সুস্বাস্থ্য কামনা করি।"
5541,"হেলো, ডেইরি, আমি আপনার প্রশ্নটি দেখেছি। আমি আপনার উদ্বেগ বুঝতে পারছি। আপনার হার্নিয়া সার্জারির ইতিহাস রয়েছে এবং এখন অস্ত্রোপচার পরবর্তী সংক্রমণ হয়েছে। আপনি স্ট্রেপ্টোকক্কাল সংক্রমণে ভুগছেন। আপনার স্ট্রেপ্টোকক্কাল সংক্রমণ সাধারণ অ্যান্টিবায়োটিকের প্রতি প্রতিরোধী হতে পারে। আপনার কালচার এবং সেনসিটিভিটি পরীক্ষা করা উচিত। এটি অ্যান্টিবায়োটিক নির্বাচন করতে সাহায্য করবে। আপনার ডাক্তারের সাথে পরামর্শ করুন এবং সেই অনুযায়ী চিকিৎসা নিন। আশা করি আমি আপনার প্রশ্নের উত্তর দিতে পেরেছি, যদি আপনার কোনো সন্দেহ থাকে তবে আমার সাথে bit.ly/ Chat Doctor-এ যোগাযোগ করুন। নাসেনিয়া ডক ব্যবহার করার জন্য ধন্যবাদ। আপনার সুস্বাস্থ্য কামনা করি।"
102134,"হেলো, ডেইরি, আমি আপনার প্রশ্নটি দেখেছি। আমি আপনার উদ্বেগ বুঝতে পারছি। আপনার হার্নিয়া সার্জারির ইতিহাস রয়েছে এবং এখন অস্ত্রোপচার পরবর্তী সংক্রমণ হয়েছে। আপনি স্ট্রেপ্টোকক্কাল সংক্রমণে ভুগছেন। আপনার স্ট্রেপ্টোকক্কাল সংক্রমণ সাধারণ অ্যান্টিবায়োটিকের প্রতি প্রতিরোধী হতে পারে। আপনার কালচার এবং সেনসিটিভিটি পরীক্ষা করা উচিত। এটি অ্যান্টিবায়োটিক নির্বাচন করতে সাহায্য করবে। আপনার ডাক্তারের সাথে পরামর্শ করুন এবং সেই অনুযায়ী চিকিৎসা নিন। আশা করি আমি আপনার প্রশ্নের উত্তর দিতে পেরেছি, যদি আপনার কোনো সন্দেহ থাকে তবে আমার সাথে bit.ly/ Chat Doctor-এ যোগাযোগ করুন। নাসেনিয়া ডক ব্যবহার করার জন্য ধন্যবাদ। আপনার সুস্বাস্থ্য কামনা করি।"
27092,"হেলো, ডেইরি, আমি আপনার প্রশ্নটি দেখেছি। আমি আপনার উদ্বেগ বুঝতে পারছি। আপনার হার্নিয়া সার্জারির ইতিহাস রয়েছে এবং এখন অস্ত্রোপচার পরবর্তী সংক্রমণ হয়েছে। আপনি স্ট্রেপ্টোকক্কাল সংক্রমণে ভুগছেন। আপনার স্ট্রেপ্টোকক্কাল সংক্রমণ সাধারণ অ্যান্টিবায়োটিকের প্রতি প্রতিরোধী হতে পারে। আপনার কালচার এবং সেনসিটিভিটি পরীক্ষা করা উচিত। এটি অ্যান্টিবায়োটিক নির্বাচন করতে সাহায্য করবে। আপনার ডাক্তারের সাথে পরামর্শ করুন এবং সেই অনুযায়ী চিকিৎসা নিন। আশা করি আমি আপনার প্রশ্নের উত্তর দিতে পেরেছি, যদি আপনার কোনো সন্দেহ থাকে তবে আমার সাথে bit.ly/ Chat Doctor-এ যোগাযোগ করুন। নাসেনিয়া ডক ব্যবহার করার জন্য ধন্যবাদ। আপনার সুস্বাস্থ্য কামনা করি।"
87665,"হেলো, ডেইরি, আমি আপনার প্রশ্নটি দেখেছি। আমি আপনার উদ্বেগ বুঝতে পারছি। আপনার হার্নিয়া সার্জারির ইতিহাস রয়েছে এবং এখন অস্ত্রোপচার পরবর্তী সংক্রমণ হয়েছে। আপনি স্ট্রেপ্টোকক্কাল সংক্রমণে ভুগছেন। আপনার স্ট্রেপ্টোকক্কাল সংক্রমণ সাধারণ অ্যান্টিবায়োটিকের প্রতি প্রতিরোধী হতে পারে। আপনার কালচার এবং সেনসিটিভিটি পরীক্ষা করা উচিত। এটি অ্যান্টিবায়োটিক নির্বাচন করতে সাহায্য করবে। আপনার ডাক্তারের সাথে পরামর্শ করুন এবং সেই অনুযায়ী চিকিৎসা নিন। আশা করি আমি আপনার প্রশ্নের উত্তর দিতে পেরেছি, যদি আপনার কোনো সন্দেহ থাকে তবে আমার সাথে bit.ly/ Chat Doctor-এ যোগাযোগ করুন। নাসেনিয়া ডক ব্যবহার করার জন্য ধন্যবাদ। আপনার সুস্বাস্থ্য কামনা করি।"
46139,"হেলো, ডেইরি, আমি আপনার প্রশ্নটি দেখেছি। আমি আপনার উদ্বেগ বুঝতে পারছি। আপনার হার্নিয়া সার্জারির ইতিহাস রয়েছে এবং এখন অস্ত্রোপচার পরবর্তী সংক্রমণ হয়েছে। আপনি স্ট্রেপ্টোকক্কাল সংক্রমণে ভুগছেন। আপনার স্ট্রেপ্টোকক্কাল সংক্রমণ সাধারণ অ্যান্টিবায়োটিকের প্রতি প্রতিরোধী হতে পারে। আপনার কালচার এবং সেনসিটিভিটি পরীক্ষা করা উচিত। এটি অ্যান্টিবায়োটিক নির্বাচন করতে সাহায্য করবে। আপনার ডাক্তারের সাথে পরামর্শ করুন এবং সেই অনুযায়ী চিকিৎসা নিন। আশা করি আমি আপনার প্রশ্নের উত্তর দিতে পেরেছি, যদি আপনার কোনো সন্দেহ থাকে তবে আমার সাথে bit.ly/ Chat Doctor-এ যোগাযোগ করুন। নাসেনিয়া ডক ব্যবহার করার জন্য ধন্যবাদ। আপনার সুস্বাস্থ্য কামনা করি।"
40376,"হেলো, ডেইরি, আমি আপনার প্রশ্নটি দেখেছি। আমি আপনার উদ্বেগ বুঝতে পারছি। আপনার হার্নিয়া সার্জারির ইতিহাস রয়েছে এবং এখন অস্ত্রোপচার পরবর্তী সংক্রমণ হয়েছে। আপনি স্ট্রেপ্টোকক্কাল সংক্রমণে ভুগছেন। আপনার স্ট্রেপ্টোকক্কাল সংক্রমণ সাধারণ অ্যান্টিবায়োটিকের প্রতি প্রতিরোধী হতে পারে। আপনার কালচার এবং সেনসিটিভিটি পরীক্ষা করা উচিত। এটি অ্যান্টিবায়োটিক নির্বাচন করতে সাহায্য করবে। আপনার ডাক্তারের সাথে পরামর্শ করুন এবং সেই অনুযায়ী চিকিৎসা নিন। আশা করি আমি আপনার প্রশ্নের উত্তর দিতে পেরেছি, যদি আপনার কোনো সন্দেহ থাকে তবে আমার সাথে bit.ly/ Chat Doctor-এ যোগাযোগ করুন। নাসেনিয়া ডক ব্যবহার করার জন্য ধন্যবাদ। আপনার সুস্বাস্থ্য কামনা করি।"
106820,"হেলো, ডেইরি, আমি আপনার প্রশ্নটি দেখেছি। আমি আপনার উদ্বেগ বুঝতে পারছি। আপনার হার্নিয়া সার্জারির ইতিহাস রয়েছে এবং এখন অস্ত্রোপচার পরবর্তী সংক্রমণ হয়েছে। আপনি স্ট্রেপ্টোকক্কাল সংক্রমণে ভুগছেন। আপনার স্ট্রেপ্টোকক্কাল সংক্রমণ সাধারণ অ্যান্টিবায়োটিকের প্রতি প্রতিরোধী হতে পারে। আপনার কালচার এবং সেনসিটিভিটি পরীক্ষা করা উচিত। এটি অ্যান্টিবায়োটিক নির্বাচন করতে সাহায্য করবে। আপনার ডাক্তারের সাথে পরামর্শ করুন এবং সেই অনুযায়ী চিকিৎসা নিন। আশা করি আমি আপনার প্রশ্নের উত্তর দিতে পেরেছি, যদি আপনার কোনো সন্দেহ থাকে তবে আমার সাথে bit.ly/ Chat Doctor-এ যোগাযোগ করুন। নাসেনিয়া ডক ব্যবহার করার জন্য ধন্যবাদ। আপনার সুস্বাস্থ্য কামনা করি।"
108228,"হেলো, ডেইরি, আমি আপনার প্রশ্নটি দেখেছি। আমি আপনার উদ্বেগ বুঝতে পারছি। আপনার হার্নিয়া সার্জারির ইতিহাস রয়েছে এবং এখন অস্ত্রোপচার পরবর্তী সংক্রমণ হয়েছে। আপনি স্ট্রেপ্টোকক্কাল সংক্রমণে ভুগছেন। আপনার স্ট্রেপ্টোকক্কাল সংক্রমণ সাধারণ অ্যান্টিবায়োটিকের প্রতি প্রতিরোধী হতে পারে। আপনার কালচার এবং সেনসিটিভিটি পরীক্ষা করা উচিত। এটি অ্যান্টিবায়োটিক নির্বাচন করতে সাহায্য করবে। আপনার ডাক্তারের সাথে পরামর্শ করুন এবং সেই অনুযায়ী চিকিৎসা নিন। আশা করি আমি আপনার প্রশ্নের উত্তর দিতে পেরেছি, যদি আপনার কোনো সন্দেহ থাকে তবে আমার সাথে bit.ly/ Chat Doctor-এ যোগাযোগ করুন। নাসেনিয়া ডক ব্যবহার করার জন্য ধন্যবাদ। আপনার সুস্বাস্থ্য কামনা করি।"
38000,"হেলো, ডেইরি, আমি আপনার প্রশ্নটি দেখেছি। আমি আপনার উদ্বেগ বুঝতে পারছি। আপনার হার্নিয়া সার্জারির ইতিহাস রয়েছে এবং এখন অস্ত্রোপচার পরবর্তী সংক্রমণ হয়েছে। আপনি স্ট্রেপ্টোকক্কাল সংক্রমণে ভুগছেন। আপনার স্ট্রেপ্টোকক্কাল সংক্রমণ সাধারণ অ্যান্টিবায়োটিকের প্রতি প্রতিরোধী হতে পারে। আপনার কালচার এবং সেনসিটিভিটি পরীক্ষা করা উচিত। এটি অ্যান্টিবায়োটিক নির্বাচন করতে সাহায্য করবে। আপনার ডাক্তারের সাথে পরামর্শ করুন এবং সেই অনুযায়ী চিকিৎসা নিন। আশা করি আমি আপনার প্রশ্নের উত্তর দিতে পেরেছি, যদি আপনার কোনো সন্দেহ থাকে তবে আমার সাথে bit.ly/ Chat Doctor-এ যোগাযোগ করুন। নাসেনিয়া ডক ব্যবহার করার জন্য ধন্যবাদ। আপনার সুস্বাস্থ্য কামনা করি।"
7172,"হেলো, ডেইরি, আমি আপনার প্রশ্নটি দেখেছি। আমি আপনার উদ্বেগ বুঝতে পারছি। আপনার হার্নিয়া সার্জারির ইতিহাস রয়েছে এবং এখন অস্ত্রোপচার পরবর্তী সংক্রমণ হয়েছে। আপনি স্ট্রেপ্টোকক্কাল সংক্রমণে ভুগছেন। আপনার স্ট্রেপ্টোকক্কাল সংক্রমণ সাধারণ অ্যান্টিবায়োটিকের প্রতি প্রতিরোধী হতে পারে। আপনার কালচার এবং সেনসিটিভিটি পরীক্ষা করা উচিত। এটি অ্যান্টিবায়োটিক নির্বাচন করতে সাহায্য করবে। আপনার ডাক্তারের সাথে পরামর্শ করুন এবং সেই অনুযায়ী চিকিৎসা নিন। আশা করি আমি আপনার প্রশ্নের উত্তর দিতে পেরেছি, যদি আপনার কোনো সন্দেহ থাকে তবে আমার সাথে bit.ly/ Chat Doctor-এ যোগাযোগ করুন। নাসেনিয়া ডক ব্যবহার করার জন্য ধন্যবাদ। আপনার সুস্বাস্থ্য কামনা করি।"
71223,"হেলো, ডেইরি, আমি আপনার প্রশ্নটি দেখেছি। আমি আপনার উদ্বেগ বুঝতে পারছি। আপনার হার্নিয়া সার্জারির ইতিহাস রয়েছে এবং এখন অস্ত্রোপচার পরবর্তী সংক্রমণ হয়েছে। আপনি স্ট্রেপ্টোকক্কাল সংক্রমণে ভুগছেন। আপনার স্ট্রেপ্টোকক্কাল সংক্রমণ সাধারণ অ্যান্টিবায়োটিকের প্রতি প্রতিরোধী হতে পারে। আপনার কালচার এবং সেনসিটিভিটি পরীক্ষা করা উচিত। এটি অ্যান্টিবায়োটিক নির্বাচন করতে সাহায্য করবে। আপনার ডাক্তারের সাথে পরামর্শ করুন এবং সেই অনুযায়ী চিকিৎসা নিন। আশা করি আমি আপনার প্রশ্নের উত্তর দিতে পেরেছি, যদি আপনার কোনো সন্দেহ থাকে তবে আমার সাথে bit.ly/ Chat Doctor-এ যোগাযোগ করুন। নাসেনিয়া ডক ব্যবহার করার জন্য ধন্যবাদ। আপনার সুস্বাস্থ্য কামনা করি।"
64227,"হেলো, ডেইরি, আমি আপনার প্রশ্নটি দেখেছি। আমি আপনার উদ্বেগ বুঝতে পারছি। আপনার হার্নিয়া সার্জারির ইতিহাস রয়েছে এবং এখন অস্ত্রোপচার পরবর্তী সংক্রমণ হয়েছে। আপনি স্ট্রেপ্টোকক্কাল সংক্রমণে ভুগছেন। আপনার স্ট্রেপ্টোকক্কাল সংক্রমণ সাধারণ অ্যান্টিবায়োটিকের প্রতি প্রতিরোধী হতে পারে। আপনার কালচার এবং সেনসিটিভিটি পরীক্ষা করা উচিত। এটি অ্যান্টিবায়োটিক নির্বাচন করতে সাহায্য করবে। আপনার ডাক্তারের সাথে পরামর্শ করুন এবং সেই অনুযায়ী চিকিৎসা নিন। আশা করি আমি আপনার প্রশ্নের উত্তর দিতে পেরেছি, যদি আপনার কোনো সন্দেহ থাকে তবে আমার সাথে bit.ly/ Chat Doctor-এ যোগাযোগ করুন। নাসেনিয়া ডক ব্যবহার করার জন্য ধন্যবাদ। আপনার সুস্বাস্থ্য কামনা করি।"
101386,"হেলো, ডেইরি, আমি আপনার প্রশ্নটি দেখেছি। আমি আপনার উদ্বেগ বুঝতে পারছি। আপনার হার্নিয়া সার্জারির ইতিহাস রয়েছে এবং এখন অস্ত্রোপচার পরবর্তী সংক্রমণ হয়েছে। আপনি স্ট্রেপ্টোকক্কাল সংক্রমণে ভুগছেন। আপনার স্ট্রেপ্টোকক্কাল সংক্রমণ সাধারণ অ্যান্টিবায়োটিকের প্রতি প্রতিরোধী হতে পারে। আপনার কালচার এবং সেনসিটিভিটি পরীক্ষা করা উচিত। এটি অ্যান্টিবায়োটিক নির্বাচন করতে সাহায্য করবে। আপনার ডাক্তারের সাথে পরামর্শ করুন এবং সেই অনুযায়ী চিকিৎসা নিন। আশা করি আমি আপনার প্রশ্নের উত্তর দিতে পেরেছি, যদি আপনার কোনো সন্দেহ থাকে তবে আমার সাথে bit.ly/ Chat Doctor-এ যোগাযোগ করুন। নাসেনিয়া ডক ব্যবহার করার জন্য ধন্যবাদ। আপনার সুস্বাস্থ্য কামনা করি।"
29974,"হেলো, ডেইরি, আমি আপনার প্রশ্নটি দেখেছি। আমি আপনার উদ্বেগ বুঝতে পারছি। আপনার হার্নিয়া সার্জারির ইতিহাস রয়েছে এবং এখন অস্ত্রোপচার পরবর্তী সংক্রমণ হয়েছে। আপনি স্ট্রেপ্টোকক্কাল সংক্রমণে ভুগছেন। আপনার স্ট্রেপ্টোকক্কাল সংক্রমণ সাধারণ অ্যান্টিবায়োটিকের প্রতি প্রতিরোধী হতে পারে। আপনার কালচার এবং সেনসিটিভিটি পরীক্ষা করা উচিত। এটি অ্যান্টিবায়োটিক নির্বাচন করতে সাহায্য করবে। আপনার ডাক্তারের সাথে পরামর্শ করুন এবং সেই অনুযায়ী চিকিৎসা নিন। আশা করি আমি আপনার প্রশ্নের উত্তর দিতে পেরেছি, যদি আপনার কোনো সন্দেহ থাকে তবে আমার সাথে bit.ly/ Chat Doctor-এ যোগাযোগ করুন। নাসেনিয়া ডক ব্যবহার করার জন্য ধন্যবাদ। আপনার সুস্বাস্থ্য কামনা করি।"
14057,"হেলো, ডেইরি, আমি আপনার প্রশ্নটি দেখেছি। আমি আপনার উদ্বেগ বুঝতে পারছি। আপনার হার্নিয়া সার্জারির ইতিহাস রয়েছে এবং এখন অস্ত্রোপচার পরবর্তী সংক্রমণ হয়েছে। আপনি স্ট্রেপ্টোকক্কাল সংক্রমণে ভুগছেন। আপনার স্ট্রেপ্টোকক্কাল সংক্রমণ সাধারণ অ্যান্টিবায়োটিকের প্রতি প্রতিরোধী হতে পারে। আপনার কালচার এবং সেনসিটিভিটি পরীক্ষা করা উচিত। এটি অ্যান্টিবায়োটিক নির্বাচন করতে সাহায্য করবে। আপনার ডাক্তারের সাথে পরামর্শ করুন এবং সেই অনুযায়ী চিকিৎসা নিন। আশা করি আমি আপনার প্রশ্নের উত্তর দিতে পেরেছি, যদি আপনার কোনো সন্দেহ থাকে তবে আমার সাথে bit.ly/ Chat Doctor-এ যোগাযোগ করুন। নাসেনিয়া ডক ব্যবহার করার জন্য ধন্যবাদ। আপনার সুস্বাস্থ্য কামনা করি।"
100574,"হেলো, ডেইরি, আমি আপনার প্রশ্নটি দেখেছি। আমি আপনার উদ্বেগ বুঝতে পারছি। আপনার হার্নিয়া সার্জারির ইতিহাস রয়েছে এবং এখন অস্ত্রোপচার পরবর্তী সংক্রমণ হয়েছে। আপনি স্ট্রেপ্টোকক্কাল সংক্রমণে ভুগছেন। আপনার স্ট্রেপ্টোকক্কাল সংক্রমণ সাধারণ অ্যান্টিবায়োটিকের প্রতি প্রতিরোধী হতে পারে। আপনার কালচার এবং সেনসিটিভিটি পরীক্ষা করা উচিত। এটি অ্যান্টিবায়োটিক নির্বাচন করতে সাহায্য করবে। আপনার ডাক্তারের সাথে পরামর্শ করুন এবং সেই অনুযায়ী চিকিৎসা নিন। আশা করি আমি আপনার প্রশ্নের উত্তর দিতে পেরেছি, যদি আপনার কোনো সন্দেহ থাকে তবে আমার সাথে bit.ly/ Chat Doctor-এ যোগাযোগ করুন। নাসেনিয়া ডক ব্যবহার করার জন্য ধন্যবাদ। আপনার সুস্বাস্থ্য কামনা করি।"
52263,"হেলো, ডেইরি, আমি আপনার প্রশ্নটি দেখেছি। আমি আপনার উদ্বেগ বুঝতে পারছি। আপনার হার্নিয়া সার্জারির ইতিহাস রয়েছে এবং এখন অস্ত্রোপচার পরবর্তী সংক্রমণ হয়েছে। আপনি স্ট্রেপ্টোকক্কাল সংক্রমণে ভুগছেন। আপনার স্ট্রেপ্টোকক্কাল সংক্রমণ সাধারণ অ্যান্টিবায়োটিকের প্রতি প্রতিরোধী হতে পারে। আপনার কালচার এবং সেনসিটিভিটি পরীক্ষা করা উচিত। এটি অ্যান্টিবায়োটিক নির্বাচন করতে সাহায্য করবে। আপনার ডাক্তারের সাথে পরামর্শ করুন এবং সেই অনুযায়ী চিকিৎসা নিন। আশা করি আমি আপনার প্রশ্নের উত্তর দিতে পেরেছি, যদি আপনার কোনো সন্দেহ থাকে তবে আমার সাথে bit.ly/ Chat Doctor-এ যোগাযোগ করুন। নাসেনিয়া ডক ব্যবহার করার জন্য ধন্যবাদ। আপনার সুস্বাস্থ্য কামনা করি।"
95939,"হেলো, ডেইরি, আমি আপনার প্রশ্নটি দেখেছি। আমি আপনার উদ্বেগ বুঝতে পারছি। আপনার হার্নিয়া সার্জারির ইতিহাস রয়েছে এবং এখন অস্ত্রোপচার পরবর্তী সংক্রমণ হয়েছে। আপনি স্ট্রেপ্টোকক্কাল সংক্রমণে ভুগছেন। আপনার স্ট্রেপ্টোকক্কাল সংক্রমণ সাধারণ অ্যান্টিবায়োটিকের প্রতি প্রতিরোধী হতে পারে। আপনার কালচার এবং সেনসিটিভিটি পরীক্ষা করা উচিত। এটি অ্যান্টিবায়োটিক নির্বাচন করতে সাহায্য করবে। আপনার ডাক্তারের সাথে পরামর্শ করুন এবং সেই অনুযায়ী চিকিৎসা নিন। আশা করি আমি আপনার প্রশ্নের উত্তর দিতে পেরেছি, যদি আপনার কোনো সন্দেহ থাকে তবে আমার সাথে bit.ly/ Chat Doctor-এ যোগাযোগ করুন। নাসেনিয়া ডক ব্যবহার করার জন্য ধন্যবাদ। আপনার সুস্বাস্থ্য কামনা করি।"
103179,"হেলো, ডেইরি, আমি আপনার প্রশ্নটি দেখেছি। আমি আপনার উদ্বেগ বুঝতে পারছি। আপনার হার্নিয়া সার্জারির ইতিহাস রয়েছে এবং এখন অস্ত্রোপচার পরবর্তী সংক্রমণ হয়েছে। আপনি স্ট্রেপ্টোকক্কাল সংক্রমণে ভুগছেন। আপনার স্ট্রেপ্টোকক্কাল সংক্রমণ সাধারণ অ্যান্টিবায়োটিকের প্রতি প্রতিরোধী হতে পারে। আপনার কালচার এবং সেনসিটিভিটি পরীক্ষা করা উচিত। এটি অ্যান্টিবায়োটিক নির্বাচন করতে সাহায্য করবে। আপনার ডাক্তারের সাথে পরামর্শ করুন এবং সেই অনুযায়ী চিকিৎসা নিন। আশা করি আমি আপনার প্রশ্নের উত্তর দিতে পেরেছি, যদি আপনার কোনো সন্দেহ থাকে তবে আমার সাথে bit.ly/ Chat Doctor-এ যোগাযোগ করুন। নাসেনিয়া ডক ব্যবহার করার জন্য ধন্যবাদ। আপনার সুস্বাস্থ্য কামনা করি।"
37425,"হেলো, ডেইরি, আমি আপনার প্রশ্নটি দেখেছি। আমি আপনার উদ্বেগ বুঝতে পারছি। আপনার হার্নিয়া সার্জারির ইতিহাস রয়েছে এবং এখন অস্ত্রোপচার পরবর্তী সংক্রমণ হয়েছে। আপনি স্ট্রেপ্টোকক্কাল সংক্রমণে ভুগছেন। আপনার স্ট্রেপ্টোকক্কাল সংক্রমণ সাধারণ অ্যান্টিবায়োটিকের প্রতি প্রতিরোধী হতে পারে। আপনার কালচার এবং সেনসিটিভিটি পরীক্ষা করা উচিত। এটি অ্যান্টিবায়োটিক নির্বাচন করতে সাহায্য করবে। আপনার ডাক্তারের সাথে পরামর্শ করুন এবং সেই অনুযায়ী চিকিৎসা নিন। আশা করি আমি আপনার প্রশ্নের উত্তর দিতে পেরেছি, যদি আপনার কোনো সন্দেহ থাকে তবে আমার সাথে bit.ly/ Chat Doctor-এ যোগাযোগ করুন। নাসেনিয়া ডক ব্যবহার করার জন্য ধন্যবাদ। আপনার সুস্বাস্থ্য কামনা করি।"
69890,"হেলো, ডেইরি, আমি আপনার প্রশ্নটি দেখেছি। আমি আপনার উদ্বেগ বুঝতে পারছি। আপনার হার্নিয়া সার্জারির ইতিহাস রয়েছে এবং এখন অস্ত্রোপচার পরবর্তী সংক্রমণ হয়েছে। আপনি স্ট্রেপ্টোকক্কাল সংক্রমণে ভুগছেন। আপনার স্ট্রেপ্টোকক্কাল সংক্রমণ সাধারণ অ্যান্টিবায়োটিকের প্রতি প্রতিরোধী হতে পারে। আপনার কালচার এবং সেনসিটিভিটি পরীক্ষা করা উচিত। এটি অ্যান্টিবায়োটিক নির্বাচন করতে সাহায্য করবে। আপনার ডাক্তারের সাথে পরামর্শ করুন এবং সেই অনুযায়ী চিকিৎসা নিন। আশা করি আমি আপনার প্রশ্নের উত্তর দিতে পেরেছি, যদি আপনার কোনো সন্দেহ থাকে তবে আমার সাথে bit.ly/ Chat Doctor-এ যোগাযোগ করুন। নাসেনিয়া ডক ব্যবহার করার জন্য ধন্যবাদ। আপনার সুস্বাস্থ্য কামনা করি।"
55973,"হেলো, ডেইরি, আমি আপনার প্রশ্নটি দেখেছি। আমি আপনার উদ্বেগ বুঝতে পারছি। আপনার হার্নিয়া সার্জারির ইতিহাস রয়েছে এবং এখন অস্ত্রোপচার পরবর্তী সংক্রমণ হয়েছে। আপনি স্ট্রেপ্টোকক্কাল সংক্রমণে ভুগছেন। আপনার স্ট্রেপ্টোকক্কাল সংক্রমণ সাধারণ অ্যান্টিবায়োটিকের প্রতি প্রতিরোধী হতে পারে। আপনার কালচার এবং সেনসিটিভিটি পরীক্ষা করা উচিত। এটি অ্যান্টিবায়োটিক নির্বাচন করতে সাহায্য করবে। আপনার ডাক্তারের সাথে পরামর্শ করুন এবং সেই অনুযায়ী চিকিৎসা নিন। আশা করি আমি আপনার প্রশ্নের উত্তর দিতে পেরেছি, যদি আপনার কোনো সন্দেহ থাকে তবে আমার সাথে bit.ly/ Chat Doctor-এ যোগাযোগ করুন। নাসেনিয়া ডক ব্যবহার করার জন্য ধন্যবাদ। আপনার সুস্বাস্থ্য কামনা করি।"
73865,"হেলো, ডেইরি, আমি আপনার প্রশ্নটি দেখেছি। আমি আপনার উদ্বেগ বুঝতে পারছি। আপনার হার্নিয়া সার্জারির ইতিহাস রয়েছে এবং এখন অস্ত্রোপচার পরবর্তী সংক্রমণ হয়েছে। আপনি স্ট্রেপ্টোকক্কাল সংক্রমণে ভুগছেন। আপনার স্ট্রেপ্টোকক্কাল সংক্রমণ সাধারণ অ্যান্টিবায়োটিকের প্রতি প্রতিরোধী হতে পারে। আপনার কালচার এবং সেনসিটিভিটি পরীক্ষা করা উচিত। এটি অ্যান্টিবায়োটিক নির্বাচন করতে সাহায্য করবে। আপনার ডাক্তারের সাথে পরামর্শ করুন এবং সেই অনুযায়ী চিকিৎসা নিন। আশা করি আমি আপনার প্রশ্নের উত্তর দিতে পেরেছি, যদি আপনার কোনো সন্দেহ থাকে তবে আমার সাথে bit.ly/ Chat Doctor-এ যোগাযোগ করুন। নাসেনিয়া ডক ব্যবহার করার জন্য ধন্যবাদ। আপনার সুস্বাস্থ্য কামনা করি।"
69974,"হেলো, ডেইরি, আমি আপনার প্রশ্নটি দেখেছি। আমি আপনার উদ্বেগ বুঝতে পারছি। আপনার হার্নিয়া সার্জারির ইতিহাস রয়েছে এবং এখন অস্ত্রোপচার পরবর্তী সংক্রমণ হয়েছে। আপনি স্ট্রেপ্টোকক্কাল সংক্রমণে ভুগছেন। আপনার স্ট্রেপ্টোকক্কাল সংক্রমণ সাধারণ অ্যান্টিবায়োটিকের প্রতি প্রতিরোধী হতে পারে। আপনার কালচার এবং সেনসিটিভিটি পরীক্ষা করা উচিত। এটি অ্যান্টিবায়োটিক নির্বাচন করতে সাহায্য করবে। আপনার ডাক্তারের সাথে পরামর্শ করুন এবং সেই অনুযায়ী চিকিৎসা নিন। আশা করি আমি আপনার প্রশ্নের উত্তর দিতে পেরেছি, যদি আপনার কোনো সন্দেহ থাকে তবে আমার সাথে bit.ly/ Chat Doctor-এ যোগাযোগ করুন। নাসেনিয়া ডক ব্যবহার করার জন্য ধন্যবাদ। আপনার সুস্বাস্থ্য কামনা করি।"
33453,"হেলো, ডেইরি, আমি আপনার প্রশ্নটি দেখেছি। আমি আপনার উদ্বেগ বুঝতে পারছি। আপনার হার্নিয়া সার্জারির ইতিহাস রয়েছে এবং এখন অস্ত্রোপচার পরবর্তী সংক্রমণ হয়েছে। আপনি স্ট্রেপ্টোকক্কাল সংক্রমণে ভুগছেন। আপনার স্ট্রেপ্টোকক্কাল সংক্রমণ সাধারণ অ্যান্টিবায়োটিকের প্রতি প্রতিরোধী হতে পারে। আপনার কালচার এবং সেনসিটিভিটি পরীক্ষা করা উচিত। এটি অ্যান্টিবায়োটিক নির্বাচন করতে সাহায্য করবে। আপনার ডাক্তারের সাথে পরামর্শ করুন এবং সেই অনুযায়ী চিকিৎসা নিন। আশা করি আমি আপনার প্রশ্নের উত্তর দিতে পেরেছি, যদি আপনার কোনো সন্দেহ থাকে তবে আমার সাথে bit.ly/ Chat Doctor-এ যোগাযোগ করুন। নাসেনিয়া ডক ব্যবহার করার জন্য ধন্যবাদ। আপনার সুস্বাস্থ্য কামনা করি।"
78401,"হেলো, ডেইরি, আমি আপনার প্রশ্নটি দেখেছি। আমি আপনার উদ্বেগ বুঝতে পারছি। আপনার হার্নিয়া সার্জারির ইতিহাস রয়েছে এবং এখন অস্ত্রোপচার পরবর্তী সংক্রমণ হয়েছে। আপনি স্ট্রেপ্টোকক্কাল সংক্রমণে ভুগছেন। আপনার স্ট্রেপ্টোকক্কাল সংক্রমণ সাধারণ অ্যান্টিবায়োটিকের প্রতি প্রতিরোধী হতে পারে। আপনার কালচার এবং সেনসিটিভিটি পরীক্ষা করা উচিত। এটি অ্যান্টিবায়োটিক নির্বাচন করতে সাহায্য করবে। আপনার ডাক্তারের সাথে পরামর্শ করুন এবং সেই অনুযায়ী চিকিৎসা নিন। আশা করি আমি আপনার প্রশ্নের উত্তর দিতে পেরেছি, যদি আপনার কোনো সন্দেহ থাকে তবে আমার সাথে bit.ly/ Chat Doctor-এ যোগাযোগ করুন। নাসেনিয়া ডক ব্যবহার করার জন্য ধন্যবাদ। আপনার সুস্বাস্থ্য কামনা করি।"
10150,"হেলো, ডেইরি, আমি আপনার প্রশ্নটি দেখেছি। আমি আপনার উদ্বেগ বুঝতে পারছি। আপনার হার্নিয়া সার্জারির ইতিহাস রয়েছে এবং এখন অস্ত্রোপচার পরবর্তী সংক্রমণ হয়েছে। আপনি স্ট্রেপ্টোকক্কাল সংক্রমণে ভুগছেন। আপনার স্ট্রেপ্টোকক্কাল সংক্রমণ সাধারণ অ্যান্টিবায়োটিকের প্রতি প্রতিরোধী হতে পারে। আপনার কালচার এবং সেনসিটিভিটি পরীক্ষা করা উচিত। এটি অ্যান্টিবায়োটিক নির্বাচন করতে সাহায্য করবে। আপনার ডাক্তারের সাথে পরামর্শ করুন এবং সেই অনুযায়ী চিকিৎসা নিন। আশা করি আমি আপনার প্রশ্নের উত্তর দিতে পেরেছি, যদি আপনার কোনো সন্দেহ থাকে তবে আমার সাথে bit.ly/ Chat Doctor-এ যোগাযোগ করুন। নাসেনিয়া ডক ব্যবহার করার জন্য ধন্যবাদ। আপনার সুস্বাস্থ্য কামনা করি।"
111868,"হেলো, ডেইরি, আমি আপনার প্রশ্নটি দেখেছি। আমি আপনার উদ্বেগ বুঝতে পারছি। আপনার হার্নিয়া সার্জারির ইতিহাস রয়েছে এবং এখন অস্ত্রোপচার পরবর্তী সংক্রমণ হয়েছে। আপনি স্ট্রেপ্টোকক্কাল সংক্রমণে ভুগছেন। আপনার স্ট্রেপ্টোকক্কাল সংক্রমণ সাধারণ অ্যান্টিবায়োটিকের প্রতি প্রতিরোধী হতে পারে। আপনার কালচার এবং সেনসিটিভিটি পরীক্ষা করা উচিত। এটি অ্যান্টিবায়োটিক নির্বাচন করতে সাহায্য করবে। আপনার ডাক্তারের সাথে পরামর্শ করুন এবং সেই অনুযায়ী চিকিৎসা নিন। আশা করি আমি আপনার প্রশ্নের উত্তর দিতে পেরেছি, যদি আপনার কোনো সন্দেহ থাকে তবে আমার সাথে bit.ly/ Chat Doctor-এ যোগাযোগ করুন। নাসেনিয়া ডক ব্যবহার করার জন্য ধন্যবাদ। আপনার সুস্বাস্থ্য কামনা করি।"
75195,"হেলো, ডেইরি, আমি আপনার প্রশ্নটি দেখেছি। আমি আপনার উদ্বেগ বুঝতে পারছি। আপনার হার্নিয়া সার্জারির ইতিহাস রয়েছে এবং এখন অস্ত্রোপচার পরবর্তী সংক্রমণ হয়েছে। আপনি স্ট্রেপ্টোকক্কাল সংক্রমণে ভুগছেন। আপনার স্ট্রেপ্টোকক্কাল সংক্রমণ সাধারণ অ্যান্টিবায়োটিকের প্রতি প্রতিরোধী হতে পারে। আপনার কালচার এবং সেনসিটিভিটি পরীক্ষা করা উচিত। এটি অ্যান্টিবায়োটিক নির্বাচন করতে সাহায্য করবে। আপনার ডাক্তারের সাথে পরামর্শ করুন এবং সেই অনুযায়ী চিকিৎসা নিন। আশা করি আমি আপনার প্রশ্নের উত্তর দিতে পেরেছি, যদি আপনার কোনো সন্দেহ থাকে তবে আমার সাথে bit.ly/ Chat Doctor-এ যোগাযোগ করুন। নাসেনিয়া ডক ব্যবহার করার জন্য ধন্যবাদ। আপনার সুস্বাস্থ্য কামনা করি।"
60811,"হেলো, ডেইরি, আমি আপনার প্রশ্নটি দেখেছি। আমি আপনার উদ্বেগ বুঝতে পারছি। আপনার হার্নিয়া সার্জারির ইতিহাস রয়েছে এবং এখন অস্ত্রোপচার পরবর্তী সংক্রমণ হয়েছে। আপনি স্ট্রেপ্টোকক্কাল সংক্রমণে ভুগছেন। আপনার স্ট্রেপ্টোকক্কাল সংক্রমণ সাধারণ অ্যান্টিবায়োটিকের প্রতি প্রতিরোধী হতে পারে। আপনার কালচার এবং সেনসিটিভিটি পরীক্ষা করা উচিত। এটি অ্যান্টিবায়োটিক নির্বাচন করতে সাহায্য করবে। আপনার ডাক্তারের সাথে পরামর্শ করুন এবং সেই অনুযায়ী চিকিৎসা নিন। আশা করি আমি আপনার প্রশ্নের উত্তর দিতে পেরেছি, যদি আপনার কোনো সন্দেহ থাকে তবে আমার সাথে bit.ly/ Chat Doctor-এ যোগাযোগ করুন। নাসেনিয়া ডক ব্যবহার করার জন্য ধন্যবাদ। আপনার সুস্বাস্থ্য কামনা করি।"
4199,"হেলো, ডেইরি, আমি আপনার প্রশ্নটি দেখেছি। আমি আপনার উদ্বেগ বুঝতে পারছি। আপনার হার্নিয়া সার্জারির ইতিহাস রয়েছে এবং এখন অস্ত্রোপচার পরবর্তী সংক্রমণ হয়েছে। আপনি স্ট্রেপ্টোকক্কাল সংক্রমণে ভুগছেন। আপনার স্ট্রেপ্টোকক্কাল সংক্রমণ সাধারণ অ্যান্টিবায়োটিকের প্রতি প্রতিরোধী হতে পারে। আপনার কালচার এবং সেনসিটিভিটি পরীক্ষা করা উচিত। এটি অ্যান্টিবায়োটিক নির্বাচন করতে সাহায্য করবে। আপনার ডাক্তারের সাথে পরামর্শ করুন এবং সেই অনুযায়ী চিকিৎসা নিন। আশা করি আমি আপনার প্রশ্নের উত্তর দিতে পেরেছি, যদি আপনার কোনো সন্দেহ থাকে তবে আমার সাথে bit.ly/ Chat Doctor-এ যোগাযোগ করুন। নাসেনিয়া ডক ব্যবহার করার জন্য ধন্যবাদ। আপনার সুস্বাস্থ্য কামনা করি।"
64773,"হেলো, ডেইরি, আমি আপনার প্রশ্নটি দেখেছি। আমি আপনার উদ্বেগ বুঝতে পারছি। আপনার হার্নিয়া সার্জারির ইতিহাস রয়েছে এবং এখন অস্ত্রোপচার পরবর্তী সংক্রমণ হয়েছে। আপনি স্ট্রেপ্টোকক্কাল সংক্রমণে ভুগছেন। আপনার স্ট্রেপ্টোকক্কাল সংক্রমণ সাধারণ অ্যান্টিবায়োটিকের প্রতি প্রতিরোধী হতে পারে। আপনার কালচার এবং সেনসিটিভিটি পরীক্ষা করা উচিত। এটি অ্যান্টিবায়োটিক নির্বাচন করতে সাহায্য করবে। আপনার ডাক্তারের সাথে পরামর্শ করুন এবং সেই অনুযায়ী চিকিৎসা নিন। আশা করি আমি আপনার প্রশ্নের উত্তর দিতে পেরেছি, যদি আপনার কোনো সন্দেহ থাকে তবে আমার সাথে bit.ly/ Chat Doctor-এ যোগাযোগ করুন। নাসেনিয়া ডক ব্যবহার করার জন্য ধন্যবাদ। আপনার সুস্বাস্থ্য কামনা করি।"
26418,"হেলো, ডেইরি, আমি আপনার প্রশ্নটি দেখেছি। আমি আপনার উদ্বেগ বুঝতে পারছি। আপনার হার্নিয়া সার্জারির ইতিহাস রয়েছে এবং এখন অস্ত্রোপচার পরবর্তী সংক্রমণ হয়েছে। আপনি স্ট্রেপ্টোকক্কাল সংক্রমণে ভুগছেন। আপনার স্ট্রেপ্টোকক্কাল সংক্রমণ সাধারণ অ্যান্টিবায়োটিকের প্রতি প্রতিরোধী হতে পারে। আপনার কালচার এবং সেনসিটিভিটি পরীক্ষা করা উচিত। এটি অ্যান্টিবায়োটিক নির্বাচন করতে সাহায্য করবে। আপনার ডাক্তারের সাথে পরামর্শ করুন এবং সেই অনুযায়ী চিকিৎসা নিন। আশা করি আমি আপনার প্রশ্নের উত্তর দিতে পেরেছি, যদি আপনার কোনো সন্দেহ থাকে তবে আমার সাথে bit.ly/ Chat Doctor-এ যোগাযোগ করুন। নাসেনিয়া ডক ব্যবহার করার জন্য ধন্যবাদ। আপনার সুস্বাস্থ্য কামনা করি।"
105888,"হেলো, ডেইরি, আমি আপনার প্রশ্নটি দেখেছি। আমি আপনার উদ্বেগ বুঝতে পারছি। আপনার হার্নিয়া সার্জারির ইতিহাস রয়েছে এবং এখন অস্ত্রোপচার পরবর্তী সংক্রমণ হয়েছে। আপনি স্ট্রেপ্টোকক্কাল সংক্রমণে ভুগছেন। আপনার স্ট্রেপ্টোকক্কাল সংক্রমণ সাধারণ অ্যান্টিবায়োটিকের প্রতি প্রতিরোধী হতে পারে। আপনার কালচার এবং সেনসিটিভিটি পরীক্ষা করা উচিত। এটি অ্যান্টিবায়োটিক নির্বাচন করতে সাহায্য করবে। আপনার ডাক্তারের সাথে পরামর্শ করুন এবং সেই অনুযায়ী চিকিৎসা নিন। আশা করি আমি আপনার প্রশ্নের উত্তর দিতে পেরেছি, যদি আপনার কোনো সন্দেহ থাকে তবে আমার সাথে bit.ly/ Chat Doctor-এ যোগাযোগ করুন। নাসেনিয়া ডক ব্যবহার করার জন্য ধন্যবাদ। আপনার সুস্বাস্থ্য কামনা করি।"
104956,"হেলো, ডেইরি, আমি আপনার প্রশ্নটি দেখেছি। আমি আপনার উদ্বেগ বুঝতে পারছি। আপনার হার্নিয়া সার্জারির ইতিহাস রয়েছে এবং এখন অস্ত্রোপচার পরবর্তী সংক্রমণ হয়েছে। আপনি স্ট্রেপ্টোকক্কাল সংক্রমণে ভুগছেন। আপনার স্ট্রেপ্টোকক্কাল সংক্রমণ সাধারণ অ্যান্টিবায়োটিকের প্রতি প্রতিরোধী হতে পারে। আপনার কালচার এবং সেনসিটিভিটি পরীক্ষা করা উচিত। এটি অ্যান্টিবায়োটিক নির্বাচন করতে সাহায্য করবে। আপনার ডাক্তারের সাথে পরামর্শ করুন এবং সেই অনুযায়ী চিকিৎসা নিন। আশা করি আমি আপনার প্রশ্নের উত্তর দিতে পেরেছি, যদি আপনার কোনো সন্দেহ থাকে তবে আমার সাথে bit.ly/ Chat Doctor-এ যোগাযোগ করুন। নাসেনিয়া ডক ব্যবহার করার জন্য ধন্যবাদ। আপনার সুস্বাস্থ্য কামনা করি।"
33398,"হেলো, ডেইরি, আমি আপনার প্রশ্নটি দেখেছি। আমি আপনার উদ্বেগ বুঝতে পারছি। আপনার হার্নিয়া সার্জারির ইতিহাস রয়েছে এবং এখন অস্ত্রোপচার পরবর্তী সংক্রমণ হয়েছে। আপনি স্ট্রেপ্টোকক্কাল সংক্রমণে ভুগছেন। আপনার স্ট্রেপ্টোকক্কাল সংক্রমণ সাধারণ অ্যান্টিবায়োটিকের প্রতি প্রতিরোধী হতে পারে। আপনার কালচার এবং সেনসিটিভিটি পরীক্ষা করা উচিত। এটি অ্যান্টিবায়োটিক নির্বাচন করতে সাহায্য করবে। আপনার ডাক্তারের সাথে পরামর্শ করুন এবং সেই অনুযায়ী চিকিৎসা নিন। আশা করি আমি আপনার প্রশ্নের উত্তর দিতে পেরেছি, যদি আপনার কোনো সন্দেহ থাকে তবে আমার সাথে bit.ly/ Chat Doctor-এ যোগাযোগ করুন। নাসেনিয়া ডক ব্যবহার করার জন্য ধন্যবাদ। আপনার সুস্বাস্থ্য কামনা করি।"
68146,"হেলো, ডেইরি, আমি আপনার প্রশ্নটি দেখেছি। আমি আপনার উদ্বেগ বুঝতে পারছি। আপনার হার্নিয়া সার্জারির ইতিহাস রয়েছে এবং এখন অস্ত্রোপচার পরবর্তী সংক্রমণ হয়েছে। আপনি স্ট্রেপ্টোকক্কাল সংক্রমণে ভুগছেন। আপনার স্ট্রেপ্টোকক্কাল সংক্রমণ সাধারণ অ্যান্টিবায়োটিকের প্রতি প্রতিরোধী হতে পারে। আপনার কালচার এবং সেনসিটিভিটি পরীক্ষা করা উচিত। এটি অ্যান্টিবায়োটিক নির্বাচন করতে সাহায্য করবে। আপনার ডাক্তারের সাথে পরামর্শ করুন এবং সেই অনুযায়ী চিকিৎসা নিন। আশা করি আমি আপনার প্রশ্নের উত্তর দিতে পেরেছি, যদি আপনার কোনো সন্দেহ থাকে তবে আমার সাথে bit.ly/ Chat Doctor-এ যোগাযোগ করুন। নাসেনিয়া ডক ব্যবহার করার জন্য ধন্যবাদ। আপনার সুস্বাস্থ্য কামনা করি।"
78991,"হেলো, ডেইরি, আমি আপনার প্রশ্নটি দেখেছি। আমি আপনার উদ্বেগ বুঝতে পারছি। আপনার হার্নিয়া সার্জারির ইতিহাস রয়েছে এবং এখন অস্ত্রোপচার পরবর্তী সংক্রমণ হয়েছে। আপনি স্ট্রেপ্টোকক্কাল সংক্রমণে ভুগছেন। আপনার স্ট্রেপ্টোকক্কাল সংক্রমণ সাধারণ অ্যান্টিবায়োটিকের প্রতি প্রতিরোধী হতে পারে। আপনার কালচার এবং সেনসিটিভিটি পরীক্ষা করা উচিত। এটি অ্যান্টিবায়োটিক নির্বাচন করতে সাহায্য করবে। আপনার ডাক্তারের সাথে পরামর্শ করুন এবং সেই অনুযায়ী চিকিৎসা নিন। আশা করি আমি আপনার প্রশ্নের উত্তর দিতে পেরেছি, যদি আপনার কোনো সন্দেহ থাকে তবে আমার সাথে bit.ly/ Chat Doctor-এ যোগাযোগ করুন। নাসেনিয়া ডক ব্যবহার করার জন্য ধন্যবাদ। আপনার সুস্বাস্থ্য কামনা করি।"
13140,"হেলো, ডেইরি, আমি আপনার প্রশ্নটি দেখেছি। আমি আপনার উদ্বেগ বুঝতে পারছি। আপনার হার্নিয়া সার্জারির ইতিহাস রয়েছে এবং এখন অস্ত্রোপচার পরবর্তী সংক্রমণ হয়েছে। আপনি স্ট্রেপ্টোকক্কাল সংক্রমণে ভুগছেন। আপনার স্ট্রেপ্টোকক্কাল সংক্রমণ সাধারণ অ্যান্টিবায়োটিকের প্রতি প্রতিরোধী হতে পারে। আপনার কালচার এবং সেনসিটিভিটি পরীক্ষা করা উচিত। এটি অ্যান্টিবায়োটিক নির্বাচন করতে সাহায্য করবে। আপনার ডাক্তারের সাথে পরামর্শ করুন এবং সেই অনুযায়ী চিকিৎসা নিন। আশা করি আমি আপনার প্রশ্নের উত্তর দিতে পেরেছি, যদি আপনার কোনো সন্দেহ থাকে তবে আমার সাথে bit.ly/ Chat Doctor-এ যোগাযোগ করুন। নাসেনিয়া ডক ব্যবহার করার জন্য ধন্যবাদ। আপনার সুস্বাস্থ্য কামনা করি।"
59763,"হেলো, ডেইরি, আমি আপনার প্রশ্নটি দেখেছি। আমি আপনার উদ্বেগ বুঝতে পারছি। আপনার হার্নিয়া সার্জারির ইতিহাস রয়েছে এবং এখন অস্ত্রোপচার পরবর্তী সংক্রমণ হয়েছে। আপনি স্ট্রেপ্টোকক্কাল সংক্রমণে ভুগছেন। আপনার স্ট্রেপ্টোকক্কাল সংক্রমণ সাধারণ অ্যান্টিবায়োটিকের প্রতি প্রতিরোধী হতে পারে। আপনার কালচার এবং সেনসিটিভিটি পরীক্ষা করা উচিত। এটি অ্যান্টিবায়োটিক নির্বাচন করতে সাহায্য করবে। আপনার ডাক্তারের সাথে পরামর্শ করুন এবং সেই অনুযায়ী চিকিৎসা নিন। আশা করি আমি আপনার প্রশ্নের উত্তর দিতে পেরেছি, যদি আপনার কোনো সন্দেহ থাকে তবে আমার সাথে bit.ly/ Chat Doctor-এ যোগাযোগ করুন। নাসেনিয়া ডক ব্যবহার করার জন্য ধন্যবাদ। আপনার সুস্বাস্থ্য কামনা করি।"
43540,"হেলো, ডেইরি, আমি আপনার প্রশ্নটি দেখেছি। আমি আপনার উদ্বেগ বুঝতে পারছি। আপনার হার্নিয়া সার্জারির ইতিহাস রয়েছে এবং এখন অস্ত্রোপচার পরবর্তী সংক্রমণ হয়েছে। আপনি স্ট্রেপ্টোকক্কাল সংক্রমণে ভুগছেন। আপনার স্ট্রেপ্টোকক্কাল সংক্রমণ সাধারণ অ্যান্টিবায়োটিকের প্রতি প্রতিরোধী হতে পারে। আপনার কালচার এবং সেনসিটিভিটি পরীক্ষা করা উচিত। এটি অ্যান্টিবায়োটিক নির্বাচন করতে সাহায্য করবে। আপনার ডাক্তারের সাথে পরামর্শ করুন এবং সেই অনুযায়ী চিকিৎসা নিন। আশা করি আমি আপনার প্রশ্নের উত্তর দিতে পেরেছি, যদি আপনার কোনো সন্দেহ থাকে তবে আমার সাথে bit.ly/ Chat Doctor-এ যোগাযোগ করুন। নাসেনিয়া ডক ব্যবহার করার জন্য ধন্যবাদ। আপনার সুস্বাস্থ্য কামনা করি।"
6407,"হেলো, ডেইরি, আমি আপনার প্রশ্নটি দেখেছি। আমি আপনার উদ্বেগ বুঝতে পারছি। আপনার হার্নিয়া সার্জারির ইতিহাস রয়েছে এবং এখন অস্ত্রোপচার পরবর্তী সংক্রমণ হয়েছে। আপনি স্ট্রেপ্টোকক্কাল সংক্রমণে ভুগছেন। আপনার স্ট্রেপ্টোকক্কাল সংক্রমণ সাধারণ অ্যান্টিবায়োটিকের প্রতি প্রতিরোধী হতে পারে। আপনার কালচার এবং সেনসিটিভিটি পরীক্ষা করা উচিত। এটি অ্যান্টিবায়োটিক নির্বাচন করতে সাহায্য করবে। আপনার ডাক্তারের সাথে পরামর্শ করুন এবং সেই অনুযায়ী চিকিৎসা নিন। আশা করি আমি আপনার প্রশ্নের উত্তর দিতে পেরেছি, যদি আপনার কোনো সন্দেহ থাকে তবে আমার সাথে bit.ly/ Chat Doctor-এ যোগাযোগ করুন। নাসেনিয়া ডক ব্যবহার করার জন্য ধন্যবাদ। আপনার সুস্বাস্থ্য কামনা করি।"
95324,"হেলো, ডেইরি, আমি আপনার প্রশ্নটি দেখেছি। আমি আপনার উদ্বেগ বুঝতে পারছি। আপনার হার্নিয়া সার্জারির ইতিহাস রয়েছে এবং এখন অস্ত্রোপচার পরবর্তী সংক্রমণ হয়েছে। আপনি স্ট্রেপ্টোকক্কাল সংক্রমণে ভুগছেন। আপনার স্ট্রেপ্টোকক্কাল সংক্রমণ সাধারণ অ্যান্টিবায়োটিকের প্রতি প্রতিরোধী হতে পারে। আপনার কালচার এবং সেনসিটিভিটি পরীক্ষা করা উচিত। এটি অ্যান্টিবায়োটিক নির্বাচন করতে সাহায্য করবে। আপনার ডাক্তারের সাথে পরামর্শ করুন এবং সেই অনুযায়ী চিকিৎসা নিন। আশা করি আমি আপনার প্রশ্নের উত্তর দিতে পেরেছি, যদি আপনার কোনো সন্দেহ থাকে তবে আমার সাথে bit.ly/ Chat Doctor-এ যোগাযোগ করুন। নাসেনিয়া ডক ব্যবহার করার জন্য ধন্যবাদ। আপনার সুস্বাস্থ্য কামনা করি।"
24808,"হেলো, ডেইরি, আমি আপনার প্রশ্নটি দেখেছি। আমি আপনার উদ্বেগ বুঝতে পারছি। আপনার হার্নিয়া সার্জারির ইতিহাস রয়েছে এবং এখন অস্ত্রোপচার পরবর্তী সংক্রমণ হয়েছে। আপনি স্ট্রেপ্টোকক্কাল সংক্রমণে ভুগছেন। আপনার স্ট্রেপ্টোকক্কাল সংক্রমণ সাধারণ অ্যান্টিবায়োটিকের প্রতি প্রতিরোধী হতে পারে। আপনার কালচার এবং সেনসিটিভিটি পরীক্ষা করা উচিত। এটি অ্যান্টিবায়োটিক নির্বাচন করতে সাহায্য করবে। আপনার ডাক্তারের সাথে পরামর্শ করুন এবং সেই অনুযায়ী চিকিৎসা নিন। আশা করি আমি আপনার প্রশ্নের উত্তর দিতে পেরেছি, যদি আপনার কোনো সন্দেহ থাকে তবে আমার সাথে bit.ly/ Chat Doctor-এ যোগাযোগ করুন। নাসেনিয়া ডক ব্যবহার করার জন্য ধন্যবাদ। আপনার সুস্বাস্থ্য কামনা করি।"
98421,"হেলো, ডেইরি, আমি আপনার প্রশ্নটি দেখেছি। আমি আপনার উদ্বেগ বুঝতে পারছি। আপনার হার্নিয়া সার্জারির ইতিহাস রয়েছে এবং এখন অস্ত্রোপচার পরবর্তী সংক্রমণ হয়েছে। আপনি স্ট্রেপ্টোকক্কাল সংক্রমণে ভুগছেন। আপনার স্ট্রেপ্টোকক্কাল সংক্রমণ সাধারণ অ্যান্টিবায়োটিকের প্রতি প্রতিরোধী হতে পারে। আপনার কালচার এবং সেনসিটিভিটি পরীক্ষা করা উচিত। এটি অ্যান্টিবায়োটিক নির্বাচন করতে সাহায্য করবে। আপনার ডাক্তারের সাথে পরামর্শ করুন এবং সেই অনুযায়ী চিকিৎসা নিন। আশা করি আমি আপনার প্রশ্নের উত্তর দিতে পেরেছি, যদি আপনার কোনো সন্দেহ থাকে তবে আমার সাথে bit.ly/ Chat Doctor-এ যোগাযোগ করুন। নাসেনিয়া ডক ব্যবহার করার জন্য ধন্যবাদ। আপনার সুস্বাস্থ্য কামনা করি।"
105784,"হেলো, ডেইরি, আমি আপনার প্রশ্নটি দেখেছি। আমি আপনার উদ্বেগ বুঝতে পারছি। আপনার হার্নিয়া সার্জারির ইতিহাস রয়েছে এবং এখন অস্ত্রোপচার পরবর্তী সংক্রমণ হয়েছে। আপনি স্ট্রেপ্টোকক্কাল সংক্রমণে ভুগছেন। আপনার স্ট্রেপ্টোকক্কাল সংক্রমণ সাধারণ অ্যান্টিবায়োটিকের প্রতি প্রতিরোধী হতে পারে। আপনার কালচার এবং সেনসিটিভিটি পরীক্ষা করা উচিত। এটি অ্যান্টিবায়োটিক নির্বাচন করতে সাহায্য করবে। আপনার ডাক্তারের সাথে পরামর্শ করুন এবং সেই অনুযায়ী চিকিৎসা নিন। আশা করি আমি আপনার প্রশ্নের উত্তর দিতে পেরেছি, যদি আপনার কোনো সন্দেহ থাকে তবে আমার সাথে bit.ly/ Chat Doctor-এ যোগাযোগ করুন। নাসেনিয়া ডক ব্যবহার করার জন্য ধন্যবাদ। আপনার সুস্বাস্থ্য কামনা করি।"
1108,"হেলো, ডেইরি, আমি আপনার প্রশ্নটি দেখেছি। আমি আপনার উদ্বেগ বুঝতে পারছি। আপনার হার্নিয়া সার্জারির ইতিহাস রয়েছে এবং এখন অস্ত্রোপচার পরবর্তী সংক্রমণ হয়েছে। আপনি স্ট্রেপ্টোকক্কাল সংক্রমণে ভুগছেন। আপনার স্ট্রেপ্টোকক্কাল সংক্রমণ সাধারণ অ্যান্টিবায়োটিকের প্রতি প্রতিরোধী হতে পারে। আপনার কালচার এবং সেনসিটিভিটি পরীক্ষা করা উচিত। এটি অ্যান্টিবায়োটিক নির্বাচন করতে সাহায্য করবে। আপনার ডাক্তারের সাথে পরামর্শ করুন এবং সেই অনুযায়ী চিকিৎসা নিন। আশা করি আমি আপনার প্রশ্নের উত্তর দিতে পেরেছি, যদি আপনার কোনো সন্দেহ থাকে তবে আমার সাথে bit.ly/ Chat Doctor-এ যোগাযোগ করুন। নাসেনিয়া ডক ব্যবহার করার জন্য ধন্যবাদ। আপনার সুস্বাস্থ্য কামনা করি।"
101311,"হেলো, ডেইরি, আমি আপনার প্রশ্নটি দেখেছি। আমি আপনার উদ্বেগ বুঝতে পারছি। আপনার হার্নিয়া সার্জারির ইতিহাস রয়েছে এবং এখন অস্ত্রোপচার পরবর্তী সংক্রমণ হয়েছে। আপনি স্ট্রেপ্টোকক্কাল সংক্রমণে ভুগছেন। আপনার স্ট্রেপ্টোকক্কাল সংক্রমণ সাধারণ অ্যান্টিবায়োটিকের প্রতি প্রতিরোধী হতে পারে। আপনার কালচার এবং সেনসিটিভিটি পরীক্ষা করা উচিত। এটি অ্যান্টিবায়োটিক নির্বাচন করতে সাহায্য করবে। আপনার ডাক্তারের সাথে পরামর্শ করুন এবং সেই অনুযায়ী চিকিৎসা নিন। আশা করি আমি আপনার প্রশ্নের উত্তর দিতে পেরেছি, যদি আপনার কোনো সন্দেহ থাকে তবে আমার সাথে bit.ly/ Chat Doctor-এ যোগাযোগ করুন। নাসেনিয়া ডক ব্যবহার করার জন্য ধন্যবাদ। আপনার সুস্বাস্থ্য কামনা করি।"
101263,"হেলো, ডেইরি, আমি আপনার প্রশ্নটি দেখেছি। আমি আপনার উদ্বেগ বুঝতে পারছি। আপনার হার্নিয়া সার্জারির ইতিহাস রয়েছে এবং এখন অস্ত্রোপচার পরবর্তী সংক্রমণ হয়েছে। আপনি স্ট্রেপ্টোকক্কাল সংক্রমণে ভুগছেন। আপনার স্ট্রেপ্টোকক্কাল সংক্রমণ সাধারণ অ্যান্টিবায়োটিকের প্রতি প্রতিরোধী হতে পারে। আপনার কালচার এবং সেনসিটিভিটি পরীক্ষা করা উচিত। এটি অ্যান্টিবায়োটিক নির্বাচন করতে সাহায্য করবে। আপনার ডাক্তারের সাথে পরামর্শ করুন এবং সেই অনুযায়ী চিকিৎসা নিন। আশা করি আমি আপনার প্রশ্নের উত্তর দিতে পেরেছি, যদি আপনার কোনো সন্দেহ থাকে তবে আমার সাথে bit.ly/ Chat Doctor-এ যোগাযোগ করুন। নাসেনিয়া ডক ব্যবহার করার জন্য ধন্যবাদ। আপনার সুস্বাস্থ্য কামনা করি।"
9198,"হেলো, ডেইরি, আমি আপনার প্রশ্নটি দেখেছি। আমি আপনার উদ্বেগ বুঝতে পারছি। আপনার হার্নিয়া সার্জারির ইতিহাস রয়েছে এবং এখন অস্ত্রোপচার পরবর্তী সংক্রমণ হয়েছে। আপনি স্ট্রেপ্টোকক্কাল সংক্রমণে ভুগছেন। আপনার স্ট্রেপ্টোকক্কাল সংক্রমণ সাধারণ অ্যান্টিবায়োটিকের প্রতি প্রতিরোধী হতে পারে। আপনার কালচার এবং সেনসিটিভিটি পরীক্ষা করা উচিত। এটি অ্যান্টিবায়োটিক নির্বাচন করতে সাহায্য করবে। আপনার ডাক্তারের সাথে পরামর্শ করুন এবং সেই অনুযায়ী চিকিৎসা নিন। আশা করি আমি আপনার প্রশ্নের উত্তর দিতে পেরেছি, যদি আপনার কোনো সন্দেহ থাকে তবে আমার সাথে bit.ly/ Chat Doctor-এ যোগাযোগ করুন। নাসেনিয়া ডক ব্যবহার করার জন্য ধন্যবাদ। আপনার সুস্বাস্থ্য কামনা করি।"
48708,"হেলো, ডেইরি, আমি আপনার প্রশ্নটি দেখেছি। আমি আপনার উদ্বেগ বুঝতে পারছি। আপনার হার্নিয়া সার্জারির ইতিহাস রয়েছে এবং এখন অস্ত্রোপচার পরবর্তী সংক্রমণ হয়েছে। আপনি স্ট্রেপ্টোকক্কাল সংক্রমণে ভুগছেন। আপনার স্ট্রেপ্টোকক্কাল সংক্রমণ সাধারণ অ্যান্টিবায়োটিকের প্রতি প্রতিরোধী হতে পারে। আপনার কালচার এবং সেনসিটিভিটি পরীক্ষা করা উচিত। এটি অ্যান্টিবায়োটিক নির্বাচন করতে সাহায্য করবে। আপনার ডাক্তারের সাথে পরামর্শ করুন এবং সেই অনুযায়ী চিকিৎসা নিন। আশা করি আমি আপনার প্রশ্নের উত্তর দিতে পেরেছি, যদি আপনার কোনো সন্দেহ থাকে তবে আমার সাথে bit.ly/ Chat Doctor-এ যোগাযোগ করুন। নাসেনিয়া ডক ব্যবহার করার জন্য ধন্যবাদ। আপনার সুস্বাস্থ্য কামনা করি।"
58431,"হেলো, ডেইরি, আমি আপনার প্রশ্নটি দেখেছি। আমি আপনার উদ্বেগ বুঝতে পারছি। আপনার হার্নিয়া সার্জারির ইতিহাস রয়েছে এবং এখন অস্ত্রোপচার পরবর্তী সংক্রমণ হয়েছে। আপনি স্ট্রেপ্টোকক্কাল সংক্রমণে ভুগছেন। আপনার স্ট্রেপ্টোকক্কাল সংক্রমণ সাধারণ অ্যান্টিবায়োটিকের প্রতি প্রতিরোধী হতে পারে। আপনার কালচার এবং সেনসিটিভিটি পরীক্ষা করা উচিত। এটি অ্যান্টিবায়োটিক নির্বাচন করতে সাহায্য করবে। আপনার ডাক্তারের সাথে পরামর্শ করুন এবং সেই অনুযায়ী চিকিৎসা নিন। আশা করি আমি আপনার প্রশ্নের উত্তর দিতে পেরেছি, যদি আপনার কোনো সন্দেহ থাকে তবে আমার সাথে bit.ly/ Chat Doctor-এ যোগাযোগ করুন। নাসেনিয়া ডক ব্যবহার করার জন্য ধন্যবাদ। আপনার সুস্বাস্থ্য কামনা করি।"
94267,"হেলো, ডেইরি, আমি আপনার প্রশ্নটি দেখেছি। আমি আপনার উদ্বেগ বুঝতে পারছি। আপনার হার্নিয়া সার্জারির ইতিহাস রয়েছে এবং এখন অস্ত্রোপচার পরবর্তী সংক্রমণ হয়েছে। আপনি স্ট্রেপ্টোকক্কাল সংক্রমণে ভুগছেন। আপনার স্ট্রেপ্টোকক্কাল সংক্রমণ সাধারণ অ্যান্টিবায়োটিকের প্রতি প্রতিরোধী হতে পারে। আপনার কালচার এবং সেনসিটিভিটি পরীক্ষা করা উচিত। এটি অ্যান্টিবায়োটিক নির্বাচন করতে সাহায্য করবে। আপনার ডাক্তারের সাথে পরামর্শ করুন এবং সেই অনুযায়ী চিকিৎসা নিন। আশা করি আমি আপনার প্রশ্নের উত্তর দিতে পেরেছি, যদি আপনার কোনো সন্দেহ থাকে তবে আমার সাথে bit.ly/ Chat Doctor-এ যোগাযোগ করুন। নাসেনিয়া ডক ব্যবহার করার জন্য ধন্যবাদ। আপনার সুস্বাস্থ্য কামনা করি।"
4618,"হেলো, ডেইরি, আমি আপনার প্রশ্নটি দেখেছি। আমি আপনার উদ্বেগ বুঝতে পারছি। আপনার হার্নিয়া সার্জারির ইতিহাস রয়েছে এবং এখন অস্ত্রোপচার পরবর্তী সংক্রমণ হয়েছে। আপনি স্ট্রেপ্টোকক্কাল সংক্রমণে ভুগছেন। আপনার স্ট্রেপ্টোকক্কাল সংক্রমণ সাধারণ অ্যান্টিবায়োটিকের প্রতি প্রতিরোধী হতে পারে। আপনার কালচার এবং সেনসিটিভিটি পরীক্ষা করা উচিত। এটি অ্যান্টিবায়োটিক নির্বাচন করতে সাহায্য করবে। আপনার ডাক্তারের সাথে পরামর্শ করুন এবং সেই অনুযায়ী চিকিৎসা নিন। আশা করি আমি আপনার প্রশ্নের উত্তর দিতে পেরেছি, যদি আপনার কোনো সন্দেহ থাকে তবে আমার সাথে bit.ly/ Chat Doctor-এ যোগাযোগ করুন। নাসেনিয়া ডক ব্যবহার করার জন্য ধন্যবাদ। আপনার সুস্বাস্থ্য কামনা করি।"
8692,"হেলো, ডেইরি, আমি আপনার প্রশ্নটি দেখেছি। আমি আপনার উদ্বেগ বুঝতে পারছি। আপনার হার্নিয়া সার্জারির ইতিহাস রয়েছে এবং এখন অস্ত্রোপচার পরবর্তী সংক্রমণ হয়েছে। আপনি স্ট্রেপ্টোকক্কাল সংক্রমণে ভুগছেন। আপনার স্ট্রেপ্টোকক্কাল সংক্রমণ সাধারণ অ্যান্টিবায়োটিকের প্রতি প্রতিরোধী হতে পারে। আপনার কালচার এবং সেনসিটিভিটি পরীক্ষা করা উচিত। এটি অ্যান্টিবায়োটিক নির্বাচন করতে সাহায্য করবে। আপনার ডাক্তারের সাথে পরামর্শ করুন এবং সেই অনুযায়ী চিকিৎসা নিন। আশা করি আমি আপনার প্রশ্নের উত্তর দিতে পেরেছি, যদি আপনার কোনো সন্দেহ থাকে তবে আমার সাথে bit.ly/ Chat Doctor-এ যোগাযোগ করুন। নাসেনিয়া ডক ব্যবহার করার জন্য ধন্যবাদ। আপনার সুস্বাস্থ্য কামনা করি।"
1719,"হেলো, ডেইরি, আমি আপনার প্রশ্নটি দেখেছি। আমি আপনার উদ্বেগ বুঝতে পারছি। আপনার হার্নিয়া সার্জারির ইতিহাস রয়েছে এবং এখন অস্ত্রোপচার পরবর্তী সংক্রমণ হয়েছে। আপনি স্ট্রেপ্টোকক্কাল সংক্রমণে ভুগছেন। আপনার স্ট্রেপ্টোকক্কাল সংক্রমণ সাধারণ অ্যান্টিবায়োটিকের প্রতি প্রতিরোধী হতে পারে। আপনার কালচার এবং সেনসিটিভিটি পরীক্ষা করা উচিত। এটি অ্যান্টিবায়োটিক নির্বাচন করতে সাহায্য করবে। আপনার ডাক্তারের সাথে পরামর্শ করুন এবং সেই অনুযায়ী চিকিৎসা নিন। আশা করি আমি আপনার প্রশ্নের উত্তর দিতে পেরেছি, যদি আপনার কোনো সন্দেহ থাকে তবে আমার সাথে bit.ly/ Chat Doctor-এ যোগাযোগ করুন। নাসেনিয়া ডক ব্যবহার করার জন্য ধন্যবাদ। আপনার সুস্বাস্থ্য কামনা করি।"
61274,"হেলো, ডেইরি, আমি আপনার প্রশ্নটি দেখেছি। আমি আপনার উদ্বেগ বুঝতে পারছি। আপনার হার্নিয়া সার্জারির ইতিহাস রয়েছে এবং এখন অস্ত্রোপচার পরবর্তী সংক্রমণ হয়েছে। আপনি স্ট্রেপ্টোকক্কাল সংক্রমণে ভুগছেন। আপনার স্ট্রেপ্টোকক্কাল সংক্রমণ সাধারণ অ্যান্টিবায়োটিকের প্রতি প্রতিরোধী হতে পারে। আপনার কালচার এবং সেনসিটিভিটি পরীক্ষা করা উচিত। এটি অ্যান্টিবায়োটিক নির্বাচন করতে সাহায্য করবে। আপনার ডাক্তারের সাথে পরামর্শ করুন এবং সেই অনুযায়ী চিকিৎসা নিন। আশা করি আমি আপনার প্রশ্নের উত্তর দিতে পেরেছি, যদি আপনার কোনো সন্দেহ থাকে তবে আমার সাথে bit.ly/ Chat Doctor-এ যোগাযোগ করুন। নাসেনিয়া ডক ব্যবহার করার জন্য ধন্যবাদ। আপনার সুস্বাস্থ্য কামনা করি।"
84526,"হেলো, ডেইরি, আমি আপনার প্রশ্নটি দেখেছি। আমি আপনার উদ্বেগ বুঝতে পারছি। আপনার হার্নিয়া সার্জারির ইতিহাস রয়েছে এবং এখন অস্ত্রোপচার পরবর্তী সংক্রমণ হয়েছে। আপনি স্ট্রেপ্টোকক্কাল সংক্রমণে ভুগছেন। আপনার স্ট্রেপ্টোকক্কাল সংক্রমণ সাধারণ অ্যান্টিবায়োটিকের প্রতি প্রতিরোধী হতে পারে। আপনার কালচার এবং সেনসিটিভিটি পরীক্ষা করা উচিত। এটি অ্যান্টিবায়োটিক নির্বাচন করতে সাহায্য করবে। আপনার ডাক্তারের সাথে পরামর্শ করুন এবং সেই অনুযায়ী চিকিৎসা নিন। আশা করি আমি আপনার প্রশ্নের উত্তর দিতে পেরেছি, যদি আপনার কোনো সন্দেহ থাকে তবে আমার সাথে bit.ly/ Chat Doctor-এ যোগাযোগ করুন। নাসেনিয়া ডক ব্যবহার করার জন্য ধন্যবাদ। আপনার সুস্বাস্থ্য কামনা করি।"
54011,"হেলো, ডেইরি, আমি আপনার প্রশ্নটি দেখেছি। আমি আপনার উদ্বেগ বুঝতে পারছি। আপনার হার্নিয়া সার্জারির ইতিহাস রয়েছে এবং এখন অস্ত্রোপচার পরবর্তী সংক্রমণ হয়েছে। আপনি স্ট্রেপ্টোকক্কাল সংক্রমণে ভুগছেন। আপনার স্ট্রেপ্টোকক্কাল সংক্রমণ সাধারণ অ্যান্টিবায়োটিকের প্রতি প্রতিরোধী হতে পারে। আপনার কালচার এবং সেনসিটিভিটি পরীক্ষা করা উচিত। এটি অ্যান্টিবায়োটিক নির্বাচন করতে সাহায্য করবে। আপনার ডাক্তারের সাথে পরামর্শ করুন এবং সেই অনুযায়ী চিকিৎসা নিন। আশা করি আমি আপনার প্রশ্নের উত্তর দিতে পেরেছি, যদি আপনার কোনো সন্দেহ থাকে তবে আমার সাথে bit.ly/ Chat Doctor-এ যোগাযোগ করুন। নাসেনিয়া ডক ব্যবহার করার জন্য ধন্যবাদ। আপনার সুস্বাস্থ্য কামনা করি।"
106764,"হেলো, ডেইরি, আমি আপনার প্রশ্নটি দেখেছি। আমি আপনার উদ্বেগ বুঝতে পারছি। আপনার হার্নিয়া সার্জারির ইতিহাস রয়েছে এবং এখন অস্ত্রোপচার পরবর্তী সংক্রমণ হয়েছে। আপনি স্ট্রেপ্টোকক্কাল সংক্রমণে ভুগছেন। আপনার স্ট্রেপ্টোকক্কাল সংক্রমণ সাধারণ অ্যান্টিবায়োটিকের প্রতি প্রতিরোধী হতে পারে। আপনার কালচার এবং সেনসিটিভিটি পরীক্ষা করা উচিত। এটি অ্যান্টিবায়োটিক নির্বাচন করতে সাহায্য করবে। আপনার ডাক্তারের সাথে পরামর্শ করুন এবং সেই অনুযায়ী চিকিৎসা নিন। আশা করি আমি আপনার প্রশ্নের উত্তর দিতে পেরেছি, যদি আপনার কোনো সন্দেহ থাকে তবে আমার সাথে bit.ly/ Chat Doctor-এ যোগাযোগ করুন। নাসেনিয়া ডক ব্যবহার করার জন্য ধন্যবাদ। আপনার সুস্বাস্থ্য কামনা করি।"
28216,"হেলো, ডেইরি, আমি আপনার প্রশ্নটি দেখেছি। আমি আপনার উদ্বেগ বুঝতে পারছি। আপনার হার্নিয়া সার্জারির ইতিহাস রয়েছে এবং এখন অস্ত্রোপচার পরবর্তী সংক্রমণ হয়েছে। আপনি স্ট্রেপ্টোকক্কাল সংক্রমণে ভুগছেন। আপনার স্ট্রেপ্টোকক্কাল সংক্রমণ সাধারণ অ্যান্টিবায়োটিকের প্রতি প্রতিরোধী হতে পারে। আপনার কালচার এবং সেনসিটিভিটি পরীক্ষা করা উচিত। এটি অ্যান্টিবায়োটিক নির্বাচন করতে সাহায্য করবে। আপনার ডাক্তারের সাথে পরামর্শ করুন এবং সেই অনুযায়ী চিকিৎসা নিন। আশা করি আমি আপনার প্রশ্নের উত্তর দিতে পেরেছি, যদি আপনার কোনো সন্দেহ থাকে তবে আমার সাথে bit.ly/ Chat Doctor-এ যোগাযোগ করুন। নাসেনিয়া ডক ব্যবহার করার জন্য ধন্যবাদ। আপনার সুস্বাস্থ্য কামনা করি।"
28584,"হেলো, ডেইরি, আমি আপনার প্রশ্নটি দেখেছি। আমি আপনার উদ্বেগ বুঝতে পারছি। আপনার হার্নিয়া সার্জারির ইতিহাস রয়েছে এবং এখন অস্ত্রোপচার পরবর্তী সংক্রমণ হয়েছে। আপনি স্ট্রেপ্টোকক্কাল সংক্রমণে ভুগছেন। আপনার স্ট্রেপ্টোকক্কাল সংক্রমণ সাধারণ অ্যান্টিবায়োটিকের প্রতি প্রতিরোধী হতে পারে। আপনার কালচার এবং সেনসিটিভিটি পরীক্ষা করা উচিত। এটি অ্যান্টিবায়োটিক নির্বাচন করতে সাহায্য করবে। আপনার ডাক্তারের সাথে পরামর্শ করুন এবং সেই অনুযায়ী চিকিৎসা নিন। আশা করি আমি আপনার প্রশ্নের উত্তর দিতে পেরেছি, যদি আপনার কোনো সন্দেহ থাকে তবে আমার সাথে bit.ly/ Chat Doctor-এ যোগাযোগ করুন। নাসেনিয়া ডক ব্যবহার করার জন্য ধন্যবাদ। আপনার সুস্বাস্থ্য কামনা করি।"
88,"হেলো, ডেইরি, আমি আপনার প্রশ্নটি দেখেছি। আমি আপনার উদ্বেগ বুঝতে পারছি। আপনার হার্নিয়া সার্জারির ইতিহাস রয়েছে এবং এখন অস্ত্রোপচার পরবর্তী সংক্রমণ হয়েছে। আপনি স্ট্রেপ্টোকক্কাল সংক্রমণে ভুগছেন। আপনার স্ট্রেপ্টোকক্কাল সংক্রমণ সাধারণ অ্যান্টিবায়োটিকের প্রতি প্রতিরোধী হতে পারে। আপনার কালচার এবং সেনসিটিভিটি পরীক্ষা করা উচিত। এটি অ্যান্টিবায়োটিক নির্বাচন করতে সাহায্য করবে। আপনার ডাক্তারের সাথে পরামর্শ করুন এবং সেই অনুযায়ী চিকিৎসা নিন। আশা করি আমি আপনার প্রশ্নের উত্তর দিতে পেরেছি, যদি আপনার কোনো সন্দেহ থাকে তবে আমার সাথে bit.ly/ Chat Doctor-এ যোগাযোগ করুন। নাসেনিয়া ডক ব্যবহার করার জন্য ধন্যবাদ। আপনার সুস্বাস্থ্য কামনা করি।"
89196,"হেলো, ডেইরি, আমি আপনার প্রশ্নটি দেখেছি। আমি আপনার উদ্বেগ বুঝতে পারছি। আপনার হার্নিয়া সার্জারির ইতিহাস রয়েছে এবং এখন অস্ত্রোপচার পরবর্তী সংক্রমণ হয়েছে। আপনি স্ট্রেপ্টোকক্কাল সংক্রমণে ভুগছেন। আপনার স্ট্রেপ্টোকক্কাল সংক্রমণ সাধারণ অ্যান্টিবায়োটিকের প্রতি প্রতিরোধী হতে পারে। আপনার কালচার এবং সেনসিটিভিটি পরীক্ষা করা উচিত। এটি অ্যান্টিবায়োটিক নির্বাচন করতে সাহায্য করবে। আপনার ডাক্তারের সাথে পরামর্শ করুন এবং সেই অনুযায়ী চিকিৎসা নিন। আশা করি আমি আপনার প্রশ্নের উত্তর দিতে পেরেছি, যদি আপনার কোনো সন্দেহ থাকে তবে আমার সাথে bit.ly/ Chat Doctor-এ যোগাযোগ করুন। নাসেনিয়া ডক ব্যবহার করার জন্য ধন্যবাদ। আপনার সুস্বাস্থ্য কামনা করি।"
38756,"হেলো, ডেইরি, আমি আপনার প্রশ্নটি দেখেছি। আমি আপনার উদ্বেগ বুঝতে পারছি। আপনার হার্নিয়া সার্জারির ইতিহাস রয়েছে এবং এখন অস্ত্রোপচার পরবর্তী সংক্রমণ হয়েছে। আপনি স্ট্রেপ্টোকক্কাল সংক্রমণে ভুগছেন। আপনার স্ট্রেপ্টোকক্কাল সংক্রমণ সাধারণ অ্যান্টিবায়োটিকের প্রতি প্রতিরোধী হতে পারে। আপনার কালচার এবং সেনসিটিভিটি পরীক্ষা করা উচিত। এটি অ্যান্টিবায়োটিক নির্বাচন করতে সাহায্য করবে। আপনার ডাক্তারের সাথে পরামর্শ করুন এবং সেই অনুযায়ী চিকিৎসা নিন। আশা করি আমি আপনার প্রশ্নের উত্তর দিতে পেরেছি, যদি আপনার কোনো সন্দেহ থাকে তবে আমার সাথে bit.ly/ Chat Doctor-এ যোগাযোগ করুন। নাসেনিয়া ডক ব্যবহার করার জন্য ধন্যবাদ। আপনার সুস্বাস্থ্য কামনা করি।"
101710,"হেলো, ডেইরি, আমি আপনার প্রশ্নটি দেখেছি। আমি আপনার উদ্বেগ বুঝতে পারছি। আপনার হার্নিয়া সার্জারির ইতিহাস রয়েছে এবং এখন অস্ত্রোপচার পরবর্তী সংক্রমণ হয়েছে। আপনি স্ট্রেপ্টোকক্কাল সংক্রমণে ভুগছেন। আপনার স্ট্রেপ্টোকক্কাল সংক্রমণ সাধারণ অ্যান্টিবায়োটিকের প্রতি প্রতিরোধী হতে পারে। আপনার কালচার এবং সেনসিটিভিটি পরীক্ষা করা উচিত। এটি অ্যান্টিবায়োটিক নির্বাচন করতে সাহায্য করবে। আপনার ডাক্তারের সাথে পরামর্শ করুন এবং সেই অনুযায়ী চিকিৎসা নিন। আশা করি আমি আপনার প্রশ্নের উত্তর দিতে পেরেছি, যদি আপনার কোনো সন্দেহ থাকে তবে আমার সাথে bit.ly/ Chat Doctor-এ যোগাযোগ করুন। নাসেনিয়া ডক ব্যবহার করার জন্য ধন্যবাদ। আপনার সুস্বাস্থ্য কামনা করি।"
41262,"হেলো, ডেইরি, আমি আপনার প্রশ্নটি দেখেছি। আমি আপনার উদ্বেগ বুঝতে পারছি। আপনার হার্নিয়া সার্জারির ইতিহাস রয়েছে এবং এখন অস্ত্রোপচার পরবর্তী সংক্রমণ হয়েছে। আপনি স্ট্রেপ্টোকক্কাল সংক্রমণে ভুগছেন। আপনার স্ট্রেপ্টোকক্কাল সংক্রমণ সাধারণ অ্যান্টিবায়োটিকের প্রতি প্রতিরোধী হতে পারে। আপনার কালচার এবং সেনসিটিভিটি পরীক্ষা করা উচিত। এটি অ্যান্টিবায়োটিক নির্বাচন করতে সাহায্য করবে। আপনার ডাক্তারের সাথে পরামর্শ করুন এবং সেই অনুযায়ী চিকিৎসা নিন। আশা করি আমি আপনার প্রশ্নের উত্তর দিতে পেরেছি, যদি আপনার কোনো সন্দেহ থাকে তবে আমার সাথে bit.ly/ Chat Doctor-এ যোগাযোগ করুন। নাসেনিয়া ডক ব্যবহার করার জন্য ধন্যবাদ। আপনার সুস্বাস্থ্য কামনা করি।"
105396,"হেলো, ডেইরি, আমি আপনার প্রশ্নটি দেখেছি। আমি আপনার উদ্বেগ বুঝতে পারছি। আপনার হার্নিয়া সার্জারির ইতিহাস রয়েছে এবং এখন অস্ত্রোপচার পরবর্তী সংক্রমণ হয়েছে। আপনি স্ট্রেপ্টোকক্কাল সংক্রমণে ভুগছেন। আপনার স্ট্রেপ্টোকক্কাল সংক্রমণ সাধারণ অ্যান্টিবায়োটিকের প্রতি প্রতিরোধী হতে পারে। আপনার কালচার এবং সেনসিটিভিটি পরীক্ষা করা উচিত। এটি অ্যান্টিবায়োটিক নির্বাচন করতে সাহায্য করবে। আপনার ডাক্তারের সাথে পরামর্শ করুন এবং সেই অনুযায়ী চিকিৎসা নিন। আশা করি আমি আপনার প্রশ্নের উত্তর দিতে পেরেছি, যদি আপনার কোনো সন্দেহ থাকে তবে আমার সাথে bit.ly/ Chat Doctor-এ যোগাযোগ করুন। নাসেনিয়া ডক ব্যবহার করার জন্য ধন্যবাদ। আপনার সুস্বাস্থ্য কামনা করি।"
94111,"হেলো, ডেইরি, আমি আপনার প্রশ্নটি দেখেছি। আমি আপনার উদ্বেগ বুঝতে পারছি। আপনার হার্নিয়া সার্জারির ইতিহাস রয়েছে এবং এখন অস্ত্রোপচার পরবর্তী সংক্রমণ হয়েছে। আপনি স্ট্রেপ্টোকক্কাল সংক্রমণে ভুগছেন। আপনার স্ট্রেপ্টোকক্কাল সংক্রমণ সাধারণ অ্যান্টিবায়োটিকের প্রতি প্রতিরোধী হতে পারে। আপনার কালচার এবং সেনসিটিভিটি পরীক্ষা করা উচিত। এটি অ্যান্টিবায়োটিক নির্বাচন করতে সাহায্য করবে। আপনার ডাক্তারের সাথে পরামর্শ করুন এবং সেই অনুযায়ী চিকিৎসা নিন। আশা করি আমি আপনার প্রশ্নের উত্তর দিতে পেরেছি, যদি আপনার কোনো সন্দেহ থাকে তবে আমার সাথে bit.ly/ Chat Doctor-এ যোগাযোগ করুন। নাসেনিয়া ডক ব্যবহার করার জন্য ধন্যবাদ। আপনার সুস্বাস্থ্য কামনা করি।"
80214,"হেলো, ডেইরি, আমি আপনার প্রশ্নটি দেখেছি। আমি আপনার উদ্বেগ বুঝতে পারছি। আপনার হার্নিয়া সার্জারির ইতিহাস রয়েছে এবং এখন অস্ত্রোপচার পরবর্তী সংক্রমণ হয়েছে। আপনি স্ট্রেপ্টোকক্কাল সংক্রমণে ভুগছেন। আপনার স্ট্রেপ্টোকক্কাল সংক্রমণ সাধারণ অ্যান্টিবায়োটিকের প্রতি প্রতিরোধী হতে পারে। আপনার কালচার এবং সেনসিটিভিটি পরীক্ষা করা উচিত। এটি অ্যান্টিবায়োটিক নির্বাচন করতে সাহায্য করবে। আপনার ডাক্তারের সাথে পরামর্শ করুন এবং সেই অনুযায়ী চিকিৎসা নিন। আশা করি আমি আপনার প্রশ্নের উত্তর দিতে পেরেছি, যদি আপনার কোনো সন্দেহ থাকে তবে আমার সাথে bit.ly/ Chat Doctor-এ যোগাযোগ করুন। নাসেনিয়া ডক ব্যবহার করার জন্য ধন্যবাদ। আপনার সুস্বাস্থ্য কামনা করি।"
69606,"হেলো, ডেইরি, আমি আপনার প্রশ্নটি দেখেছি। আমি আপনার উদ্বেগ বুঝতে পারছি। আপনার হার্নিয়া সার্জারির ইতিহাস রয়েছে এবং এখন অস্ত্রোপচার পরবর্তী সংক্রমণ হয়েছে। আপনি স্ট্রেপ্টোকক্কাল সংক্রমণে ভুগছেন। আপনার স্ট্রেপ্টোকক্কাল সংক্রমণ সাধারণ অ্যান্টিবায়োটিকের প্রতি প্রতিরোধী হতে পারে। আপনার কালচার এবং সেনসিটিভিটি পরীক্ষা করা উচিত। এটি অ্যান্টিবায়োটিক নির্বাচন করতে সাহায্য করবে। আপনার ডাক্তারের সাথে পরামর্শ করুন এবং সেই অনুযায়ী চিকিৎসা নিন। আশা করি আমি আপনার প্রশ্নের উত্তর দিতে পেরেছি, যদি আপনার কোনো সন্দেহ থাকে তবে আমার সাথে bit.ly/ Chat Doctor-এ যোগাযোগ করুন। নাসেনিয়া ডক ব্যবহার করার জন্য ধন্যবাদ। আপনার সুস্বাস্থ্য কামনা করি।"
36120,"হেলো, ডেইরি, আমি আপনার প্রশ্নটি দেখেছি। আমি আপনার উদ্বেগ বুঝতে পারছি। আপনার হার্নিয়া সার্জারির ইতিহাস রয়েছে এবং এখন অস্ত্রোপচার পরবর্তী সংক্রমণ হয়েছে। আপনি স্ট্রেপ্টোকক্কাল সংক্রমণে ভুগছেন। আপনার স্ট্রেপ্টোকক্কাল সংক্রমণ সাধারণ অ্যান্টিবায়োটিকের প্রতি প্রতিরোধী হতে পারে। আপনার কালচার এবং সেনসিটিভিটি পরীক্ষা করা উচিত। এটি অ্যান্টিবায়োটিক নির্বাচন করতে সাহায্য করবে। আপনার ডাক্তারের সাথে পরামর্শ করুন এবং সেই অনুযায়ী চিকিৎসা নিন। আশা করি আমি আপনার প্রশ্নের উত্তর দিতে পেরেছি, যদি আপনার কোনো সন্দেহ থাকে তবে আমার সাথে bit.ly/ Chat Doctor-এ যোগাযোগ করুন। নাসেনিয়া ডক ব্যবহার করার জন্য ধন্যবাদ। আপনার সুস্বাস্থ্য কামনা করি।"
68454,"হেলো, ডেইরি, আমি আপনার প্রশ্নটি দেখেছি। আমি আপনার উদ্বেগ বুঝতে পারছি। আপনার হার্নিয়া সার্জারির ইতিহাস রয়েছে এবং এখন অস্ত্রোপচার পরবর্তী সংক্রমণ হয়েছে। আপনি স্ট্রেপ্টোকক্কাল সংক্রমণে ভুগছেন। আপনার স্ট্রেপ্টোকক্কাল সংক্রমণ সাধারণ অ্যান্টিবায়োটিকের প্রতি প্রতিরোধী হতে পারে। আপনার কালচার এবং সেনসিটিভিটি পরীক্ষা করা উচিত। এটি অ্যান্টিবায়োটিক নির্বাচন করতে সাহায্য করবে। আপনার ডাক্তারের সাথে পরামর্শ করুন এবং সেই অনুযায়ী চিকিৎসা নিন। আশা করি আমি আপনার প্রশ্নের উত্তর দিতে পেরেছি, যদি আপনার কোনো সন্দেহ থাকে তবে আমার সাথে bit.ly/ Chat Doctor-এ যোগাযোগ করুন। নাসেনিয়া ডক ব্যবহার করার জন্য ধন্যবাদ। আপনার সুস্বাস্থ্য কামনা করি।"
96761,"হেলো, ডেইরি, আমি আপনার প্রশ্নটি দেখেছি। আমি আপনার উদ্বেগ বুঝতে পারছি। আপনার হার্নিয়া সার্জারির ইতিহাস রয়েছে এবং এখন অস্ত্রোপচার পরবর্তী সংক্রমণ হয়েছে। আপনি স্ট্রেপ্টোকক্কাল সংক্রমণে ভুগছেন। আপনার স্ট্রেপ্টোকক্কাল সংক্রমণ সাধারণ অ্যান্টিবায়োটিকের প্রতি প্রতিরোধী হতে পারে। আপনার কালচার এবং সেনসিটিভিটি পরীক্ষা করা উচিত। এটি অ্যান্টিবায়োটিক নির্বাচন করতে সাহায্য করবে। আপনার ডাক্তারের সাথে পরামর্শ করুন এবং সেই অনুযায়ী চিকিৎসা নিন। আশা করি আমি আপনার প্রশ্নের উত্তর দিতে পেরেছি, যদি আপনার কোনো সন্দেহ থাকে তবে আমার সাথে bit.ly/ Chat Doctor-এ যোগাযোগ করুন। নাসেনিয়া ডক ব্যবহার করার জন্য ধন্যবাদ। আপনার সুস্বাস্থ্য কামনা করি।"
94980,"হেলো, ডেইরি, আমি আপনার প্রশ্নটি দেখেছি। আমি আপনার উদ্বেগ বুঝতে পারছি। আপনার হার্নিয়া সার্জারির ইতিহাস রয়েছে এবং এখন অস্ত্রোপচার পরবর্তী সংক্রমণ হয়েছে। আপনি স্ট্রেপ্টোকক্কাল সংক্রমণে ভুগছেন। আপনার স্ট্রেপ্টোকক্কাল সংক্রমণ সাধারণ অ্যান্টিবায়োটিকের প্রতি প্রতিরোধী হতে পারে। আপনার কালচার এবং সেনসিটিভিটি পরীক্ষা করা উচিত। এটি অ্যান্টিবায়োটিক নির্বাচন করতে সাহায্য করবে। আপনার ডাক্তারের সাথে পরামর্শ করুন এবং সেই অনুযায়ী চিকিৎসা নিন। আশা করি আমি আপনার প্রশ্নের উত্তর দিতে পেরেছি, যদি আপনার কোনো সন্দেহ থাকে তবে আমার সাথে bit.ly/ Chat Doctor-এ যোগাযোগ করুন। নাসেনিয়া ডক ব্যবহার করার জন্য ধন্যবাদ। আপনার সুস্বাস্থ্য কামনা করি।"
30891,"হেলো, ডেইরি, আমি আপনার প্রশ্নটি দেখেছি। আমি আপনার উদ্বেগ বুঝতে পারছি। আপনার হার্নিয়া সার্জারির ইতিহাস রয়েছে এবং এখন অস্ত্রোপচার পরবর্তী সংক্রমণ হয়েছে। আপনি স্ট্রেপ্টোকক্কাল সংক্রমণে ভুগছেন। আপনার স্ট্রেপ্টোকক্কাল সংক্রমণ সাধারণ অ্যান্টিবায়োটিকের প্রতি প্রতিরোধী হতে পারে। আপনার কালচার এবং সেনসিটিভিটি পরীক্ষা করা উচিত। এটি অ্যান্টিবায়োটিক নির্বাচন করতে সাহায্য করবে। আপনার ডাক্তারের সাথে পরামর্শ করুন এবং সেই অনুযায়ী চিকিৎসা নিন। আশা করি আমি আপনার প্রশ্নের উত্তর দিতে পেরেছি, যদি আপনার কোনো সন্দেহ থাকে তবে আমার সাথে bit.ly/ Chat Doctor-এ যোগাযোগ করুন। নাসেনিয়া ডক ব্যবহার করার জন্য ধন্যবাদ। আপনার সুস্বাস্থ্য কামনা করি।"
52578,"হেলো, ডেইরি, আমি আপনার প্রশ্নটি দেখেছি। আমি আপনার উদ্বেগ বুঝতে পারছি। আপনার হার্নিয়া সার্জারির ইতিহাস রয়েছে এবং এখন অস্ত্রোপচার পরবর্তী সংক্রমণ হয়েছে। আপনি স্ট্রেপ্টোকক্কাল সংক্রমণে ভুগছেন। আপনার স্ট্রেপ্টোকক্কাল সংক্রমণ সাধারণ অ্যান্টিবায়োটিকের প্রতি প্রতিরোধী হতে পারে। আপনার কালচার এবং সেনসিটিভিটি পরীক্ষা করা উচিত। এটি অ্যান্টিবায়োটিক নির্বাচন করতে সাহায্য করবে। আপনার ডাক্তারের সাথে পরামর্শ করুন এবং সেই অনুযায়ী চিকিৎসা নিন। আশা করি আমি আপনার প্রশ্নের উত্তর দিতে পেরেছি, যদি আপনার কোনো সন্দেহ থাকে তবে আমার সাথে bit.ly/ Chat Doctor-এ যোগাযোগ করুন। নাসেনিয়া ডক ব্যবহার করার জন্য ধন্যবাদ। আপনার সুস্বাস্থ্য কামনা করি।"
67601,"হেলো, ডেইরি, আমি আপনার প্রশ্নটি দেখেছি। আমি আপনার উদ্বেগ বুঝতে পারছি। আপনার হার্নিয়া সার্জারির ইতিহাস রয়েছে এবং এখন অস্ত্রোপচার পরবর্তী সংক্রমণ হয়েছে। আপনি স্ট্রেপ্টোকক্কাল সংক্রমণে ভুগছেন। আপনার স্ট্রেপ্টোকক্কাল সংক্রমণ সাধারণ অ্যান্টিবায়োটিকের প্রতি প্রতিরোধী হতে পারে। আপনার কালচার এবং সেনসিটিভিটি পরীক্ষা করা উচিত। এটি অ্যান্টিবায়োটিক নির্বাচন করতে সাহায্য করবে। আপনার ডাক্তারের সাথে পরামর্শ করুন এবং সেই অনুযায়ী চিকিৎসা নিন। আশা করি আমি আপনার প্রশ্নের উত্তর দিতে পেরেছি, যদি আপনার কোনো সন্দেহ থাকে তবে আমার সাথে bit.ly/ Chat Doctor-এ যোগাযোগ করুন। নাসেনিয়া ডক ব্যবহার করার জন্য ধন্যবাদ। আপনার সুস্বাস্থ্য কামনা করি।"
50274,"হেলো, ডেইরি, আমি আপনার প্রশ্নটি দেখেছি। আমি আপনার উদ্বেগ বুঝতে পারছি। আপনার হার্নিয়া সার্জারির ইতিহাস রয়েছে এবং এখন অস্ত্রোপচার পরবর্তী সংক্রমণ হয়েছে। আপনি স্ট্রেপ্টোকক্কাল সংক্রমণে ভুগছেন। আপনার স্ট্রেপ্টোকক্কাল সংক্রমণ সাধারণ অ্যান্টিবায়োটিকের প্রতি প্রতিরোধী হতে পারে। আপনার কালচার এবং সেনসিটিভিটি পরীক্ষা করা উচিত। এটি অ্যান্টিবায়োটিক নির্বাচন করতে সাহায্য করবে। আপনার ডাক্তারের সাথে পরামর্শ করুন এবং সেই অনুযায়ী চিকিৎসা নিন। আশা করি আমি আপনার প্রশ্নের উত্তর দিতে পেরেছি, যদি আপনার কোনো সন্দেহ থাকে তবে আমার সাথে bit.ly/ Chat Doctor-এ যোগাযোগ করুন। নাসেনিয়া ডক ব্যবহার করার জন্য ধন্যবাদ। আপনার সুস্বাস্থ্য কামনা করি।"
26804,"হেলো, ডেইরি, আমি আপনার প্রশ্নটি দেখেছি। আমি আপনার উদ্বেগ বুঝতে পারছি। আপনার হার্নিয়া সার্জারির ইতিহাস রয়েছে এবং এখন অস্ত্রোপচার পরবর্তী সংক্রমণ হয়েছে। আপনি স্ট্রেপ্টোকক্কাল সংক্রমণে ভুগছেন। আপনার স্ট্রেপ্টোকক্কাল সংক্রমণ সাধারণ অ্যান্টিবায়োটিকের প্রতি প্রতিরোধী হতে পারে। আপনার কালচার এবং সেনসিটিভিটি পরীক্ষা করা উচিত। এটি অ্যান্টিবায়োটিক নির্বাচন করতে সাহায্য করবে। আপনার ডাক্তারের সাথে পরামর্শ করুন এবং সেই অনুযায়ী চিকিৎসা নিন। আশা করি আমি আপনার প্রশ্নের উত্তর দিতে পেরেছি, যদি আপনার কোনো সন্দেহ থাকে তবে আমার সাথে bit.ly/ Chat Doctor-এ যোগাযোগ করুন। নাসেনিয়া ডক ব্যবহার করার জন্য ধন্যবাদ। আপনার সুস্বাস্থ্য কামনা করি।"
97327,"হেলো, ডেইরি, আমি আপনার প্রশ্নটি দেখেছি। আমি আপনার উদ্বেগ বুঝতে পারছি। আপনার হার্নিয়া সার্জারির ইতিহাস রয়েছে এবং এখন অস্ত্রোপচার পরবর্তী সংক্রমণ হয়েছে। আপনি স্ট্রেপ্টোকক্কাল সংক্রমণে ভুগছেন। আপনার স্ট্রেপ্টোকক্কাল সংক্রমণ সাধারণ অ্যান্টিবায়োটিকের প্রতি প্রতিরোধী হতে পারে। আপনার কালচার এবং সেনসিটিভিটি পরীক্ষা করা উচিত। এটি অ্যান্টিবায়োটিক নির্বাচন করতে সাহায্য করবে। আপনার ডাক্তারের সাথে পরামর্শ করুন এবং সেই অনুযায়ী চিকিৎসা নিন। আশা করি আমি আপনার প্রশ্নের উত্তর দিতে পেরেছি, যদি আপনার কোনো সন্দেহ থাকে তবে আমার সাথে bit.ly/ Chat Doctor-এ যোগাযোগ করুন। নাসেনিয়া ডক ব্যবহার করার জন্য ধন্যবাদ। আপনার সুস্বাস্থ্য কামনা করি।"
63923,"হেলো, ডেইরি, আমি আপনার প্রশ্নটি দেখেছি। আমি আপনার উদ্বেগ বুঝতে পারছি। আপনার হার্নিয়া সার্জারির ইতিহাস রয়েছে এবং এখন অস্ত্রোপচার পরবর্তী সংক্রমণ হয়েছে। আপনি স্ট্রেপ্টোকক্কাল সংক্রমণে ভুগছেন। আপনার স্ট্রেপ্টোকক্কাল সংক্রমণ সাধারণ অ্যান্টিবায়োটিকের প্রতি প্রতিরোধী হতে পারে। আপনার কালচার এবং সেনসিটিভিটি পরীক্ষা করা উচিত। এটি অ্যান্টিবায়োটিক নির্বাচন করতে সাহায্য করবে। আপনার ডাক্তারের সাথে পরামর্শ করুন এবং সেই অনুযায়ী চিকিৎসা নিন। আশা করি আমি আপনার প্রশ্নের উত্তর দিতে পেরেছি, যদি আপনার কোনো সন্দেহ থাকে তবে আমার সাথে bit.ly/ Chat Doctor-এ যোগাযোগ করুন। নাসেনিয়া ডক ব্যবহার করার জন্য ধন্যবাদ। আপনার সুস্বাস্থ্য কামনা করি।"
38609,"হেলো, ডেইরি, আমি আপনার প্রশ্নটি দেখেছি। আমি আপনার উদ্বেগ বুঝতে পারছি। আপনার হার্নিয়া সার্জারির ইতিহাস রয়েছে এবং এখন অস্ত্রোপচার পরবর্তী সংক্রমণ হয়েছে। আপনি স্ট্রেপ্টোকক্কাল সংক্রমণে ভুগছেন। আপনার স্ট্রেপ্টোকক্কাল সংক্রমণ সাধারণ অ্যান্টিবায়োটিকের প্রতি প্রতিরোধী হতে পারে। আপনার কালচার এবং সেনসিটিভিটি পরীক্ষা করা উচিত। এটি অ্যান্টিবায়োটিক নির্বাচন করতে সাহায্য করবে। আপনার ডাক্তারের সাথে পরামর্শ করুন এবং সেই অনুযায়ী চিকিৎসা নিন। আশা করি আমি আপনার প্রশ্নের উত্তর দিতে পেরেছি, যদি আপনার কোনো সন্দেহ থাকে তবে আমার সাথে bit.ly/ Chat Doctor-এ যোগাযোগ করুন। নাসেনিয়া ডক ব্যবহার করার জন্য ধন্যবাদ। আপনার সুস্বাস্থ্য কামনা করি।"
72655,"হেলো, ডেইরি, আমি আপনার প্রশ্নটি দেখেছি। আমি আপনার উদ্বেগ বুঝতে পারছি। আপনার হার্নিয়া সার্জারির ইতিহাস রয়েছে এবং এখন অস্ত্রোপচার পরবর্তী সংক্রমণ হয়েছে। আপনি স্ট্রেপ্টোকক্কাল সংক্রমণে ভুগছেন। আপনার স্ট্রেপ্টোকক্কাল সংক্রমণ সাধারণ অ্যান্টিবায়োটিকের প্রতি প্রতিরোধী হতে পারে। আপনার কালচার এবং সেনসিটিভিটি পরীক্ষা করা উচিত। এটি অ্যান্টিবায়োটিক নির্বাচন করতে সাহায্য করবে। আপনার ডাক্তারের সাথে পরামর্শ করুন এবং সেই অনুযায়ী চিকিৎসা নিন। আশা করি আমি আপনার প্রশ্নের উত্তর দিতে পেরেছি, যদি আপনার কোনো সন্দেহ থাকে তবে আমার সাথে bit.ly/ Chat Doctor-এ যোগাযোগ করুন। নাসেনিয়া ডক ব্যবহার করার জন্য ধন্যবাদ। আপনার সুস্বাস্থ্য কামনা করি।"
48316,"হেলো, ডেইরি, আমি আপনার প্রশ্নটি দেখেছি। আমি আপনার উদ্বেগ বুঝতে পারছি। আপনার হার্নিয়া সার্জারির ইতিহাস রয়েছে এবং এখন অস্ত্রোপচার পরবর্তী সংক্রমণ হয়েছে। আপনি স্ট্রেপ্টোকক্কাল সংক্রমণে ভুগছেন। আপনার স্ট্রেপ্টোকক্কাল সংক্রমণ সাধারণ অ্যান্টিবায়োটিকের প্রতি প্রতিরোধী হতে পারে। আপনার কালচার এবং সেনসিটিভিটি পরীক্ষা করা উচিত। এটি অ্যান্টিবায়োটিক নির্বাচন করতে সাহায্য করবে। আপনার ডাক্তারের সাথে পরামর্শ করুন এবং সেই অনুযায়ী চিকিৎসা নিন। আশা করি আমি আপনার প্রশ্নের উত্তর দিতে পেরেছি, যদি আপনার কোনো সন্দেহ থাকে তবে আমার সাথে bit.ly/ Chat Doctor-এ যোগাযোগ করুন। নাসেনিয়া ডক ব্যবহার করার জন্য ধন্যবাদ। আপনার সুস্বাস্থ্য কামনা করি।"
32093,"হেলো, ডেইরি, আমি আপনার প্রশ্নটি দেখেছি। আমি আপনার উদ্বেগ বুঝতে পারছি। আপনার হার্নিয়া সার্জারির ইতিহাস রয়েছে এবং এখন অস্ত্রোপচার পরবর্তী সংক্রমণ হয়েছে। আপনি স্ট্রেপ্টোকক্কাল সংক্রমণে ভুগছেন। আপনার স্ট্রেপ্টোকক্কাল সংক্রমণ সাধারণ অ্যান্টিবায়োটিকের প্রতি প্রতিরোধী হতে পারে। আপনার কালচার এবং সেনসিটিভিটি পরীক্ষা করা উচিত। এটি অ্যান্টিবায়োটিক নির্বাচন করতে সাহায্য করবে। আপনার ডাক্তারের সাথে পরামর্শ করুন এবং সেই অনুযায়ী চিকিৎসা নিন। আশা করি আমি আপনার প্রশ্নের উত্তর দিতে পেরেছি, যদি আপনার কোনো সন্দেহ থাকে তবে আমার সাথে bit.ly/ Chat Doctor-এ যোগাযোগ করুন। নাসেনিয়া ডক ব্যবহার করার জন্য ধন্যবাদ। আপনার সুস্বাস্থ্য কামনা করি।"
91357,"হেলো, ডেইরি, আমি আপনার প্রশ্নটি দেখেছি। আমি আপনার উদ্বেগ বুঝতে পারছি। আপনার হার্নিয়া সার্জারির ইতিহাস রয়েছে এবং এখন অস্ত্রোপচার পরবর্তী সংক্রমণ হয়েছে। আপনি স্ট্রেপ্টোকক্কাল সংক্রমণে ভুগছেন। আপনার স্ট্রেপ্টোকক্কাল সংক্রমণ সাধারণ অ্যান্টিবায়োটিকের প্রতি প্রতিরোধী হতে পারে। আপনার কালচার এবং সেনসিটিভিটি পরীক্ষা করা উচিত। এটি অ্যান্টিবায়োটিক নির্বাচন করতে সাহায্য করবে। আপনার ডাক্তারের সাথে পরামর্শ করুন এবং সেই অনুযায়ী চিকিৎসা নিন। আশা করি আমি আপনার প্রশ্নের উত্তর দিতে পেরেছি, যদি আপনার কোনো সন্দেহ থাকে তবে আমার সাথে bit.ly/ Chat Doctor-এ যোগাযোগ করুন। নাসেনিয়া ডক ব্যবহার করার জন্য ধন্যবাদ। আপনার সুস্বাস্থ্য কামনা করি।"
51934,"হেলো, ডেইরি, আমি আপনার প্রশ্নটি দেখেছি। আমি আপনার উদ্বেগ বুঝতে পারছি। আপনার হার্নিয়া সার্জারির ইতিহাস রয়েছে এবং এখন অস্ত্রোপচার পরবর্তী সংক্রমণ হয়েছে। আপনি স্ট্রেপ্টোকক্কাল সংক্রমণে ভুগছেন। আপনার স্ট্রেপ্টোকক্কাল সংক্রমণ সাধারণ অ্যান্টিবায়োটিকের প্রতি প্রতিরোধী হতে পারে। আপনার কালচার এবং সেনসিটিভিটি পরীক্ষা করা উচিত। এটি অ্যান্টিবায়োটিক নির্বাচন করতে সাহায্য করবে। আপনার ডাক্তারের সাথে পরামর্শ করুন এবং সেই অনুযায়ী চিকিৎসা নিন। আশা করি আমি আপনার প্রশ্নের উত্তর দিতে পেরেছি, যদি আপনার কোনো সন্দেহ থাকে তবে আমার সাথে bit.ly/ Chat Doctor-এ যোগাযোগ করুন। নাসেনিয়া ডক ব্যবহার করার জন্য ধন্যবাদ। আপনার সুস্বাস্থ্য কামনা করি।"
81997,"হেলো, ডেইরি, আমি আপনার প্রশ্নটি দেখেছি। আমি আপনার উদ্বেগ বুঝতে পারছি। আপনার হার্নিয়া সার্জারির ইতিহাস রয়েছে এবং এখন অস্ত্রোপচার পরবর্তী সংক্রমণ হয়েছে। আপনি স্ট্রেপ্টোকক্কাল সংক্রমণে ভুগছেন। আপনার স্ট্রেপ্টোকক্কাল সংক্রমণ সাধারণ অ্যান্টিবায়োটিকের প্রতি প্রতিরোধী হতে পারে। আপনার কালচার এবং সেনসিটিভিটি পরীক্ষা করা উচিত। এটি অ্যান্টিবায়োটিক নির্বাচন করতে সাহায্য করবে। আপনার ডাক্তারের সাথে পরামর্শ করুন এবং সেই অনুযায়ী চিকিৎসা নিন। আশা করি আমি আপনার প্রশ্নের উত্তর দিতে পেরেছি, যদি আপনার কোনো সন্দেহ থাকে তবে আমার সাথে bit.ly/ Chat Doctor-এ যোগাযোগ করুন। নাসেনিয়া ডক ব্যবহার করার জন্য ধন্যবাদ। আপনার সুস্বাস্থ্য কামনা করি।"
92538,"হেলো, ডেইরি, আমি আপনার প্রশ্নটি দেখেছি। আমি আপনার উদ্বেগ বুঝতে পারছি। আপনার হার্নিয়া সার্জারির ইতিহাস রয়েছে এবং এখন অস্ত্রোপচার পরবর্তী সংক্রমণ হয়েছে। আপনি স্ট্রেপ্টোকক্কাল সংক্রমণে ভুগছেন। আপনার স্ট্রেপ্টোকক্কাল সংক্রমণ সাধারণ অ্যান্টিবায়োটিকের প্রতি প্রতিরোধী হতে পারে। আপনার কালচার এবং সেনসিটিভিটি পরীক্ষা করা উচিত। এটি অ্যান্টিবায়োটিক নির্বাচন করতে সাহায্য করবে। আপনার ডাক্তারের সাথে পরামর্শ করুন এবং সেই অনুযায়ী চিকিৎসা নিন। আশা করি আমি আপনার প্রশ্নের উত্তর দিতে পেরেছি, যদি আপনার কোনো সন্দেহ থাকে তবে আমার সাথে bit.ly/ Chat Doctor-এ যোগাযোগ করুন। নাসেনিয়া ডক ব্যবহার করার জন্য ধন্যবাদ। আপনার সুস্বাস্থ্য কামনা করি।"
92636,"হেলো, ডেইরি, আমি আপনার প্রশ্নটি দেখেছি। আমি আপনার উদ্বেগ বুঝতে পারছি। আপনার হার্নিয়া সার্জারির ইতিহাস রয়েছে এবং এখন অস্ত্রোপচার পরবর্তী সংক্রমণ হয়েছে। আপনি স্ট্রেপ্টোকক্কাল সংক্রমণে ভুগছেন। আপনার স্ট্রেপ্টোকক্কাল সংক্রমণ সাধারণ অ্যান্টিবায়োটিকের প্রতি প্রতিরোধী হতে পারে। আপনার কালচার এবং সেনসিটিভিটি পরীক্ষা করা উচিত। এটি অ্যান্টিবায়োটিক নির্বাচন করতে সাহায্য করবে। আপনার ডাক্তারের সাথে পরামর্শ করুন এবং সেই অনুযায়ী চিকিৎসা নিন। আশা করি আমি আপনার প্রশ্নের উত্তর দিতে পেরেছি, যদি আপনার কোনো সন্দেহ থাকে তবে আমার সাথে bit.ly/ Chat Doctor-এ যোগাযোগ করুন। নাসেনিয়া ডক ব্যবহার করার জন্য ধন্যবাদ। আপনার সুস্বাস্থ্য কামনা করি।"
75643,"হেলো, ডেইরি, আমি আপনার প্রশ্নটি দেখেছি। আমি আপনার উদ্বেগ বুঝতে পারছি। আপনার হার্নিয়া সার্জারির ইতিহাস রয়েছে এবং এখন অস্ত্রোপচার পরবর্তী সংক্রমণ হয়েছে। আপনি স্ট্রেপ্টোকক্কাল সংক্রমণে ভুগছেন। আপনার স্ট্রেপ্টোকক্কাল সংক্রমণ সাধারণ অ্যান্টিবায়োটিকের প্রতি প্রতিরোধী হতে পারে। আপনার কালচার এবং সেনসিটিভিটি পরীক্ষা করা উচিত। এটি অ্যান্টিবায়োটিক নির্বাচন করতে সাহায্য করবে। আপনার ডাক্তারের সাথে পরামর্শ করুন এবং সেই অনুযায়ী চিকিৎসা নিন। আশা করি আমি আপনার প্রশ্নের উত্তর দিতে পেরেছি, যদি আপনার কোনো সন্দেহ থাকে তবে আমার সাথে bit.ly/ Chat Doctor-এ যোগাযোগ করুন। নাসেনিয়া ডক ব্যবহার করার জন্য ধন্যবাদ। আপনার সুস্বাস্থ্য কামনা করি।"
74832,"হেলো, ডেইরি, আমি আপনার প্রশ্নটি দেখেছি। আমি আপনার উদ্বেগ বুঝতে পারছি। আপনার হার্নিয়া সার্জারির ইতিহাস রয়েছে এবং এখন অস্ত্রোপচার পরবর্তী সংক্রমণ হয়েছে। আপনি স্ট্রেপ্টোকক্কাল সংক্রমণে ভুগছেন। আপনার স্ট্রেপ্টোকক্কাল সংক্রমণ সাধারণ অ্যান্টিবায়োটিকের প্রতি প্রতিরোধী হতে পারে। আপনার কালচার এবং সেনসিটিভিটি পরীক্ষা করা উচিত। এটি অ্যান্টিবায়োটিক নির্বাচন করতে সাহায্য করবে। আপনার ডাক্তারের সাথে পরামর্শ করুন এবং সেই অনুযায়ী চিকিৎসা নিন। আশা করি আমি আপনার প্রশ্নের উত্তর দিতে পেরেছি, যদি আপনার কোনো সন্দেহ থাকে তবে আমার সাথে bit.ly/ Chat Doctor-এ যোগাযোগ করুন। নাসেনিয়া ডক ব্যবহার করার জন্য ধন্যবাদ। আপনার সুস্বাস্থ্য কামনা করি।"
19763,"হেলো, ডেইরি, আমি আপনার প্রশ্নটি দেখেছি। আমি আপনার উদ্বেগ বুঝতে পারছি। আপনার হার্নিয়া সার্জারির ইতিহাস রয়েছে এবং এখন অস্ত্রোপচার পরবর্তী সংক্রমণ হয়েছে। আপনি স্ট্রেপ্টোকক্কাল সংক্রমণে ভুগছেন। আপনার স্ট্রেপ্টোকক্কাল সংক্রমণ সাধারণ অ্যান্টিবায়োটিকের প্রতি প্রতিরোধী হতে পারে। আপনার কালচার এবং সেনসিটিভিটি পরীক্ষা করা উচিত। এটি অ্যান্টিবায়োটিক নির্বাচন করতে সাহায্য করবে। আপনার ডাক্তারের সাথে পরামর্শ করুন এবং সেই অনুযায়ী চিকিৎসা নিন। আশা করি আমি আপনার প্রশ্নের উত্তর দিতে পেরেছি, যদি আপনার কোনো সন্দেহ থাকে তবে আমার সাথে bit.ly/ Chat Doctor-এ যোগাযোগ করুন। নাসেনিয়া ডক ব্যবহার করার জন্য ধন্যবাদ। আপনার সুস্বাস্থ্য কামনা করি।"
88025,"হেলো, ডেইরি, আমি আপনার প্রশ্নটি দেখেছি। আমি আপনার উদ্বেগ বুঝতে পারছি। আপনার হার্নিয়া সার্জারির ইতিহাস রয়েছে এবং এখন অস্ত্রোপচার পরবর্তী সংক্রমণ হয়েছে। আপনি স্ট্রেপ্টোকক্কাল সংক্রমণে ভুগছেন। আপনার স্ট্রেপ্টোকক্কাল সংক্রমণ সাধারণ অ্যান্টিবায়োটিকের প্রতি প্রতিরোধী হতে পারে। আপনার কালচার এবং সেনসিটিভিটি পরীক্ষা করা উচিত। এটি অ্যান্টিবায়োটিক নির্বাচন করতে সাহায্য করবে। আপনার ডাক্তারের সাথে পরামর্শ করুন এবং সেই অনুযায়ী চিকিৎসা নিন। আশা করি আমি আপনার প্রশ্নের উত্তর দিতে পেরেছি, যদি আপনার কোনো সন্দেহ থাকে তবে আমার সাথে bit.ly/ Chat Doctor-এ যোগাযোগ করুন। নাসেনিয়া ডক ব্যবহার করার জন্য ধন্যবাদ। আপনার সুস্বাস্থ্য কামনা করি।"
20962,"হেলো, ডেইরি, আমি আপনার প্রশ্নটি দেখেছি। আমি আপনার উদ্বেগ বুঝতে পারছি। আপনার হার্নিয়া সার্জারির ইতিহাস রয়েছে এবং এখন অস্ত্রোপচার পরবর্তী সংক্রমণ হয়েছে। আপনি স্ট্রেপ্টোকক্কাল সংক্রমণে ভুগছেন। আপনার স্ট্রেপ্টোকক্কাল সংক্রমণ সাধারণ অ্যান্টিবায়োটিকের প্রতি প্রতিরোধী হতে পারে। আপনার কালচার এবং সেনসিটিভিটি পরীক্ষা করা উচিত। এটি অ্যান্টিবায়োটিক নির্বাচন করতে সাহায্য করবে। আপনার ডাক্তারের সাথে পরামর্শ করুন এবং সেই অনুযায়ী চিকিৎসা নিন। আশা করি আমি আপনার প্রশ্নের উত্তর দিতে পেরেছি, যদি আপনার কোনো সন্দেহ থাকে তবে আমার সাথে bit.ly/ Chat Doctor-এ যোগাযোগ করুন। নাসেনিয়া ডক ব্যবহার করার জন্য ধন্যবাদ। আপনার সুস্বাস্থ্য কামনা করি।"
19168,"হেলো, ডেইরি, আমি আপনার প্রশ্নটি দেখেছি। আমি আপনার উদ্বেগ বুঝতে পারছি। আপনার হার্নিয়া সার্জারির ইতিহাস রয়েছে এবং এখন অস্ত্রোপচার পরবর্তী সংক্রমণ হয়েছে। আপনি স্ট্রেপ্টোকক্কাল সংক্রমণে ভুগছেন। আপনার স্ট্রেপ্টোকক্কাল সংক্রমণ সাধারণ অ্যান্টিবায়োটিকের প্রতি প্রতিরোধী হতে পারে। আপনার কালচার এবং সেনসিটিভিটি পরীক্ষা করা উচিত। এটি অ্যান্টিবায়োটিক নির্বাচন করতে সাহায্য করবে। আপনার ডাক্তারের সাথে পরামর্শ করুন এবং সেই অনুযায়ী চিকিৎসা নিন। আশা করি আমি আপনার প্রশ্নের উত্তর দিতে পেরেছি, যদি আপনার কোনো সন্দেহ থাকে তবে আমার সাথে bit.ly/ Chat Doctor-এ যোগাযোগ করুন। নাসেনিয়া ডক ব্যবহার করার জন্য ধন্যবাদ। আপনার সুস্বাস্থ্য কামনা করি।"
52077,"হেলো, ডেইরি, আমি আপনার প্রশ্নটি দেখেছি। আমি আপনার উদ্বেগ বুঝতে পারছি। আপনার হার্নিয়া সার্জারির ইতিহাস রয়েছে এবং এখন অস্ত্রোপচার পরবর্তী সংক্রমণ হয়েছে। আপনি স্ট্রেপ্টোকক্কাল সংক্রমণে ভুগছেন। আপনার স্ট্রেপ্টোকক্কাল সংক্রমণ সাধারণ অ্যান্টিবায়োটিকের প্রতি প্রতিরোধী হতে পারে। আপনার কালচার এবং সেনসিটিভিটি পরীক্ষা করা উচিত। এটি অ্যান্টিবায়োটিক নির্বাচন করতে সাহায্য করবে। আপনার ডাক্তারের সাথে পরামর্শ করুন এবং সেই অনুযায়ী চিকিৎসা নিন। আশা করি আমি আপনার প্রশ্নের উত্তর দিতে পেরেছি, যদি আপনার কোনো সন্দেহ থাকে তবে আমার সাথে bit.ly/ Chat Doctor-এ যোগাযোগ করুন। নাসেনিয়া ডক ব্যবহার করার জন্য ধন্যবাদ। আপনার সুস্বাস্থ্য কামনা করি।"
107241,"হেলো, ডেইরি, আমি আপনার প্রশ্নটি দেখেছি। আমি আপনার উদ্বেগ বুঝতে পারছি। আপনার হার্নিয়া সার্জারির ইতিহাস রয়েছে এবং এখন অস্ত্রোপচার পরবর্তী সংক্রমণ হয়েছে। আপনি স্ট্রেপ্টোকক্কাল সংক্রমণে ভুগছেন। আপনার স্ট্রেপ্টোকক্কাল সংক্রমণ সাধারণ অ্যান্টিবায়োটিকের প্রতি প্রতিরোধী হতে পারে। আপনার কালচার এবং সেনসিটিভিটি পরীক্ষা করা উচিত। এটি অ্যান্টিবায়োটিক নির্বাচন করতে সাহায্য করবে। আপনার ডাক্তারের সাথে পরামর্শ করুন এবং সেই অনুযায়ী চিকিৎসা নিন। আশা করি আমি আপনার প্রশ্নের উত্তর দিতে পেরেছি, যদি আপনার কোনো সন্দেহ থাকে তবে আমার সাথে bit.ly/ Chat Doctor-এ যোগাযোগ করুন। নাসেনিয়া ডক ব্যবহার করার জন্য ধন্যবাদ। আপনার সুস্বাস্থ্য কামনা করি।"
105829,"হেলো, ডেইরি, আমি আপনার প্রশ্নটি দেখেছি। আমি আপনার উদ্বেগ বুঝতে পারছি। আপনার হার্নিয়া সার্জারির ইতিহাস রয়েছে এবং এখন অস্ত্রোপচার পরবর্তী সংক্রমণ হয়েছে। আপনি স্ট্রেপ্টোকক্কাল সংক্রমণে ভুগছেন। আপনার স্ট্রেপ্টোকক্কাল সংক্রমণ সাধারণ অ্যান্টিবায়োটিকের প্রতি প্রতিরোধী হতে পারে। আপনার কালচার এবং সেনসিটিভিটি পরীক্ষা করা উচিত। এটি অ্যান্টিবায়োটিক নির্বাচন করতে সাহায্য করবে। আপনার ডাক্তারের সাথে পরামর্শ করুন এবং সেই অনুযায়ী চিকিৎসা নিন। আশা করি আমি আপনার প্রশ্নের উত্তর দিতে পেরেছি, যদি আপনার কোনো সন্দেহ থাকে তবে আমার সাথে bit.ly/ Chat Doctor-এ যোগাযোগ করুন। নাসেনিয়া ডক ব্যবহার করার জন্য ধন্যবাদ। আপনার সুস্বাস্থ্য কামনা করি।"
32039,"হেলো, ডেইরি, আমি আপনার প্রশ্নটি দেখেছি। আমি আপনার উদ্বেগ বুঝতে পারছি। আপনার হার্নিয়া সার্জারির ইতিহাস রয়েছে এবং এখন অস্ত্রোপচার পরবর্তী সংক্রমণ হয়েছে। আপনি স্ট্রেপ্টোকক্কাল সংক্রমণে ভুগছেন। আপনার স্ট্রেপ্টোকক্কাল সংক্রমণ সাধারণ অ্যান্টিবায়োটিকের প্রতি প্রতিরোধী হতে পারে। আপনার কালচার এবং সেনসিটিভিটি পরীক্ষা করা উচিত। এটি অ্যান্টিবায়োটিক নির্বাচন করতে সাহায্য করবে। আপনার ডাক্তারের সাথে পরামর্শ করুন এবং সেই অনুযায়ী চিকিৎসা নিন। আশা করি আমি আপনার প্রশ্নের উত্তর দিতে পেরেছি, যদি আপনার কোনো সন্দেহ থাকে তবে আমার সাথে bit.ly/ Chat Doctor-এ যোগাযোগ করুন। নাসেনিয়া ডক ব্যবহার করার জন্য ধন্যবাদ। আপনার সুস্বাস্থ্য কামনা করি।"
56113,"হেলো, ডেইরি, আমি আপনার প্রশ্নটি দেখেছি। আমি আপনার উদ্বেগ বুঝতে পারছি। আপনার হার্নিয়া সার্জারির ইতিহাস রয়েছে এবং এখন অস্ত্রোপচার পরবর্তী সংক্রমণ হয়েছে। আপনি স্ট্রেপ্টোকক্কাল সংক্রমণে ভুগছেন। আপনার স্ট্রেপ্টোকক্কাল সংক্রমণ সাধারণ অ্যান্টিবায়োটিকের প্রতি প্রতিরোধী হতে পারে। আপনার কালচার এবং সেনসিটিভিটি পরীক্ষা করা উচিত। এটি অ্যান্টিবায়োটিক নির্বাচন করতে সাহায্য করবে। আপনার ডাক্তারের সাথে পরামর্শ করুন এবং সেই অনুযায়ী চিকিৎসা নিন। আশা করি আমি আপনার প্রশ্নের উত্তর দিতে পেরেছি, যদি আপনার কোনো সন্দেহ থাকে তবে আমার সাথে bit.ly/ Chat Doctor-এ যোগাযোগ করুন। নাসেনিয়া ডক ব্যবহার করার জন্য ধন্যবাদ। আপনার সুস্বাস্থ্য কামনা করি।"
90084,"হেলো, ডেইরি, আমি আপনার প্রশ্নটি দেখেছি। আমি আপনার উদ্বেগ বুঝতে পারছি। আপনার হার্নিয়া সার্জারির ইতিহাস রয়েছে এবং এখন অস্ত্রোপচার পরবর্তী সংক্রমণ হয়েছে। আপনি স্ট্রেপ্টোকক্কাল সংক্রমণে ভুগছেন। আপনার স্ট্রেপ্টোকক্কাল সংক্রমণ সাধারণ অ্যান্টিবায়োটিকের প্রতি প্রতিরোধী হতে পারে। আপনার কালচার এবং সেনসিটিভিটি পরীক্ষা করা উচিত। এটি অ্যান্টিবায়োটিক নির্বাচন করতে সাহায্য করবে। আপনার ডাক্তারের সাথে পরামর্শ করুন এবং সেই অনুযায়ী চিকিৎসা নিন। আশা করি আমি আপনার প্রশ্নের উত্তর দিতে পেরেছি, যদি আপনার কোনো সন্দেহ থাকে তবে আমার সাথে bit.ly/ Chat Doctor-এ যোগাযোগ করুন। নাসেনিয়া ডক ব্যবহার করার জন্য ধন্যবাদ। আপনার সুস্বাস্থ্য কামনা করি।"
54359,"হেলো, ডেইরি, আমি আপনার প্রশ্নটি দেখেছি। আমি আপনার উদ্বেগ বুঝতে পারছি। আপনার হার্নিয়া সার্জারির ইতিহাস রয়েছে এবং এখন অস্ত্রোপচার পরবর্তী সংক্রমণ হয়েছে। আপনি স্ট্রেপ্টোকক্কাল সংক্রমণে ভুগছেন। আপনার স্ট্রেপ্টোকক্কাল সংক্রমণ সাধারণ অ্যান্টিবায়োটিকের প্রতি প্রতিরোধী হতে পারে। আপনার কালচার এবং সেনসিটিভিটি পরীক্ষা করা উচিত। এটি অ্যান্টিবায়োটিক নির্বাচন করতে সাহায্য করবে। আপনার ডাক্তারের সাথে পরামর্শ করুন এবং সেই অনুযায়ী চিকিৎসা নিন। আশা করি আমি আপনার প্রশ্নের উত্তর দিতে পেরেছি, যদি আপনার কোনো সন্দেহ থাকে তবে আমার সাথে bit.ly/ Chat Doctor-এ যোগাযোগ করুন। নাসেনিয়া ডক ব্যবহার করার জন্য ধন্যবাদ। আপনার সুস্বাস্থ্য কামনা করি।"
60993,"হেলো, ডেইরি, আমি আপনার প্রশ্নটি দেখেছি। আমি আপনার উদ্বেগ বুঝতে পারছি। আপনার হার্নিয়া সার্জারির ইতিহাস রয়েছে এবং এখন অস্ত্রোপচার পরবর্তী সংক্রমণ হয়েছে। আপনি স্ট্রেপ্টোকক্কাল সংক্রমণে ভুগছেন। আপনার স্ট্রেপ্টোকক্কাল সংক্রমণ সাধারণ অ্যান্টিবায়োটিকের প্রতি প্রতিরোধী হতে পারে। আপনার কালচার এবং সেনসিটিভিটি পরীক্ষা করা উচিত। এটি অ্যান্টিবায়োটিক নির্বাচন করতে সাহায্য করবে। আপনার ডাক্তারের সাথে পরামর্শ করুন এবং সেই অনুযায়ী চিকিৎসা নিন। আশা করি আমি আপনার প্রশ্নের উত্তর দিতে পেরেছি, যদি আপনার কোনো সন্দেহ থাকে তবে আমার সাথে bit.ly/ Chat Doctor-এ যোগাযোগ করুন। নাসেনিয়া ডক ব্যবহার করার জন্য ধন্যবাদ। আপনার সুস্বাস্থ্য কামনা করি।"
95350,"হেলো, ডেইরি, আমি আপনার প্রশ্নটি দেখেছি। আমি আপনার উদ্বেগ বুঝতে পারছি। আপনার হার্নিয়া সার্জারির ইতিহাস রয়েছে এবং এখন অস্ত্রোপচার পরবর্তী সংক্রমণ হয়েছে। আপনি স্ট্রেপ্টোকক্কাল সংক্রমণে ভুগছেন। আপনার স্ট্রেপ্টোকক্কাল সংক্রমণ সাধারণ অ্যান্টিবায়োটিকের প্রতি প্রতিরোধী হতে পারে। আপনার কালচার এবং সেনসিটিভিটি পরীক্ষা করা উচিত। এটি অ্যান্টিবায়োটিক নির্বাচন করতে সাহায্য করবে। আপনার ডাক্তারের সাথে পরামর্শ করুন এবং সেই অনুযায়ী চিকিৎসা নিন। আশা করি আমি আপনার প্রশ্নের উত্তর দিতে পেরেছি, যদি আপনার কোনো সন্দেহ থাকে তবে আমার সাথে bit.ly/ Chat Doctor-এ যোগাযোগ করুন। নাসেনিয়া ডক ব্যবহার করার জন্য ধন্যবাদ। আপনার সুস্বাস্থ্য কামনা করি।"
51983,"হেলো, ডেইরি, আমি আপনার প্রশ্নটি দেখেছি। আমি আপনার উদ্বেগ বুঝতে পারছি। আপনার হার্নিয়া সার্জারির ইতিহাস রয়েছে এবং এখন অস্ত্রোপচার পরবর্তী সংক্রমণ হয়েছে। আপনি স্ট্রেপ্টোকক্কাল সংক্রমণে ভুগছেন। আপনার স্ট্রেপ্টোকক্কাল সংক্রমণ সাধারণ অ্যান্টিবায়োটিকের প্রতি প্রতিরোধী হতে পারে। আপনার কালচার এবং সেনসিটিভিটি পরীক্ষা করা উচিত। এটি অ্যান্টিবায়োটিক নির্বাচন করতে সাহায্য করবে। আপনার ডাক্তারের সাথে পরামর্শ করুন এবং সেই অনুযায়ী চিকিৎসা নিন। আশা করি আমি আপনার প্রশ্নের উত্তর দিতে পেরেছি, যদি আপনার কোনো সন্দেহ থাকে তবে আমার সাথে bit.ly/ Chat Doctor-এ যোগাযোগ করুন। নাসেনিয়া ডক ব্যবহার করার জন্য ধন্যবাদ। আপনার সুস্বাস্থ্য কামনা করি।"
3737,"হেলো, ডেইরি, আমি আপনার প্রশ্নটি দেখেছি। আমি আপনার উদ্বেগ বুঝতে পারছি। আপনার হার্নিয়া সার্জারির ইতিহাস রয়েছে এবং এখন অস্ত্রোপচার পরবর্তী সংক্রমণ হয়েছে। আপনি স্ট্রেপ্টোকক্কাল সংক্রমণে ভুগছেন। আপনার স্ট্রেপ্টোকক্কাল সংক্রমণ সাধারণ অ্যান্টিবায়োটিকের প্রতি প্রতিরোধী হতে পারে। আপনার কালচার এবং সেনসিটিভিটি পরীক্ষা করা উচিত। এটি অ্যান্টিবায়োটিক নির্বাচন করতে সাহায্য করবে। আপনার ডাক্তারের সাথে পরামর্শ করুন এবং সেই অনুযায়ী চিকিৎসা নিন। আশা করি আমি আপনার প্রশ্নের উত্তর দিতে পেরেছি, যদি আপনার কোনো সন্দেহ থাকে তবে আমার সাথে bit.ly/ Chat Doctor-এ যোগাযোগ করুন। নাসেনিয়া ডক ব্যবহার করার জন্য ধন্যবাদ। আপনার সুস্বাস্থ্য কামনা করি।"
92983,"হেলো, ডেইরি, আমি আপনার প্রশ্নটি দেখেছি। আমি আপনার উদ্বেগ বুঝতে পারছি। আপনার হার্নিয়া সার্জারির ইতিহাস রয়েছে এবং এখন অস্ত্রোপচার পরবর্তী সংক্রমণ হয়েছে। আপনি স্ট্রেপ্টোকক্কাল সংক্রমণে ভুগছেন। আপনার স্ট্রেপ্টোকক্কাল সংক্রমণ সাধারণ অ্যান্টিবায়োটিকের প্রতি প্রতিরোধী হতে পারে। আপনার কালচার এবং সেনসিটিভিটি পরীক্ষা করা উচিত। এটি অ্যান্টিবায়োটিক নির্বাচন করতে সাহায্য করবে। আপনার ডাক্তারের সাথে পরামর্শ করুন এবং সেই অনুযায়ী চিকিৎসা নিন। আশা করি আমি আপনার প্রশ্নের উত্তর দিতে পেরেছি, যদি আপনার কোনো সন্দেহ থাকে তবে আমার সাথে bit.ly/ Chat Doctor-এ যোগাযোগ করুন। নাসেনিয়া ডক ব্যবহার করার জন্য ধন্যবাদ। আপনার সুস্বাস্থ্য কামনা করি।"
41626,"হেলো, ডেইরি, আমি আপনার প্রশ্নটি দেখেছি। আমি আপনার উদ্বেগ বুঝতে পারছি। আপনার হার্নিয়া সার্জারির ইতিহাস রয়েছে এবং এখন অস্ত্রোপচার পরবর্তী সংক্রমণ হয়েছে। আপনি স্ট্রেপ্টোকক্কাল সংক্রমণে ভুগছেন। আপনার স্ট্রেপ্টোকক্কাল সংক্রমণ সাধারণ অ্যান্টিবায়োটিকের প্রতি প্রতিরোধী হতে পারে। আপনার কালচার এবং সেনসিটিভিটি পরীক্ষা করা উচিত। এটি অ্যান্টিবায়োটিক নির্বাচন করতে সাহায্য করবে। আপনার ডাক্তারের সাথে পরামর্শ করুন এবং সেই অনুযায়ী চিকিৎসা নিন। আশা করি আমি আপনার প্রশ্নের উত্তর দিতে পেরেছি, যদি আপনার কোনো সন্দেহ থাকে তবে আমার সাথে bit.ly/ Chat Doctor-এ যোগাযোগ করুন। নাসেনিয়া ডক ব্যবহার করার জন্য ধন্যবাদ। আপনার সুস্বাস্থ্য কামনা করি।"
48897,"হেলো, ডেইরি, আমি আপনার প্রশ্নটি দেখেছি। আমি আপনার উদ্বেগ বুঝতে পারছি। আপনার হার্নিয়া সার্জারির ইতিহাস রয়েছে এবং এখন অস্ত্রোপচার পরবর্তী সংক্রমণ হয়েছে। আপনি স্ট্রেপ্টোকক্কাল সংক্রমণে ভুগছেন। আপনার স্ট্রেপ্টোকক্কাল সংক্রমণ সাধারণ অ্যান্টিবায়োটিকের প্রতি প্রতিরোধী হতে পারে। আপনার কালচার এবং সেনসিটিভিটি পরীক্ষা করা উচিত। এটি অ্যান্টিবায়োটিক নির্বাচন করতে সাহায্য করবে। আপনার ডাক্তারের সাথে পরামর্শ করুন এবং সেই অনুযায়ী চিকিৎসা নিন। আশা করি আমি আপনার প্রশ্নের উত্তর দিতে পেরেছি, যদি আপনার কোনো সন্দেহ থাকে তবে আমার সাথে bit.ly/ Chat Doctor-এ যোগাযোগ করুন। নাসেনিয়া ডক ব্যবহার করার জন্য ধন্যবাদ। আপনার সুস্বাস্থ্য কামনা করি।"
93826,"হেলো, ডেইরি, আমি আপনার প্রশ্নটি দেখেছি। আমি আপনার উদ্বেগ বুঝতে পারছি। আপনার হার্নিয়া সার্জারির ইতিহাস রয়েছে এবং এখন অস্ত্রোপচার পরবর্তী সংক্রমণ হয়েছে। আপনি স্ট্রেপ্টোকক্কাল সংক্রমণে ভুগছেন। আপনার স্ট্রেপ্টোকক্কাল সংক্রমণ সাধারণ অ্যান্টিবায়োটিকের প্রতি প্রতিরোধী হতে পারে। আপনার কালচার এবং সেনসিটিভিটি পরীক্ষা করা উচিত। এটি অ্যান্টিবায়োটিক নির্বাচন করতে সাহায্য করবে। আপনার ডাক্তারের সাথে পরামর্শ করুন এবং সেই অনুযায়ী চিকিৎসা নিন। আশা করি আমি আপনার প্রশ্নের উত্তর দিতে পেরেছি, যদি আপনার কোনো সন্দেহ থাকে তবে আমার সাথে bit.ly/ Chat Doctor-এ যোগাযোগ করুন। নাসেনিয়া ডক ব্যবহার করার জন্য ধন্যবাদ। আপনার সুস্বাস্থ্য কামনা করি।"
573,"হেলো, ডেইরি, আমি আপনার প্রশ্নটি দেখেছি। আমি আপনার উদ্বেগ বুঝতে পারছি। আপনার হার্নিয়া সার্জারির ইতিহাস রয়েছে এবং এখন অস্ত্রোপচার পরবর্তী সংক্রমণ হয়েছে। আপনি স্ট্রেপ্টোকক্কাল সংক্রমণে ভুগছেন। আপনার স্ট্রেপ্টোকক্কাল সংক্রমণ সাধারণ অ্যান্টিবায়োটিকের প্রতি প্রতিরোধী হতে পারে। আপনার কালচার এবং সেনসিটিভিটি পরীক্ষা করা উচিত। এটি অ্যান্টিবায়োটিক নির্বাচন করতে সাহায্য করবে। আপনার ডাক্তারের সাথে পরামর্শ করুন এবং সেই অনুযায়ী চিকিৎসা নিন। আশা করি আমি আপনার প্রশ্নের উত্তর দিতে পেরেছি, যদি আপনার কোনো সন্দেহ থাকে তবে আমার সাথে bit.ly/ Chat Doctor-এ যোগাযোগ করুন। নাসেনিয়া ডক ব্যবহার করার জন্য ধন্যবাদ। আপনার সুস্বাস্থ্য কামনা করি।"
72900,"হেলো, ডেইরি, আমি আপনার প্রশ্নটি দেখেছি। আমি আপনার উদ্বেগ বুঝতে পারছি। আপনার হার্নিয়া সার্জারির ইতিহাস রয়েছে এবং এখন অস্ত্রোপচার পরবর্তী সংক্রমণ হয়েছে। আপনি স্ট্রেপ্টোকক্কাল সংক্রমণে ভুগছেন। আপনার স্ট্রেপ্টোকক্কাল সংক্রমণ সাধারণ অ্যান্টিবায়োটিকের প্রতি প্রতিরোধী হতে পারে। আপনার কালচার এবং সেনসিটিভিটি পরীক্ষা করা উচিত। এটি অ্যান্টিবায়োটিক নির্বাচন করতে সাহায্য করবে। আপনার ডাক্তারের সাথে পরামর্শ করুন এবং সেই অনুযায়ী চিকিৎসা নিন। আশা করি আমি আপনার প্রশ্নের উত্তর দিতে পেরেছি, যদি আপনার কোনো সন্দেহ থাকে তবে আমার সাথে bit.ly/ Chat Doctor-এ যোগাযোগ করুন। নাসেনিয়া ডক ব্যবহার করার জন্য ধন্যবাদ। আপনার সুস্বাস্থ্য কামনা করি।"
12915,"হেলো, ডেইরি, আমি আপনার প্রশ্নটি দেখেছি। আমি আপনার উদ্বেগ বুঝতে পারছি। আপনার হার্নিয়া সার্জারির ইতিহাস রয়েছে এবং এখন অস্ত্রোপচার পরবর্তী সংক্রমণ হয়েছে। আপনি স্ট্রেপ্টোকক্কাল সংক্রমণে ভুগছেন। আপনার স্ট্রেপ্টোকক্কাল সংক্রমণ সাধারণ অ্যান্টিবায়োটিকের প্রতি প্রতিরোধী হতে পারে। আপনার কালচার এবং সেনসিটিভিটি পরীক্ষা করা উচিত। এটি অ্যান্টিবায়োটিক নির্বাচন করতে সাহায্য করবে। আপনার ডাক্তারের সাথে পরামর্শ করুন এবং সেই অনুযায়ী চিকিৎসা নিন। আশা করি আমি আপনার প্রশ্নের উত্তর দিতে পেরেছি, যদি আপনার কোনো সন্দেহ থাকে তবে আমার সাথে bit.ly/ Chat Doctor-এ যোগাযোগ করুন। নাসেনিয়া ডক ব্যবহার করার জন্য ধন্যবাদ। আপনার সুস্বাস্থ্য কামনা করি।"
69485,"হেলো, ডেইরি, আমি আপনার প্রশ্নটি দেখেছি। আমি আপনার উদ্বেগ বুঝতে পারছি। আপনার হার্নিয়া সার্জারির ইতিহাস রয়েছে এবং এখন অস্ত্রোপচার পরবর্তী সংক্রমণ হয়েছে। আপনি স্ট্রেপ্টোকক্কাল সংক্রমণে ভুগছেন। আপনার স্ট্রেপ্টোকক্কাল সংক্রমণ সাধারণ অ্যান্টিবায়োটিকের প্রতি প্রতিরোধী হতে পারে। আপনার কালচার এবং সেনসিটিভিটি পরীক্ষা করা উচিত। এটি অ্যান্টিবায়োটিক নির্বাচন করতে সাহায্য করবে। আপনার ডাক্তারের সাথে পরামর্শ করুন এবং সেই অনুযায়ী চিকিৎসা নিন। আশা করি আমি আপনার প্রশ্নের উত্তর দিতে পেরেছি, যদি আপনার কোনো সন্দেহ থাকে তবে আমার সাথে bit.ly/ Chat Doctor-এ যোগাযোগ করুন। নাসেনিয়া ডক ব্যবহার করার জন্য ধন্যবাদ। আপনার সুস্বাস্থ্য কামনা করি।"
110496,"হেলো, ডেইরি, আমি আপনার প্রশ্নটি দেখেছি। আমি আপনার উদ্বেগ বুঝতে পারছি। আপনার হার্নিয়া সার্জারির ইতিহাস রয়েছে এবং এখন অস্ত্রোপচার পরবর্তী সংক্রমণ হয়েছে। আপনি স্ট্রেপ্টোকক্কাল সংক্রমণে ভুগছেন। আপনার স্ট্রেপ্টোকক্কাল সংক্রমণ সাধারণ অ্যান্টিবায়োটিকের প্রতি প্রতিরোধী হতে পারে। আপনার কালচার এবং সেনসিটিভিটি পরীক্ষা করা উচিত। এটি অ্যান্টিবায়োটিক নির্বাচন করতে সাহায্য করবে। আপনার ডাক্তারের সাথে পরামর্শ করুন এবং সেই অনুযায়ী চিকিৎসা নিন। আশা করি আমি আপনার প্রশ্নের উত্তর দিতে পেরেছি, যদি আপনার কোনো সন্দেহ থাকে তবে আমার সাথে bit.ly/ Chat Doctor-এ যোগাযোগ করুন। নাসেনিয়া ডক ব্যবহার করার জন্য ধন্যবাদ। আপনার সুস্বাস্থ্য কামনা করি।"
19301,"হেলো, ডেইরি, আমি আপনার প্রশ্নটি দেখেছি। আমি আপনার উদ্বেগ বুঝতে পারছি। আপনার হার্নিয়া সার্জারির ইতিহাস রয়েছে এবং এখন অস্ত্রোপচার পরবর্তী সংক্রমণ হয়েছে। আপনি স্ট্রেপ্টোকক্কাল সংক্রমণে ভুগছেন। আপনার স্ট্রেপ্টোকক্কাল সংক্রমণ সাধারণ অ্যান্টিবায়োটিকের প্রতি প্রতিরোধী হতে পারে। আপনার কালচার এবং সেনসিটিভিটি পরীক্ষা করা উচিত। এটি অ্যান্টিবায়োটিক নির্বাচন করতে সাহায্য করবে। আপনার ডাক্তারের সাথে পরামর্শ করুন এবং সেই অনুযায়ী চিকিৎসা নিন। আশা করি আমি আপনার প্রশ্নের উত্তর দিতে পেরেছি, যদি আপনার কোনো সন্দেহ থাকে তবে আমার সাথে bit.ly/ Chat Doctor-এ যোগাযোগ করুন। নাসেনিয়া ডক ব্যবহার করার জন্য ধন্যবাদ। আপনার সুস্বাস্থ্য কামনা করি।"
25099,"হেলো, ডেইরি, আমি আপনার প্রশ্নটি দেখেছি। আমি আপনার উদ্বেগ বুঝতে পারছি। আপনার হার্নিয়া সার্জারির ইতিহাস রয়েছে এবং এখন অস্ত্রোপচার পরবর্তী সংক্রমণ হয়েছে। আপনি স্ট্রেপ্টোকক্কাল সংক্রমণে ভুগছেন। আপনার স্ট্রেপ্টোকক্কাল সংক্রমণ সাধারণ অ্যান্টিবায়োটিকের প্রতি প্রতিরোধী হতে পারে। আপনার কালচার এবং সেনসিটিভিটি পরীক্ষা করা উচিত। এটি অ্যান্টিবায়োটিক নির্বাচন করতে সাহায্য করবে। আপনার ডাক্তারের সাথে পরামর্শ করুন এবং সেই অনুযায়ী চিকিৎসা নিন। আশা করি আমি আপনার প্রশ্নের উত্তর দিতে পেরেছি, যদি আপনার কোনো সন্দেহ থাকে তবে আমার সাথে bit.ly/ Chat Doctor-এ যোগাযোগ করুন। নাসেনিয়া ডক ব্যবহার করার জন্য ধন্যবাদ। আপনার সুস্বাস্থ্য কামনা করি।"
67427,"হেলো, ডেইরি, আমি আপনার প্রশ্নটি দেখেছি। আমি আপনার উদ্বেগ বুঝতে পারছি। আপনার হার্নিয়া সার্জারির ইতিহাস রয়েছে এবং এখন অস্ত্রোপচার পরবর্তী সংক্রমণ হয়েছে। আপনি স্ট্রেপ্টোকক্কাল সংক্রমণে ভুগছেন। আপনার স্ট্রেপ্টোকক্কাল সংক্রমণ সাধারণ অ্যান্টিবায়োটিকের প্রতি প্রতিরোধী হতে পারে। আপনার কালচার এবং সেনসিটিভিটি পরীক্ষা করা উচিত। এটি অ্যান্টিবায়োটিক নির্বাচন করতে সাহায্য করবে। আপনার ডাক্তারের সাথে পরামর্শ করুন এবং সেই অনুযায়ী চিকিৎসা নিন। আশা করি আমি আপনার প্রশ্নের উত্তর দিতে পেরেছি, যদি আপনার কোনো সন্দেহ থাকে তবে আমার সাথে bit.ly/ Chat Doctor-এ যোগাযোগ করুন। নাসেনিয়া ডক ব্যবহার করার জন্য ধন্যবাদ। আপনার সুস্বাস্থ্য কামনা করি।"
111178,"হেলো, ডেইরি, আমি আপনার প্রশ্নটি দেখেছি। আমি আপনার উদ্বেগ বুঝতে পারছি। আপনার হার্নিয়া সার্জারির ইতিহাস রয়েছে এবং এখন অস্ত্রোপচার পরবর্তী সংক্রমণ হয়েছে। আপনি স্ট্রেপ্টোকক্কাল সংক্রমণে ভুগছেন। আপনার স্ট্রেপ্টোকক্কাল সংক্রমণ সাধারণ অ্যান্টিবায়োটিকের প্রতি প্রতিরোধী হতে পারে। আপনার কালচার এবং সেনসিটিভিটি পরীক্ষা করা উচিত। এটি অ্যান্টিবায়োটিক নির্বাচন করতে সাহায্য করবে। আপনার ডাক্তারের সাথে পরামর্শ করুন এবং সেই অনুযায়ী চিকিৎসা নিন। আশা করি আমি আপনার প্রশ্নের উত্তর দিতে পেরেছি, যদি আপনার কোনো সন্দেহ থাকে তবে আমার সাথে bit.ly/ Chat Doctor-এ যোগাযোগ করুন। নাসেনিয়া ডক ব্যবহার করার জন্য ধন্যবাদ। আপনার সুস্বাস্থ্য কামনা করি।"
47911,"হেলো, ডেইরি, আমি আপনার প্রশ্নটি দেখেছি। আমি আপনার উদ্বেগ বুঝতে পারছি। আপনার হার্নিয়া সার্জারির ইতিহাস রয়েছে এবং এখন অস্ত্রোপচার পরবর্তী সংক্রমণ হয়েছে। আপনি স্ট্রেপ্টোকক্কাল সংক্রমণে ভুগছেন। আপনার স্ট্রেপ্টোকক্কাল সংক্রমণ সাধারণ অ্যান্টিবায়োটিকের প্রতি প্রতিরোধী হতে পারে। আপনার কালচার এবং সেনসিটিভিটি পরীক্ষা করা উচিত। এটি অ্যান্টিবায়োটিক নির্বাচন করতে সাহায্য করবে। আপনার ডাক্তারের সাথে পরামর্শ করুন এবং সেই অনুযায়ী চিকিৎসা নিন। আশা করি আমি আপনার প্রশ্নের উত্তর দিতে পেরেছি, যদি আপনার কোনো সন্দেহ থাকে তবে আমার সাথে bit.ly/ Chat Doctor-এ যোগাযোগ করুন। নাসেনিয়া ডক ব্যবহার করার জন্য ধন্যবাদ। আপনার সুস্বাস্থ্য কামনা করি।"
46419,"হেলো, ডেইরি, আমি আপনার প্রশ্নটি দেখেছি। আমি আপনার উদ্বেগ বুঝতে পারছি। আপনার হার্নিয়া সার্জারির ইতিহাস রয়েছে এবং এখন অস্ত্রোপচার পরবর্তী সংক্রমণ হয়েছে। আপনি স্ট্রেপ্টোকক্কাল সংক্রমণে ভুগছেন। আপনার স্ট্রেপ্টোকক্কাল সংক্রমণ সাধারণ অ্যান্টিবায়োটিকের প্রতি প্রতিরোধী হতে পারে। আপনার কালচার এবং সেনসিটিভিটি পরীক্ষা করা উচিত। এটি অ্যান্টিবায়োটিক নির্বাচন করতে সাহায্য করবে। আপনার ডাক্তারের সাথে পরামর্শ করুন এবং সেই অনুযায়ী চিকিৎসা নিন। আশা করি আমি আপনার প্রশ্নের উত্তর দিতে পেরেছি, যদি আপনার কোনো সন্দেহ থাকে তবে আমার সাথে bit.ly/ Chat Doctor-এ যোগাযোগ করুন। নাসেনিয়া ডক ব্যবহার করার জন্য ধন্যবাদ। আপনার সুস্বাস্থ্য কামনা করি।"
83584,"হেলো, ডেইরি, আমি আপনার প্রশ্নটি দেখেছি। আমি আপনার উদ্বেগ বুঝতে পারছি। আপনার হার্নিয়া সার্জারির ইতিহাস রয়েছে এবং এখন অস্ত্রোপচার পরবর্তী সংক্রমণ হয়েছে। আপনি স্ট্রেপ্টোকক্কাল সংক্রমণে ভুগছেন। আপনার স্ট্রেপ্টোকক্কাল সংক্রমণ সাধারণ অ্যান্টিবায়োটিকের প্রতি প্রতিরোধী হতে পারে। আপনার কালচার এবং সেনসিটিভিটি পরীক্ষা করা উচিত। এটি অ্যান্টিবায়োটিক নির্বাচন করতে সাহায্য করবে। আপনার ডাক্তারের সাথে পরামর্শ করুন এবং সেই অনুযায়ী চিকিৎসা নিন। আশা করি আমি আপনার প্রশ্নের উত্তর দিতে পেরেছি, যদি আপনার কোনো সন্দেহ থাকে তবে আমার সাথে bit.ly/ Chat Doctor-এ যোগাযোগ করুন। নাসেনিয়া ডক ব্যবহার করার জন্য ধন্যবাদ। আপনার সুস্বাস্থ্য কামনা করি।"
89291,"হেলো, ডেইরি, আমি আপনার প্রশ্নটি দেখেছি। আমি আপনার উদ্বেগ বুঝতে পারছি। আপনার হার্নিয়া সার্জারির ইতিহাস রয়েছে এবং এখন অস্ত্রোপচার পরবর্তী সংক্রমণ হয়েছে। আপনি স্ট্রেপ্টোকক্কাল সংক্রমণে ভুগছেন। আপনার স্ট্রেপ্টোকক্কাল সংক্রমণ সাধারণ অ্যান্টিবায়োটিকের প্রতি প্রতিরোধী হতে পারে। আপনার কালচার এবং সেনসিটিভিটি পরীক্ষা করা উচিত। এটি অ্যান্টিবায়োটিক নির্বাচন করতে সাহায্য করবে। আপনার ডাক্তারের সাথে পরামর্শ করুন এবং সেই অনুযায়ী চিকিৎসা নিন। আশা করি আমি আপনার প্রশ্নের উত্তর দিতে পেরেছি, যদি আপনার কোনো সন্দেহ থাকে তবে আমার সাথে bit.ly/ Chat Doctor-এ যোগাযোগ করুন। নাসেনিয়া ডক ব্যবহার করার জন্য ধন্যবাদ। আপনার সুস্বাস্থ্য কামনা করি।"
88378,"হেলো, ডেইরি, আমি আপনার প্রশ্নটি দেখেছি। আমি আপনার উদ্বেগ বুঝতে পারছি। আপনার হার্নিয়া সার্জারির ইতিহাস রয়েছে এবং এখন অস্ত্রোপচার পরবর্তী সংক্রমণ হয়েছে। আপনি স্ট্রেপ্টোকক্কাল সংক্রমণে ভুগছেন। আপনার স্ট্রেপ্টোকক্কাল সংক্রমণ সাধারণ অ্যান্টিবায়োটিকের প্রতি প্রতিরোধী হতে পারে। আপনার কালচার এবং সেনসিটিভিটি পরীক্ষা করা উচিত। এটি অ্যান্টিবায়োটিক নির্বাচন করতে সাহায্য করবে। আপনার ডাক্তারের সাথে পরামর্শ করুন এবং সেই অনুযায়ী চিকিৎসা নিন। আশা করি আমি আপনার প্রশ্নের উত্তর দিতে পেরেছি, যদি আপনার কোনো সন্দেহ থাকে তবে আমার সাথে bit.ly/ Chat Doctor-এ যোগাযোগ করুন। নাসেনিয়া ডক ব্যবহার করার জন্য ধন্যবাদ। আপনার সুস্বাস্থ্য কামনা করি।"
17189,"হেলো, ডেইরি, আমি আপনার প্রশ্নটি দেখেছি। আমি আপনার উদ্বেগ বুঝতে পারছি। আপনার হার্নিয়া সার্জারির ইতিহাস রয়েছে এবং এখন অস্ত্রোপচার পরবর্তী সংক্রমণ হয়েছে। আপনি স্ট্রেপ্টোকক্কাল সংক্রমণে ভুগছেন। আপনার স্ট্রেপ্টোকক্কাল সংক্রমণ সাধারণ অ্যান্টিবায়োটিকের প্রতি প্রতিরোধী হতে পারে। আপনার কালচার এবং সেনসিটিভিটি পরীক্ষা করা উচিত। এটি অ্যান্টিবায়োটিক নির্বাচন করতে সাহায্য করবে। আপনার ডাক্তারের সাথে পরামর্শ করুন এবং সেই অনুযায়ী চিকিৎসা নিন। আশা করি আমি আপনার প্রশ্নের উত্তর দিতে পেরেছি, যদি আপনার কোনো সন্দেহ থাকে তবে আমার সাথে bit.ly/ Chat Doctor-এ যোগাযোগ করুন। নাসেনিয়া ডক ব্যবহার করার জন্য ধন্যবাদ। আপনার সুস্বাস্থ্য কামনা করি।"
24104,"হেলো, ডেইরি, আমি আপনার প্রশ্নটি দেখেছি। আমি আপনার উদ্বেগ বুঝতে পারছি। আপনার হার্নিয়া সার্জারির ইতিহাস রয়েছে এবং এখন অস্ত্রোপচার পরবর্তী সংক্রমণ হয়েছে। আপনি স্ট্রেপ্টোকক্কাল সংক্রমণে ভুগছেন। আপনার স্ট্রেপ্টোকক্কাল সংক্রমণ সাধারণ অ্যান্টিবায়োটিকের প্রতি প্রতিরোধী হতে পারে। আপনার কালচার এবং সেনসিটিভিটি পরীক্ষা করা উচিত। এটি অ্যান্টিবায়োটিক নির্বাচন করতে সাহায্য করবে। আপনার ডাক্তারের সাথে পরামর্শ করুন এবং সেই অনুযায়ী চিকিৎসা নিন। আশা করি আমি আপনার প্রশ্নের উত্তর দিতে পেরেছি, যদি আপনার কোনো সন্দেহ থাকে তবে আমার সাথে bit.ly/ Chat Doctor-এ যোগাযোগ করুন। নাসেনিয়া ডক ব্যবহার করার জন্য ধন্যবাদ। আপনার সুস্বাস্থ্য কামনা করি।"
44361,"হেলো, ডেইরি, আমি আপনার প্রশ্নটি দেখেছি। আমি আপনার উদ্বেগ বুঝতে পারছি। আপনার হার্নিয়া সার্জারির ইতিহাস রয়েছে এবং এখন অস্ত্রোপচার পরবর্তী সংক্রমণ হয়েছে। আপনি স্ট্রেপ্টোকক্কাল সংক্রমণে ভুগছেন। আপনার স্ট্রেপ্টোকক্কাল সংক্রমণ সাধারণ অ্যান্টিবায়োটিকের প্রতি প্রতিরোধী হতে পারে। আপনার কালচার এবং সেনসিটিভিটি পরীক্ষা করা উচিত। এটি অ্যান্টিবায়োটিক নির্বাচন করতে সাহায্য করবে। আপনার ডাক্তারের সাথে পরামর্শ করুন এবং সেই অনুযায়ী চিকিৎসা নিন। আশা করি আমি আপনার প্রশ্নের উত্তর দিতে পেরেছি, যদি আপনার কোনো সন্দেহ থাকে তবে আমার সাথে bit.ly/ Chat Doctor-এ যোগাযোগ করুন। নাসেনিয়া ডক ব্যবহার করার জন্য ধন্যবাদ। আপনার সুস্বাস্থ্য কামনা করি।"
90616,"হেলো, ডেইরি, আমি আপনার প্রশ্নটি দেখেছি। আমি আপনার উদ্বেগ বুঝতে পারছি। আপনার হার্নিয়া সার্জারির ইতিহাস রয়েছে এবং এখন অস্ত্রোপচার পরবর্তী সংক্রমণ হয়েছে। আপনি স্ট্রেপ্টোকক্কাল সংক্রমণে ভুগছেন। আপনার স্ট্রেপ্টোকক্কাল সংক্রমণ সাধারণ অ্যান্টিবায়োটিকের প্রতি প্রতিরোধী হতে পারে। আপনার কালচার এবং সেনসিটিভিটি পরীক্ষা করা উচিত। এটি অ্যান্টিবায়োটিক নির্বাচন করতে সাহায্য করবে। আপনার ডাক্তারের সাথে পরামর্শ করুন এবং সেই অনুযায়ী চিকিৎসা নিন। আশা করি আমি আপনার প্রশ্নের উত্তর দিতে পেরেছি, যদি আপনার কোনো সন্দেহ থাকে তবে আমার সাথে bit.ly/ Chat Doctor-এ যোগাযোগ করুন। নাসেনিয়া ডক ব্যবহার করার জন্য ধন্যবাদ। আপনার সুস্বাস্থ্য কামনা করি।"
54360,"হেলো, ডেইরি, আমি আপনার প্রশ্নটি দেখেছি। আমি আপনার উদ্বেগ বুঝতে পারছি। আপনার হার্নিয়া সার্জারির ইতিহাস রয়েছে এবং এখন অস্ত্রোপচার পরবর্তী সংক্রমণ হয়েছে। আপনি স্ট্রেপ্টোকক্কাল সংক্রমণে ভুগছেন। আপনার স্ট্রেপ্টোকক্কাল সংক্রমণ সাধারণ অ্যান্টিবায়োটিকের প্রতি প্রতিরোধী হতে পারে। আপনার কালচার এবং সেনসিটিভিটি পরীক্ষা করা উচিত। এটি অ্যান্টিবায়োটিক নির্বাচন করতে সাহায্য করবে। আপনার ডাক্তারের সাথে পরামর্শ করুন এবং সেই অনুযায়ী চিকিৎসা নিন। আশা করি আমি আপনার প্রশ্নের উত্তর দিতে পেরেছি, যদি আপনার কোনো সন্দেহ থাকে তবে আমার সাথে bit.ly/ Chat Doctor-এ যোগাযোগ করুন। নাসেনিয়া ডক ব্যবহার করার জন্য ধন্যবাদ। আপনার সুস্বাস্থ্য কামনা করি।"
103693,"হেলো, ডেইরি, আমি আপনার প্রশ্নটি দেখেছি। আমি আপনার উদ্বেগ বুঝতে পারছি। আপনার হার্নিয়া সার্জারির ইতিহাস রয়েছে এবং এখন অস্ত্রোপচার পরবর্তী সংক্রমণ হয়েছে। আপনি স্ট্রেপ্টোকক্কাল সংক্রমণে ভুগছেন। আপনার স্ট্রেপ্টোকক্কাল সংক্রমণ সাধারণ অ্যান্টিবায়োটিকের প্রতি প্রতিরোধী হতে পারে। আপনার কালচার এবং সেনসিটিভিটি পরীক্ষা করা উচিত। এটি অ্যান্টিবায়োটিক নির্বাচন করতে সাহায্য করবে। আপনার ডাক্তারের সাথে পরামর্শ করুন এবং সেই অনুযায়ী চিকিৎসা নিন। আশা করি আমি আপনার প্রশ্নের উত্তর দিতে পেরেছি, যদি আপনার কোনো সন্দেহ থাকে তবে আমার সাথে bit.ly/ Chat Doctor-এ যোগাযোগ করুন। নাসেনিয়া ডক ব্যবহার করার জন্য ধন্যবাদ। আপনার সুস্বাস্থ্য কামনা করি।"
4425,"হেলো, ডেইরি, আমি আপনার প্রশ্নটি দেখেছি। আমি আপনার উদ্বেগ বুঝতে পারছি। আপনার হার্নিয়া সার্জারির ইতিহাস রয়েছে এবং এখন অস্ত্রোপচার পরবর্তী সংক্রমণ হয়েছে। আপনি স্ট্রেপ্টোকক্কাল সংক্রমণে ভুগছেন। আপনার স্ট্রেপ্টোকক্কাল সংক্রমণ সাধারণ অ্যান্টিবায়োটিকের প্রতি প্রতিরোধী হতে পারে। আপনার কালচার এবং সেনসিটিভিটি পরীক্ষা করা উচিত। এটি অ্যান্টিবায়োটিক নির্বাচন করতে সাহায্য করবে। আপনার ডাক্তারের সাথে পরামর্শ করুন এবং সেই অনুযায়ী চিকিৎসা নিন। আশা করি আমি আপনার প্রশ্নের উত্তর দিতে পেরেছি, যদি আপনার কোনো সন্দেহ থাকে তবে আমার সাথে bit.ly/ Chat Doctor-এ যোগাযোগ করুন। নাসেনিয়া ডক ব্যবহার করার জন্য ধন্যবাদ। আপনার সুস্বাস্থ্য কামনা করি।"
50370,"হেলো, ডেইরি, আমি আপনার প্রশ্নটি দেখেছি। আমি আপনার উদ্বেগ বুঝতে পারছি। আপনার হার্নিয়া সার্জারির ইতিহাস রয়েছে এবং এখন অস্ত্রোপচার পরবর্তী সংক্রমণ হয়েছে। আপনি স্ট্রেপ্টোকক্কাল সংক্রমণে ভুগছেন। আপনার স্ট্রেপ্টোকক্কাল সংক্রমণ সাধারণ অ্যান্টিবায়োটিকের প্রতি প্রতিরোধী হতে পারে। আপনার কালচার এবং সেনসিটিভিটি পরীক্ষা করা উচিত। এটি অ্যান্টিবায়োটিক নির্বাচন করতে সাহায্য করবে। আপনার ডাক্তারের সাথে পরামর্শ করুন এবং সেই অনুযায়ী চিকিৎসা নিন। আশা করি আমি আপনার প্রশ্নের উত্তর দিতে পেরেছি, যদি আপনার কোনো সন্দেহ থাকে তবে আমার সাথে bit.ly/ Chat Doctor-এ যোগাযোগ করুন। নাসেনিয়া ডক ব্যবহার করার জন্য ধন্যবাদ। আপনার সুস্বাস্থ্য কামনা করি।"
110630,"হেলো, ডেইরি, আমি আপনার প্রশ্নটি দেখেছি। আমি আপনার উদ্বেগ বুঝতে পারছি। আপনার হার্নিয়া সার্জারির ইতিহাস রয়েছে এবং এখন অস্ত্রোপচার পরবর্তী সংক্রমণ হয়েছে। আপনি স্ট্রেপ্টোকক্কাল সংক্রমণে ভুগছেন। আপনার স্ট্রেপ্টোকক্কাল সংক্রমণ সাধারণ অ্যান্টিবায়োটিকের প্রতি প্রতিরোধী হতে পারে। আপনার কালচার এবং সেনসিটিভিটি পরীক্ষা করা উচিত। এটি অ্যান্টিবায়োটিক নির্বাচন করতে সাহায্য করবে। আপনার ডাক্তারের সাথে পরামর্শ করুন এবং সেই অনুযায়ী চিকিৎসা নিন। আশা করি আমি আপনার প্রশ্নের উত্তর দিতে পেরেছি, যদি আপনার কোনো সন্দেহ থাকে তবে আমার সাথে bit.ly/ Chat Doctor-এ যোগাযোগ করুন। নাসেনিয়া ডক ব্যবহার করার জন্য ধন্যবাদ। আপনার সুস্বাস্থ্য কামনা করি।"
9649,"হেলো, ডেইরি, আমি আপনার প্রশ্নটি দেখেছি। আমি আপনার উদ্বেগ বুঝতে পারছি। আপনার হার্নিয়া সার্জারির ইতিহাস রয়েছে এবং এখন অস্ত্রোপচার পরবর্তী সংক্রমণ হয়েছে। আপনি স্ট্রেপ্টোকক্কাল সংক্রমণে ভুগছেন। আপনার স্ট্রেপ্টোকক্কাল সংক্রমণ সাধারণ অ্যান্টিবায়োটিকের প্রতি প্রতিরোধী হতে পারে। আপনার কালচার এবং সেনসিটিভিটি পরীক্ষা করা উচিত। এটি অ্যান্টিবায়োটিক নির্বাচন করতে সাহায্য করবে। আপনার ডাক্তারের সাথে পরামর্শ করুন এবং সেই অনুযায়ী চিকিৎসা নিন। আশা করি আমি আপনার প্রশ্নের উত্তর দিতে পেরেছি, যদি আপনার কোনো সন্দেহ থাকে তবে আমার সাথে bit.ly/ Chat Doctor-এ যোগাযোগ করুন। নাসেনিয়া ডক ব্যবহার করার জন্য ধন্যবাদ। আপনার সুস্বাস্থ্য কামনা করি।"
66885,"হেলো, ডেইরি, আমি আপনার প্রশ্নটি দেখেছি। আমি আপনার উদ্বেগ বুঝতে পারছি। আপনার হার্নিয়া সার্জারির ইতিহাস রয়েছে এবং এখন অস্ত্রোপচার পরবর্তী সংক্রমণ হয়েছে। আপনি স্ট্রেপ্টোকক্কাল সংক্রমণে ভুগছেন। আপনার স্ট্রেপ্টোকক্কাল সংক্রমণ সাধারণ অ্যান্টিবায়োটিকের প্রতি প্রতিরোধী হতে পারে। আপনার কালচার এবং সেনসিটিভিটি পরীক্ষা করা উচিত। এটি অ্যান্টিবায়োটিক নির্বাচন করতে সাহায্য করবে। আপনার ডাক্তারের সাথে পরামর্শ করুন এবং সেই অনুযায়ী চিকিৎসা নিন। আশা করি আমি আপনার প্রশ্নের উত্তর দিতে পেরেছি, যদি আপনার কোনো সন্দেহ থাকে তবে আমার সাথে bit.ly/ Chat Doctor-এ যোগাযোগ করুন। নাসেনিয়া ডক ব্যবহার করার জন্য ধন্যবাদ। আপনার সুস্বাস্থ্য কামনা করি।"
96805,"হেলো, ডেইরি, আমি আপনার প্রশ্নটি দেখেছি। আমি আপনার উদ্বেগ বুঝতে পারছি। আপনার হার্নিয়া সার্জারির ইতিহাস রয়েছে এবং এখন অস্ত্রোপচার পরবর্তী সংক্রমণ হয়েছে। আপনি স্ট্রেপ্টোকক্কাল সংক্রমণে ভুগছেন। আপনার স্ট্রেপ্টোকক্কাল সংক্রমণ সাধারণ অ্যান্টিবায়োটিকের প্রতি প্রতিরোধী হতে পারে। আপনার কালচার এবং সেনসিটিভিটি পরীক্ষা করা উচিত। এটি অ্যান্টিবায়োটিক নির্বাচন করতে সাহায্য করবে। আপনার ডাক্তারের সাথে পরামর্শ করুন এবং সেই অনুযায়ী চিকিৎসা নিন। আশা করি আমি আপনার প্রশ্নের উত্তর দিতে পেরেছি, যদি আপনার কোনো সন্দেহ থাকে তবে আমার সাথে bit.ly/ Chat Doctor-এ যোগাযোগ করুন। নাসেনিয়া ডক ব্যবহার করার জন্য ধন্যবাদ। আপনার সুস্বাস্থ্য কামনা করি।"
5228,"হেলো, ডেইরি, আমি আপনার প্রশ্নটি দেখেছি। আমি আপনার উদ্বেগ বুঝতে পারছি। আপনার হার্নিয়া সার্জারির ইতিহাস রয়েছে এবং এখন অস্ত্রোপচার পরবর্তী সংক্রমণ হয়েছে। আপনি স্ট্রেপ্টোকক্কাল সংক্রমণে ভুগছেন। আপনার স্ট্রেপ্টোকক্কাল সংক্রমণ সাধারণ অ্যান্টিবায়োটিকের প্রতি প্রতিরোধী হতে পারে। আপনার কালচার এবং সেনসিটিভিটি পরীক্ষা করা উচিত। এটি অ্যান্টিবায়োটিক নির্বাচন করতে সাহায্য করবে। আপনার ডাক্তারের সাথে পরামর্শ করুন এবং সেই অনুযায়ী চিকিৎসা নিন। আশা করি আমি আপনার প্রশ্নের উত্তর দিতে পেরেছি, যদি আপনার কোনো সন্দেহ থাকে তবে আমার সাথে bit.ly/ Chat Doctor-এ যোগাযোগ করুন। নাসেনিয়া ডক ব্যবহার করার জন্য ধন্যবাদ। আপনার সুস্বাস্থ্য কামনা করি।"
77925,"হেলো, ডেইরি, আমি আপনার প্রশ্নটি দেখেছি। আমি আপনার উদ্বেগ বুঝতে পারছি। আপনার হার্নিয়া সার্জারির ইতিহাস রয়েছে এবং এখন অস্ত্রোপচার পরবর্তী সংক্রমণ হয়েছে। আপনি স্ট্রেপ্টোকক্কাল সংক্রমণে ভুগছেন। আপনার স্ট্রেপ্টোকক্কাল সংক্রমণ সাধারণ অ্যান্টিবায়োটিকের প্রতি প্রতিরোধী হতে পারে। আপনার কালচার এবং সেনসিটিভিটি পরীক্ষা করা উচিত। এটি অ্যান্টিবায়োটিক নির্বাচন করতে সাহায্য করবে। আপনার ডাক্তারের সাথে পরামর্শ করুন এবং সেই অনুযায়ী চিকিৎসা নিন। আশা করি আমি আপনার প্রশ্নের উত্তর দিতে পেরেছি, যদি আপনার কোনো সন্দেহ থাকে তবে আমার সাথে bit.ly/ Chat Doctor-এ যোগাযোগ করুন। নাসেনিয়া ডক ব্যবহার করার জন্য ধন্যবাদ। আপনার সুস্বাস্থ্য কামনা করি।"
8630,"হেলো, ডেইরি, আমি আপনার প্রশ্নটি দেখেছি। আমি আপনার উদ্বেগ বুঝতে পারছি। আপনার হার্নিয়া সার্জারির ইতিহাস রয়েছে এবং এখন অস্ত্রোপচার পরবর্তী সংক্রমণ হয়েছে। আপনি স্ট্রেপ্টোকক্কাল সংক্রমণে ভুগছেন। আপনার স্ট্রেপ্টোকক্কাল সংক্রমণ সাধারণ অ্যান্টিবায়োটিকের প্রতি প্রতিরোধী হতে পারে। আপনার কালচার এবং সেনসিটিভিটি পরীক্ষা করা উচিত। এটি অ্যান্টিবায়োটিক নির্বাচন করতে সাহায্য করবে। আপনার ডাক্তারের সাথে পরামর্শ করুন এবং সেই অনুযায়ী চিকিৎসা নিন। আশা করি আমি আপনার প্রশ্নের উত্তর দিতে পেরেছি, যদি আপনার কোনো সন্দেহ থাকে তবে আমার সাথে bit.ly/ Chat Doctor-এ যোগাযোগ করুন। নাসেনিয়া ডক ব্যবহার করার জন্য ধন্যবাদ। আপনার সুস্বাস্থ্য কামনা করি।"
110656,"হেলো, ডেইরি, আমি আপনার প্রশ্নটি দেখেছি। আমি আপনার উদ্বেগ বুঝতে পারছি। আপনার হার্নিয়া সার্জারির ইতিহাস রয়েছে এবং এখন অস্ত্রোপচার পরবর্তী সংক্রমণ হয়েছে। আপনি স্ট্রেপ্টোকক্কাল সংক্রমণে ভুগছেন। আপনার স্ট্রেপ্টোকক্কাল সংক্রমণ সাধারণ অ্যান্টিবায়োটিকের প্রতি প্রতিরোধী হতে পারে। আপনার কালচার এবং সেনসিটিভিটি পরীক্ষা করা উচিত। এটি অ্যান্টিবায়োটিক নির্বাচন করতে সাহায্য করবে। আপনার ডাক্তারের সাথে পরামর্শ করুন এবং সেই অনুযায়ী চিকিৎসা নিন। আশা করি আমি আপনার প্রশ্নের উত্তর দিতে পেরেছি, যদি আপনার কোনো সন্দেহ থাকে তবে আমার সাথে bit.ly/ Chat Doctor-এ যোগাযোগ করুন। নাসেনিয়া ডক ব্যবহার করার জন্য ধন্যবাদ। আপনার সুস্বাস্থ্য কামনা করি।"
89096,"হেলো, ডেইরি, আমি আপনার প্রশ্নটি দেখেছি। আমি আপনার উদ্বেগ বুঝতে পারছি। আপনার হার্নিয়া সার্জারির ইতিহাস রয়েছে এবং এখন অস্ত্রোপচার পরবর্তী সংক্রমণ হয়েছে। আপনি স্ট্রেপ্টোকক্কাল সংক্রমণে ভুগছেন। আপনার স্ট্রেপ্টোকক্কাল সংক্রমণ সাধারণ অ্যান্টিবায়োটিকের প্রতি প্রতিরোধী হতে পারে। আপনার কালচার এবং সেনসিটিভিটি পরীক্ষা করা উচিত। এটি অ্যান্টিবায়োটিক নির্বাচন করতে সাহায্য করবে। আপনার ডাক্তারের সাথে পরামর্শ করুন এবং সেই অনুযায়ী চিকিৎসা নিন। আশা করি আমি আপনার প্রশ্নের উত্তর দিতে পেরেছি, যদি আপনার কোনো সন্দেহ থাকে তবে আমার সাথে bit.ly/ Chat Doctor-এ যোগাযোগ করুন। নাসেনিয়া ডক ব্যবহার করার জন্য ধন্যবাদ। আপনার সুস্বাস্থ্য কামনা করি।"
86063,"হেলো, ডেইরি, আমি আপনার প্রশ্নটি দেখেছি। আমি আপনার উদ্বেগ বুঝতে পারছি। আপনার হার্নিয়া সার্জারির ইতিহাস রয়েছে এবং এখন অস্ত্রোপচার পরবর্তী সংক্রমণ হয়েছে। আপনি স্ট্রেপ্টোকক্কাল সংক্রমণে ভুগছেন। আপনার স্ট্রেপ্টোকক্কাল সংক্রমণ সাধারণ অ্যান্টিবায়োটিকের প্রতি প্রতিরোধী হতে পারে। আপনার কালচার এবং সেনসিটিভিটি পরীক্ষা করা উচিত। এটি অ্যান্টিবায়োটিক নির্বাচন করতে সাহায্য করবে। আপনার ডাক্তারের সাথে পরামর্শ করুন এবং সেই অনুযায়ী চিকিৎসা নিন। আশা করি আমি আপনার প্রশ্নের উত্তর দিতে পেরেছি, যদি আপনার কোনো সন্দেহ থাকে তবে আমার সাথে bit.ly/ Chat Doctor-এ যোগাযোগ করুন। নাসেনিয়া ডক ব্যবহার করার জন্য ধন্যবাদ। আপনার সুস্বাস্থ্য কামনা করি।"
72464,"হেলো, ডেইরি, আমি আপনার প্রশ্নটি দেখেছি। আমি আপনার উদ্বেগ বুঝতে পারছি। আপনার হার্নিয়া সার্জারির ইতিহাস রয়েছে এবং এখন অস্ত্রোপচার পরবর্তী সংক্রমণ হয়েছে। আপনি স্ট্রেপ্টোকক্কাল সংক্রমণে ভুগছেন। আপনার স্ট্রেপ্টোকক্কাল সংক্রমণ সাধারণ অ্যান্টিবায়োটিকের প্রতি প্রতিরোধী হতে পারে। আপনার কালচার এবং সেনসিটিভিটি পরীক্ষা করা উচিত। এটি অ্যান্টিবায়োটিক নির্বাচন করতে সাহায্য করবে। আপনার ডাক্তারের সাথে পরামর্শ করুন এবং সেই অনুযায়ী চিকিৎসা নিন। আশা করি আমি আপনার প্রশ্নের উত্তর দিতে পেরেছি, যদি আপনার কোনো সন্দেহ থাকে তবে আমার সাথে bit.ly/ Chat Doctor-এ যোগাযোগ করুন। নাসেনিয়া ডক ব্যবহার করার জন্য ধন্যবাদ। আপনার সুস্বাস্থ্য কামনা করি।"
108234,"হেলো, ডেইরি, আমি আপনার প্রশ্নটি দেখেছি। আমি আপনার উদ্বেগ বুঝতে পারছি। আপনার হার্নিয়া সার্জারির ইতিহাস রয়েছে এবং এখন অস্ত্রোপচার পরবর্তী সংক্রমণ হয়েছে। আপনি স্ট্রেপ্টোকক্কাল সংক্রমণে ভুগছেন। আপনার স্ট্রেপ্টোকক্কাল সংক্রমণ সাধারণ অ্যান্টিবায়োটিকের প্রতি প্রতিরোধী হতে পারে। আপনার কালচার এবং সেনসিটিভিটি পরীক্ষা করা উচিত। এটি অ্যান্টিবায়োটিক নির্বাচন করতে সাহায্য করবে। আপনার ডাক্তারের সাথে পরামর্শ করুন এবং সেই অনুযায়ী চিকিৎসা নিন। আশা করি আমি আপনার প্রশ্নের উত্তর দিতে পেরেছি, যদি আপনার কোনো সন্দেহ থাকে তবে আমার সাথে bit.ly/ Chat Doctor-এ যোগাযোগ করুন। নাসেনিয়া ডক ব্যবহার করার জন্য ধন্যবাদ। আপনার সুস্বাস্থ্য কামনা করি।"
81294,"হেলো, ডেইরি, আমি আপনার প্রশ্নটি দেখেছি। আমি আপনার উদ্বেগ বুঝতে পারছি। আপনার হার্নিয়া সার্জারির ইতিহাস রয়েছে এবং এখন অস্ত্রোপচার পরবর্তী সংক্রমণ হয়েছে। আপনি স্ট্রেপ্টোকক্কাল সংক্রমণে ভুগছেন। আপনার স্ট্রেপ্টোকক্কাল সংক্রমণ সাধারণ অ্যান্টিবায়োটিকের প্রতি প্রতিরোধী হতে পারে। আপনার কালচার এবং সেনসিটিভিটি পরীক্ষা করা উচিত। এটি অ্যান্টিবায়োটিক নির্বাচন করতে সাহায্য করবে। আপনার ডাক্তারের সাথে পরামর্শ করুন এবং সেই অনুযায়ী চিকিৎসা নিন। আশা করি আমি আপনার প্রশ্নের উত্তর দিতে পেরেছি, যদি আপনার কোনো সন্দেহ থাকে তবে আমার সাথে bit.ly/ Chat Doctor-এ যোগাযোগ করুন। নাসেনিয়া ডক ব্যবহার করার জন্য ধন্যবাদ। আপনার সুস্বাস্থ্য কামনা করি।"
3245,"হেলো, ডেইরি, আমি আপনার প্রশ্নটি দেখেছি। আমি আপনার উদ্বেগ বুঝতে পারছি। আপনার হার্নিয়া সার্জারির ইতিহাস রয়েছে এবং এখন অস্ত্রোপচার পরবর্তী সংক্রমণ হয়েছে। আপনি স্ট্রেপ্টোকক্কাল সংক্রমণে ভুগছেন। আপনার স্ট্রেপ্টোকক্কাল সংক্রমণ সাধারণ অ্যান্টিবায়োটিকের প্রতি প্রতিরোধী হতে পারে। আপনার কালচার এবং সেনসিটিভিটি পরীক্ষা করা উচিত। এটি অ্যান্টিবায়োটিক নির্বাচন করতে সাহায্য করবে। আপনার ডাক্তারের সাথে পরামর্শ করুন এবং সেই অনুযায়ী চিকিৎসা নিন। আশা করি আমি আপনার প্রশ্নের উত্তর দিতে পেরেছি, যদি আপনার কোনো সন্দেহ থাকে তবে আমার সাথে bit.ly/ Chat Doctor-এ যোগাযোগ করুন। নাসেনিয়া ডক ব্যবহার করার জন্য ধন্যবাদ। আপনার সুস্বাস্থ্য কামনা করি।"
45112,"হেলো, ডেইরি, আমি আপনার প্রশ্নটি দেখেছি। আমি আপনার উদ্বেগ বুঝতে পারছি। আপনার হার্নিয়া সার্জারির ইতিহাস রয়েছে এবং এখন অস্ত্রোপচার পরবর্তী সংক্রমণ হয়েছে। আপনি স্ট্রেপ্টোকক্কাল সংক্রমণে ভুগছেন। আপনার স্ট্রেপ্টোকক্কাল সংক্রমণ সাধারণ অ্যান্টিবায়োটিকের প্রতি প্রতিরোধী হতে পারে। আপনার কালচার এবং সেনসিটিভিটি পরীক্ষা করা উচিত। এটি অ্যান্টিবায়োটিক নির্বাচন করতে সাহায্য করবে। আপনার ডাক্তারের সাথে পরামর্শ করুন এবং সেই অনুযায়ী চিকিৎসা নিন। আশা করি আমি আপনার প্রশ্নের উত্তর দিতে পেরেছি, যদি আপনার কোনো সন্দেহ থাকে তবে আমার সাথে bit.ly/ Chat Doctor-এ যোগাযোগ করুন। নাসেনিয়া ডক ব্যবহার করার জন্য ধন্যবাদ। আপনার সুস্বাস্থ্য কামনা করি।"
111509,"হেলো, ডেইরি, আমি আপনার প্রশ্নটি দেখেছি। আমি আপনার উদ্বেগ বুঝতে পারছি। আপনার হার্নিয়া সার্জারির ইতিহাস রয়েছে এবং এখন অস্ত্রোপচার পরবর্তী সংক্রমণ হয়েছে। আপনি স্ট্রেপ্টোকক্কাল সংক্রমণে ভুগছেন। আপনার স্ট্রেপ্টোকক্কাল সংক্রমণ সাধারণ অ্যান্টিবায়োটিকের প্রতি প্রতিরোধী হতে পারে। আপনার কালচার এবং সেনসিটিভিটি পরীক্ষা করা উচিত। এটি অ্যান্টিবায়োটিক নির্বাচন করতে সাহায্য করবে। আপনার ডাক্তারের সাথে পরামর্শ করুন এবং সেই অনুযায়ী চিকিৎসা নিন। আশা করি আমি আপনার প্রশ্নের উত্তর দিতে পেরেছি, যদি আপনার কোনো সন্দেহ থাকে তবে আমার সাথে bit.ly/ Chat Doctor-এ যোগাযোগ করুন। নাসেনিয়া ডক ব্যবহার করার জন্য ধন্যবাদ। আপনার সুস্বাস্থ্য কামনা করি।"
29633,"হেলো, ডেইরি, আমি আপনার প্রশ্নটি দেখেছি। আমি আপনার উদ্বেগ বুঝতে পারছি। আপনার হার্নিয়া সার্জারির ইতিহাস রয়েছে এবং এখন অস্ত্রোপচার পরবর্তী সংক্রমণ হয়েছে। আপনি স্ট্রেপ্টোকক্কাল সংক্রমণে ভুগছেন। আপনার স্ট্রেপ্টোকক্কাল সংক্রমণ সাধারণ অ্যান্টিবায়োটিকের প্রতি প্রতিরোধী হতে পারে। আপনার কালচার এবং সেনসিটিভিটি পরীক্ষা করা উচিত। এটি অ্যান্টিবায়োটিক নির্বাচন করতে সাহায্য করবে। আপনার ডাক্তারের সাথে পরামর্শ করুন এবং সেই অনুযায়ী চিকিৎসা নিন। আশা করি আমি আপনার প্রশ্নের উত্তর দিতে পেরেছি, যদি আপনার কোনো সন্দেহ থাকে তবে আমার সাথে bit.ly/ Chat Doctor-এ যোগাযোগ করুন। নাসেনিয়া ডক ব্যবহার করার জন্য ধন্যবাদ। আপনার সুস্বাস্থ্য কামনা করি।"
72298,"হেলো, ডেইরি, আমি আপনার প্রশ্নটি দেখেছি। আমি আপনার উদ্বেগ বুঝতে পারছি। আপনার হার্নিয়া সার্জারির ইতিহাস রয়েছে এবং এখন অস্ত্রোপচার পরবর্তী সংক্রমণ হয়েছে। আপনি স্ট্রেপ্টোকক্কাল সংক্রমণে ভুগছেন। আপনার স্ট্রেপ্টোকক্কাল সংক্রমণ সাধারণ অ্যান্টিবায়োটিকের প্রতি প্রতিরোধী হতে পারে। আপনার কালচার এবং সেনসিটিভিটি পরীক্ষা করা উচিত। এটি অ্যান্টিবায়োটিক নির্বাচন করতে সাহায্য করবে। আপনার ডাক্তারের সাথে পরামর্শ করুন এবং সেই অনুযায়ী চিকিৎসা নিন। আশা করি আমি আপনার প্রশ্নের উত্তর দিতে পেরেছি, যদি আপনার কোনো সন্দেহ থাকে তবে আমার সাথে bit.ly/ Chat Doctor-এ যোগাযোগ করুন। নাসেনিয়া ডক ব্যবহার করার জন্য ধন্যবাদ। আপনার সুস্বাস্থ্য কামনা করি।"
26730,"হেলো, ডেইরি, আমি আপনার প্রশ্নটি দেখেছি। আমি আপনার উদ্বেগ বুঝতে পারছি। আপনার হার্নিয়া সার্জারির ইতিহাস রয়েছে এবং এখন অস্ত্রোপচার পরবর্তী সংক্রমণ হয়েছে। আপনি স্ট্রেপ্টোকক্কাল সংক্রমণে ভুগছেন। আপনার স্ট্রেপ্টোকক্কাল সংক্রমণ সাধারণ অ্যান্টিবায়োটিকের প্রতি প্রতিরোধী হতে পারে। আপনার কালচার এবং সেনসিটিভিটি পরীক্ষা করা উচিত। এটি অ্যান্টিবায়োটিক নির্বাচন করতে সাহায্য করবে। আপনার ডাক্তারের সাথে পরামর্শ করুন এবং সেই অনুযায়ী চিকিৎসা নিন। আশা করি আমি আপনার প্রশ্নের উত্তর দিতে পেরেছি, যদি আপনার কোনো সন্দেহ থাকে তবে আমার সাথে bit.ly/ Chat Doctor-এ যোগাযোগ করুন। নাসেনিয়া ডক ব্যবহার করার জন্য ধন্যবাদ। আপনার সুস্বাস্থ্য কামনা করি।"
89112,"হেলো, ডেইরি, আমি আপনার প্রশ্নটি দেখেছি। আমি আপনার উদ্বেগ বুঝতে পারছি। আপনার হার্নিয়া সার্জারির ইতিহাস রয়েছে এবং এখন অস্ত্রোপচার পরবর্তী সংক্রমণ হয়েছে। আপনি স্ট্রেপ্টোকক্কাল সংক্রমণে ভুগছেন। আপনার স্ট্রেপ্টোকক্কাল সংক্রমণ সাধারণ অ্যান্টিবায়োটিকের প্রতি প্রতিরোধী হতে পারে। আপনার কালচার এবং সেনসিটিভিটি পরীক্ষা করা উচিত। এটি অ্যান্টিবায়োটিক নির্বাচন করতে সাহায্য করবে। আপনার ডাক্তারের সাথে পরামর্শ করুন এবং সেই অনুযায়ী চিকিৎসা নিন। আশা করি আমি আপনার প্রশ্নের উত্তর দিতে পেরেছি, যদি আপনার কোনো সন্দেহ থাকে তবে আমার সাথে bit.ly/ Chat Doctor-এ যোগাযোগ করুন। নাসেনিয়া ডক ব্যবহার করার জন্য ধন্যবাদ। আপনার সুস্বাস্থ্য কামনা করি।"
31982,"হেলো, ডেইরি, আমি আপনার প্রশ্নটি দেখেছি। আমি আপনার উদ্বেগ বুঝতে পারছি। আপনার হার্নিয়া সার্জারির ইতিহাস রয়েছে এবং এখন অস্ত্রোপচার পরবর্তী সংক্রমণ হয়েছে। আপনি স্ট্রেপ্টোকক্কাল সংক্রমণে ভুগছেন। আপনার স্ট্রেপ্টোকক্কাল সংক্রমণ সাধারণ অ্যান্টিবায়োটিকের প্রতি প্রতিরোধী হতে পারে। আপনার কালচার এবং সেনসিটিভিটি পরীক্ষা করা উচিত। এটি অ্যান্টিবায়োটিক নির্বাচন করতে সাহায্য করবে। আপনার ডাক্তারের সাথে পরামর্শ করুন এবং সেই অনুযায়ী চিকিৎসা নিন। আশা করি আমি আপনার প্রশ্নের উত্তর দিতে পেরেছি, যদি আপনার কোনো সন্দেহ থাকে তবে আমার সাথে bit.ly/ Chat Doctor-এ যোগাযোগ করুন। নাসেনিয়া ডক ব্যবহার করার জন্য ধন্যবাদ। আপনার সুস্বাস্থ্য কামনা করি।"
59231,"হেলো, ডেইরি, আমি আপনার প্রশ্নটি দেখেছি। আমি আপনার উদ্বেগ বুঝতে পারছি। আপনার হার্নিয়া সার্জারির ইতিহাস রয়েছে এবং এখন অস্ত্রোপচার পরবর্তী সংক্রমণ হয়েছে। আপনি স্ট্রেপ্টোকক্কাল সংক্রমণে ভুগছেন। আপনার স্ট্রেপ্টোকক্কাল সংক্রমণ সাধারণ অ্যান্টিবায়োটিকের প্রতি প্রতিরোধী হতে পারে। আপনার কালচার এবং সেনসিটিভিটি পরীক্ষা করা উচিত। এটি অ্যান্টিবায়োটিক নির্বাচন করতে সাহায্য করবে। আপনার ডাক্তারের সাথে পরামর্শ করুন এবং সেই অনুযায়ী চিকিৎসা নিন। আশা করি আমি আপনার প্রশ্নের উত্তর দিতে পেরেছি, যদি আপনার কোনো সন্দেহ থাকে তবে আমার সাথে bit.ly/ Chat Doctor-এ যোগাযোগ করুন। নাসেনিয়া ডক ব্যবহার করার জন্য ধন্যবাদ। আপনার সুস্বাস্থ্য কামনা করি।"
98674,"হেলো, ডেইরি, আমি আপনার প্রশ্নটি দেখেছি। আমি আপনার উদ্বেগ বুঝতে পারছি। আপনার হার্নিয়া সার্জারির ইতিহাস রয়েছে এবং এখন অস্ত্রোপচার পরবর্তী সংক্রমণ হয়েছে। আপনি স্ট্রেপ্টোকক্কাল সংক্রমণে ভুগছেন। আপনার স্ট্রেপ্টোকক্কাল সংক্রমণ সাধারণ অ্যান্টিবায়োটিকের প্রতি প্রতিরোধী হতে পারে। আপনার কালচার এবং সেনসিটিভিটি পরীক্ষা করা উচিত। এটি অ্যান্টিবায়োটিক নির্বাচন করতে সাহায্য করবে। আপনার ডাক্তারের সাথে পরামর্শ করুন এবং সেই অনুযায়ী চিকিৎসা নিন। আশা করি আমি আপনার প্রশ্নের উত্তর দিতে পেরেছি, যদি আপনার কোনো সন্দেহ থাকে তবে আমার সাথে bit.ly/ Chat Doctor-এ যোগাযোগ করুন। নাসেনিয়া ডক ব্যবহার করার জন্য ধন্যবাদ। আপনার সুস্বাস্থ্য কামনা করি।"
93487,"হেলো, ডেইরি, আমি আপনার প্রশ্নটি দেখেছি। আমি আপনার উদ্বেগ বুঝতে পারছি। আপনার হার্নিয়া সার্জারির ইতিহাস রয়েছে এবং এখন অস্ত্রোপচার পরবর্তী সংক্রমণ হয়েছে। আপনি স্ট্রেপ্টোকক্কাল সংক্রমণে ভুগছেন। আপনার স্ট্রেপ্টোকক্কাল সংক্রমণ সাধারণ অ্যান্টিবায়োটিকের প্রতি প্রতিরোধী হতে পারে। আপনার কালচার এবং সেনসিটিভিটি পরীক্ষা করা উচিত। এটি অ্যান্টিবায়োটিক নির্বাচন করতে সাহায্য করবে। আপনার ডাক্তারের সাথে পরামর্শ করুন এবং সেই অনুযায়ী চিকিৎসা নিন। আশা করি আমি আপনার প্রশ্নের উত্তর দিতে পেরেছি, যদি আপনার কোনো সন্দেহ থাকে তবে আমার সাথে bit.ly/ Chat Doctor-এ যোগাযোগ করুন। নাসেনিয়া ডক ব্যবহার করার জন্য ধন্যবাদ। আপনার সুস্বাস্থ্য কামনা করি।"
79574,"হেলো, ডেইরি, আমি আপনার প্রশ্নটি দেখেছি। আমি আপনার উদ্বেগ বুঝতে পারছি। আপনার হার্নিয়া সার্জারির ইতিহাস রয়েছে এবং এখন অস্ত্রোপচার পরবর্তী সংক্রমণ হয়েছে। আপনি স্ট্রেপ্টোকক্কাল সংক্রমণে ভুগছেন। আপনার স্ট্রেপ্টোকক্কাল সংক্রমণ সাধারণ অ্যান্টিবায়োটিকের প্রতি প্রতিরোধী হতে পারে। আপনার কালচার এবং সেনসিটিভিটি পরীক্ষা করা উচিত। এটি অ্যান্টিবায়োটিক নির্বাচন করতে সাহায্য করবে। আপনার ডাক্তারের সাথে পরামর্শ করুন এবং সেই অনুযায়ী চিকিৎসা নিন। আশা করি আমি আপনার প্রশ্নের উত্তর দিতে পেরেছি, যদি আপনার কোনো সন্দেহ থাকে তবে আমার সাথে bit.ly/ Chat Doctor-এ যোগাযোগ করুন। নাসেনিয়া ডক ব্যবহার করার জন্য ধন্যবাদ। আপনার সুস্বাস্থ্য কামনা করি।"
49072,"হেলো, ডেইরি, আমি আপনার প্রশ্নটি দেখেছি। আমি আপনার উদ্বেগ বুঝতে পারছি। আপনার হার্নিয়া সার্জারির ইতিহাস রয়েছে এবং এখন অস্ত্রোপচার পরবর্তী সংক্রমণ হয়েছে। আপনি স্ট্রেপ্টোকক্কাল সংক্রমণে ভুগছেন। আপনার স্ট্রেপ্টোকক্কাল সংক্রমণ সাধারণ অ্যান্টিবায়োটিকের প্রতি প্রতিরোধী হতে পারে। আপনার কালচার এবং সেনসিটিভিটি পরীক্ষা করা উচিত। এটি অ্যান্টিবায়োটিক নির্বাচন করতে সাহায্য করবে। আপনার ডাক্তারের সাথে পরামর্শ করুন এবং সেই অনুযায়ী চিকিৎসা নিন। আশা করি আমি আপনার প্রশ্নের উত্তর দিতে পেরেছি, যদি আপনার কোনো সন্দেহ থাকে তবে আমার সাথে bit.ly/ Chat Doctor-এ যোগাযোগ করুন। নাসেনিয়া ডক ব্যবহার করার জন্য ধন্যবাদ। আপনার সুস্বাস্থ্য কামনা করি।"
69076,"হেলো, ডেইরি, আমি আপনার প্রশ্নটি দেখেছি। আমি আপনার উদ্বেগ বুঝতে পারছি। আপনার হার্নিয়া সার্জারির ইতিহাস রয়েছে এবং এখন অস্ত্রোপচার পরবর্তী সংক্রমণ হয়েছে। আপনি স্ট্রেপ্টোকক্কাল সংক্রমণে ভুগছেন। আপনার স্ট্রেপ্টোকক্কাল সংক্রমণ সাধারণ অ্যান্টিবায়োটিকের প্রতি প্রতিরোধী হতে পারে। আপনার কালচার এবং সেনসিটিভিটি পরীক্ষা করা উচিত। এটি অ্যান্টিবায়োটিক নির্বাচন করতে সাহায্য করবে। আপনার ডাক্তারের সাথে পরামর্শ করুন এবং সেই অনুযায়ী চিকিৎসা নিন। আশা করি আমি আপনার প্রশ্নের উত্তর দিতে পেরেছি, যদি আপনার কোনো সন্দেহ থাকে তবে আমার সাথে bit.ly/ Chat Doctor-এ যোগাযোগ করুন। নাসেনিয়া ডক ব্যবহার করার জন্য ধন্যবাদ। আপনার সুস্বাস্থ্য কামনা করি।"
69209,"হেলো, ডেইরি, আমি আপনার প্রশ্নটি দেখেছি। আমি আপনার উদ্বেগ বুঝতে পারছি। আপনার হার্নিয়া সার্জারির ইতিহাস রয়েছে এবং এখন অস্ত্রোপচার পরবর্তী সংক্রমণ হয়েছে। আপনি স্ট্রেপ্টোকক্কাল সংক্রমণে ভুগছেন। আপনার স্ট্রেপ্টোকক্কাল সংক্রমণ সাধারণ অ্যান্টিবায়োটিকের প্রতি প্রতিরোধী হতে পারে। আপনার কালচার এবং সেনসিটিভিটি পরীক্ষা করা উচিত। এটি অ্যান্টিবায়োটিক নির্বাচন করতে সাহায্য করবে। আপনার ডাক্তারের সাথে পরামর্শ করুন এবং সেই অনুযায়ী চিকিৎসা নিন। আশা করি আমি আপনার প্রশ্নের উত্তর দিতে পেরেছি, যদি আপনার কোনো সন্দেহ থাকে তবে আমার সাথে bit.ly/ Chat Doctor-এ যোগাযোগ করুন। নাসেনিয়া ডক ব্যবহার করার জন্য ধন্যবাদ। আপনার সুস্বাস্থ্য কামনা করি।"
21078,"হেলো, ডেইরি, আমি আপনার প্রশ্নটি দেখেছি। আমি আপনার উদ্বেগ বুঝতে পারছি। আপনার হার্নিয়া সার্জারির ইতিহাস রয়েছে এবং এখন অস্ত্রোপচার পরবর্তী সংক্রমণ হয়েছে। আপনি স্ট্রেপ্টোকক্কাল সংক্রমণে ভুগছেন। আপনার স্ট্রেপ্টোকক্কাল সংক্রমণ সাধারণ অ্যান্টিবায়োটিকের প্রতি প্রতিরোধী হতে পারে। আপনার কালচার এবং সেনসিটিভিটি পরীক্ষা করা উচিত। এটি অ্যান্টিবায়োটিক নির্বাচন করতে সাহায্য করবে। আপনার ডাক্তারের সাথে পরামর্শ করুন এবং সেই অনুযায়ী চিকিৎসা নিন। আশা করি আমি আপনার প্রশ্নের উত্তর দিতে পেরেছি, যদি আপনার কোনো সন্দেহ থাকে তবে আমার সাথে bit.ly/ Chat Doctor-এ যোগাযোগ করুন। নাসেনিয়া ডক ব্যবহার করার জন্য ধন্যবাদ। আপনার সুস্বাস্থ্য কামনা করি।"
3825,"হেলো, ডেইরি, আমি আপনার প্রশ্নটি দেখেছি। আমি আপনার উদ্বেগ বুঝতে পারছি। আপনার হার্নিয়া সার্জারির ইতিহাস রয়েছে এবং এখন অস্ত্রোপচার পরবর্তী সংক্রমণ হয়েছে। আপনি স্ট্রেপ্টোকক্কাল সংক্রমণে ভুগছেন। আপনার স্ট্রেপ্টোকক্কাল সংক্রমণ সাধারণ অ্যান্টিবায়োটিকের প্রতি প্রতিরোধী হতে পারে। আপনার কালচার এবং সেনসিটিভিটি পরীক্ষা করা উচিত। এটি অ্যান্টিবায়োটিক নির্বাচন করতে সাহায্য করবে। আপনার ডাক্তারের সাথে পরামর্শ করুন এবং সেই অনুযায়ী চিকিৎসা নিন। আশা করি আমি আপনার প্রশ্নের উত্তর দিতে পেরেছি, যদি আপনার কোনো সন্দেহ থাকে তবে আমার সাথে bit.ly/ Chat Doctor-এ যোগাযোগ করুন। নাসেনিয়া ডক ব্যবহার করার জন্য ধন্যবাদ। আপনার সুস্বাস্থ্য কামনা করি।"
74561,"হেলো, ডেইরি, আমি আপনার প্রশ্নটি দেখেছি। আমি আপনার উদ্বেগ বুঝতে পারছি। আপনার হার্নিয়া সার্জারির ইতিহাস রয়েছে এবং এখন অস্ত্রোপচার পরবর্তী সংক্রমণ হয়েছে। আপনি স্ট্রেপ্টোকক্কাল সংক্রমণে ভুগছেন। আপনার স্ট্রেপ্টোকক্কাল সংক্রমণ সাধারণ অ্যান্টিবায়োটিকের প্রতি প্রতিরোধী হতে পারে। আপনার কালচার এবং সেনসিটিভিটি পরীক্ষা করা উচিত। এটি অ্যান্টিবায়োটিক নির্বাচন করতে সাহায্য করবে। আপনার ডাক্তারের সাথে পরামর্শ করুন এবং সেই অনুযায়ী চিকিৎসা নিন। আশা করি আমি আপনার প্রশ্নের উত্তর দিতে পেরেছি, যদি আপনার কোনো সন্দেহ থাকে তবে আমার সাথে bit.ly/ Chat Doctor-এ যোগাযোগ করুন। নাসেনিয়া ডক ব্যবহার করার জন্য ধন্যবাদ। আপনার সুস্বাস্থ্য কামনা করি।"
28647,"হেলো, ডেইরি, আমি আপনার প্রশ্নটি দেখেছি। আমি আপনার উদ্বেগ বুঝতে পারছি। আপনার হার্নিয়া সার্জারির ইতিহাস রয়েছে এবং এখন অস্ত্রোপচার পরবর্তী সংক্রমণ হয়েছে। আপনি স্ট্রেপ্টোকক্কাল সংক্রমণে ভুগছেন। আপনার স্ট্রেপ্টোকক্কাল সংক্রমণ সাধারণ অ্যান্টিবায়োটিকের প্রতি প্রতিরোধী হতে পারে। আপনার কালচার এবং সেনসিটিভিটি পরীক্ষা করা উচিত। এটি অ্যান্টিবায়োটিক নির্বাচন করতে সাহায্য করবে। আপনার ডাক্তারের সাথে পরামর্শ করুন এবং সেই অনুযায়ী চিকিৎসা নিন। আশা করি আমি আপনার প্রশ্নের উত্তর দিতে পেরেছি, যদি আপনার কোনো সন্দেহ থাকে তবে আমার সাথে bit.ly/ Chat Doctor-এ যোগাযোগ করুন। নাসেনিয়া ডক ব্যবহার করার জন্য ধন্যবাদ। আপনার সুস্বাস্থ্য কামনা করি।"
102625,"হেলো, ডেইরি, আমি আপনার প্রশ্নটি দেখেছি। আমি আপনার উদ্বেগ বুঝতে পারছি। আপনার হার্নিয়া সার্জারির ইতিহাস রয়েছে এবং এখন অস্ত্রোপচার পরবর্তী সংক্রমণ হয়েছে। আপনি স্ট্রেপ্টোকক্কাল সংক্রমণে ভুগছেন। আপনার স্ট্রেপ্টোকক্কাল সংক্রমণ সাধারণ অ্যান্টিবায়োটিকের প্রতি প্রতিরোধী হতে পারে। আপনার কালচার এবং সেনসিটিভিটি পরীক্ষা করা উচিত। এটি অ্যান্টিবায়োটিক নির্বাচন করতে সাহায্য করবে। আপনার ডাক্তারের সাথে পরামর্শ করুন এবং সেই অনুযায়ী চিকিৎসা নিন। আশা করি আমি আপনার প্রশ্নের উত্তর দিতে পেরেছি, যদি আপনার কোনো সন্দেহ থাকে তবে আমার সাথে bit.ly/ Chat Doctor-এ যোগাযোগ করুন। নাসেনিয়া ডক ব্যবহার করার জন্য ধন্যবাদ। আপনার সুস্বাস্থ্য কামনা করি।"
35686,"হেলো, ডেইরি, আমি আপনার প্রশ্নটি দেখেছি। আমি আপনার উদ্বেগ বুঝতে পারছি। আপনার হার্নিয়া সার্জারির ইতিহাস রয়েছে এবং এখন অস্ত্রোপচার পরবর্তী সংক্রমণ হয়েছে। আপনি স্ট্রেপ্টোকক্কাল সংক্রমণে ভুগছেন। আপনার স্ট্রেপ্টোকক্কাল সংক্রমণ সাধারণ অ্যান্টিবায়োটিকের প্রতি প্রতিরোধী হতে পারে। আপনার কালচার এবং সেনসিটিভিটি পরীক্ষা করা উচিত। এটি অ্যান্টিবায়োটিক নির্বাচন করতে সাহায্য করবে। আপনার ডাক্তারের সাথে পরামর্শ করুন এবং সেই অনুযায়ী চিকিৎসা নিন। আশা করি আমি আপনার প্রশ্নের উত্তর দিতে পেরেছি, যদি আপনার কোনো সন্দেহ থাকে তবে আমার সাথে bit.ly/ Chat Doctor-এ যোগাযোগ করুন। নাসেনিয়া ডক ব্যবহার করার জন্য ধন্যবাদ। আপনার সুস্বাস্থ্য কামনা করি।"
5556,"হেলো, ডেইরি, আমি আপনার প্রশ্নটি দেখেছি। আমি আপনার উদ্বেগ বুঝতে পারছি। আপনার হার্নিয়া সার্জারির ইতিহাস রয়েছে এবং এখন অস্ত্রোপচার পরবর্তী সংক্রমণ হয়েছে। আপনি স্ট্রেপ্টোকক্কাল সংক্রমণে ভুগছেন। আপনার স্ট্রেপ্টোকক্কাল সংক্রমণ সাধারণ অ্যান্টিবায়োটিকের প্রতি প্রতিরোধী হতে পারে। আপনার কালচার এবং সেনসিটিভিটি পরীক্ষা করা উচিত। এটি অ্যান্টিবায়োটিক নির্বাচন করতে সাহায্য করবে। আপনার ডাক্তারের সাথে পরামর্শ করুন এবং সেই অনুযায়ী চিকিৎসা নিন। আশা করি আমি আপনার প্রশ্নের উত্তর দিতে পেরেছি, যদি আপনার কোনো সন্দেহ থাকে তবে আমার সাথে bit.ly/ Chat Doctor-এ যোগাযোগ করুন। নাসেনিয়া ডক ব্যবহার করার জন্য ধন্যবাদ। আপনার সুস্বাস্থ্য কামনা করি।"
49380,"হেলো, ডেইরি, আমি আপনার প্রশ্নটি দেখেছি। আমি আপনার উদ্বেগ বুঝতে পারছি। আপনার হার্নিয়া সার্জারির ইতিহাস রয়েছে এবং এখন অস্ত্রোপচার পরবর্তী সংক্রমণ হয়েছে। আপনি স্ট্রেপ্টোকক্কাল সংক্রমণে ভুগছেন। আপনার স্ট্রেপ্টোকক্কাল সংক্রমণ সাধারণ অ্যান্টিবায়োটিকের প্রতি প্রতিরোধী হতে পারে। আপনার কালচার এবং সেনসিটিভিটি পরীক্ষা করা উচিত। এটি অ্যান্টিবায়োটিক নির্বাচন করতে সাহায্য করবে। আপনার ডাক্তারের সাথে পরামর্শ করুন এবং সেই অনুযায়ী চিকিৎসা নিন। আশা করি আমি আপনার প্রশ্নের উত্তর দিতে পেরেছি, যদি আপনার কোনো সন্দেহ থাকে তবে আমার সাথে bit.ly/ Chat Doctor-এ যোগাযোগ করুন। নাসেনিয়া ডক ব্যবহার করার জন্য ধন্যবাদ। আপনার সুস্বাস্থ্য কামনা করি।"
46732,"হেলো, ডেইরি, আমি আপনার প্রশ্নটি দেখেছি। আমি আপনার উদ্বেগ বুঝতে পারছি। আপনার হার্নিয়া সার্জারির ইতিহাস রয়েছে এবং এখন অস্ত্রোপচার পরবর্তী সংক্রমণ হয়েছে। আপনি স্ট্রেপ্টোকক্কাল সংক্রমণে ভুগছেন। আপনার স্ট্রেপ্টোকক্কাল সংক্রমণ সাধারণ অ্যান্টিবায়োটিকের প্রতি প্রতিরোধী হতে পারে। আপনার কালচার এবং সেনসিটিভিটি পরীক্ষা করা উচিত। এটি অ্যান্টিবায়োটিক নির্বাচন করতে সাহায্য করবে। আপনার ডাক্তারের সাথে পরামর্শ করুন এবং সেই অনুযায়ী চিকিৎসা নিন। আশা করি আমি আপনার প্রশ্নের উত্তর দিতে পেরেছি, যদি আপনার কোনো সন্দেহ থাকে তবে আমার সাথে bit.ly/ Chat Doctor-এ যোগাযোগ করুন। নাসেনিয়া ডক ব্যবহার করার জন্য ধন্যবাদ। আপনার সুস্বাস্থ্য কামনা করি।"
91071,"হেলো, ডেইরি, আমি আপনার প্রশ্নটি দেখেছি। আমি আপনার উদ্বেগ বুঝতে পারছি। আপনার হার্নিয়া সার্জারির ইতিহাস রয়েছে এবং এখন অস্ত্রোপচার পরবর্তী সংক্রমণ হয়েছে। আপনি স্ট্রেপ্টোকক্কাল সংক্রমণে ভুগছেন। আপনার স্ট্রেপ্টোকক্কাল সংক্রমণ সাধারণ অ্যান্টিবায়োটিকের প্রতি প্রতিরোধী হতে পারে। আপনার কালচার এবং সেনসিটিভিটি পরীক্ষা করা উচিত। এটি অ্যান্টিবায়োটিক নির্বাচন করতে সাহায্য করবে। আপনার ডাক্তারের সাথে পরামর্শ করুন এবং সেই অনুযায়ী চিকিৎসা নিন। আশা করি আমি আপনার প্রশ্নের উত্তর দিতে পেরেছি, যদি আপনার কোনো সন্দেহ থাকে তবে আমার সাথে bit.ly/ Chat Doctor-এ যোগাযোগ করুন। নাসেনিয়া ডক ব্যবহার করার জন্য ধন্যবাদ। আপনার সুস্বাস্থ্য কামনা করি।"
82285,"হেলো, ডেইরি, আমি আপনার প্রশ্নটি দেখেছি। আমি আপনার উদ্বেগ বুঝতে পারছি। আপনার হার্নিয়া সার্জারির ইতিহাস রয়েছে এবং এখন অস্ত্রোপচার পরবর্তী সংক্রমণ হয়েছে। আপনি স্ট্রেপ্টোকক্কাল সংক্রমণে ভুগছেন। আপনার স্ট্রেপ্টোকক্কাল সংক্রমণ সাধারণ অ্যান্টিবায়োটিকের প্রতি প্রতিরোধী হতে পারে। আপনার কালচার এবং সেনসিটিভিটি পরীক্ষা করা উচিত। এটি অ্যান্টিবায়োটিক নির্বাচন করতে সাহায্য করবে। আপনার ডাক্তারের সাথে পরামর্শ করুন এবং সেই অনুযায়ী চিকিৎসা নিন। আশা করি আমি আপনার প্রশ্নের উত্তর দিতে পেরেছি, যদি আপনার কোনো সন্দেহ থাকে তবে আমার সাথে bit.ly/ Chat Doctor-এ যোগাযোগ করুন। নাসেনিয়া ডক ব্যবহার করার জন্য ধন্যবাদ। আপনার সুস্বাস্থ্য কামনা করি।"
35842,"হেলো, ডেইরি, আমি আপনার প্রশ্নটি দেখেছি। আমি আপনার উদ্বেগ বুঝতে পারছি। আপনার হার্নিয়া সার্জারির ইতিহাস রয়েছে এবং এখন অস্ত্রোপচার পরবর্তী সংক্রমণ হয়েছে। আপনি স্ট্রেপ্টোকক্কাল সংক্রমণে ভুগছেন। আপনার স্ট্রেপ্টোকক্কাল সংক্রমণ সাধারণ অ্যান্টিবায়োটিকের প্রতি প্রতিরোধী হতে পারে। আপনার কালচার এবং সেনসিটিভিটি পরীক্ষা করা উচিত। এটি অ্যান্টিবায়োটিক নির্বাচন করতে সাহায্য করবে। আপনার ডাক্তারের সাথে পরামর্শ করুন এবং সেই অনুযায়ী চিকিৎসা নিন। আশা করি আমি আপনার প্রশ্নের উত্তর দিতে পেরেছি, যদি আপনার কোনো সন্দেহ থাকে তবে আমার সাথে bit.ly/ Chat Doctor-এ যোগাযোগ করুন। নাসেনিয়া ডক ব্যবহার করার জন্য ধন্যবাদ। আপনার সুস্বাস্থ্য কামনা করি।"
42730,"হেলো, ডেইরি, আমি আপনার প্রশ্নটি দেখেছি। আমি আপনার উদ্বেগ বুঝতে পারছি। আপনার হার্নিয়া সার্জারির ইতিহাস রয়েছে এবং এখন অস্ত্রোপচার পরবর্তী সংক্রমণ হয়েছে। আপনি স্ট্রেপ্টোকক্কাল সংক্রমণে ভুগছেন। আপনার স্ট্রেপ্টোকক্কাল সংক্রমণ সাধারণ অ্যান্টিবায়োটিকের প্রতি প্রতিরোধী হতে পারে। আপনার কালচার এবং সেনসিটিভিটি পরীক্ষা করা উচিত। এটি অ্যান্টিবায়োটিক নির্বাচন করতে সাহায্য করবে। আপনার ডাক্তারের সাথে পরামর্শ করুন এবং সেই অনুযায়ী চিকিৎসা নিন। আশা করি আমি আপনার প্রশ্নের উত্তর দিতে পেরেছি, যদি আপনার কোনো সন্দেহ থাকে তবে আমার সাথে bit.ly/ Chat Doctor-এ যোগাযোগ করুন। নাসেনিয়া ডক ব্যবহার করার জন্য ধন্যবাদ। আপনার সুস্বাস্থ্য কামনা করি।"
43888,"হেলো, ডেইরি, আমি আপনার প্রশ্নটি দেখেছি। আমি আপনার উদ্বেগ বুঝতে পারছি। আপনার হার্নিয়া সার্জারির ইতিহাস রয়েছে এবং এখন অস্ত্রোপচার পরবর্তী সংক্রমণ হয়েছে। আপনি স্ট্রেপ্টোকক্কাল সংক্রমণে ভুগছেন। আপনার স্ট্রেপ্টোকক্কাল সংক্রমণ সাধারণ অ্যান্টিবায়োটিকের প্রতি প্রতিরোধী হতে পারে। আপনার কালচার এবং সেনসিটিভিটি পরীক্ষা করা উচিত। এটি অ্যান্টিবায়োটিক নির্বাচন করতে সাহায্য করবে। আপনার ডাক্তারের সাথে পরামর্শ করুন এবং সেই অনুযায়ী চিকিৎসা নিন। আশা করি আমি আপনার প্রশ্নের উত্তর দিতে পেরেছি, যদি আপনার কোনো সন্দেহ থাকে তবে আমার সাথে bit.ly/ Chat Doctor-এ যোগাযোগ করুন। নাসেনিয়া ডক ব্যবহার করার জন্য ধন্যবাদ। আপনার সুস্বাস্থ্য কামনা করি।"
27843,"হেলো, ডেইরি, আমি আপনার প্রশ্নটি দেখেছি। আমি আপনার উদ্বেগ বুঝতে পারছি। আপনার হার্নিয়া সার্জারির ইতিহাস রয়েছে এবং এখন অস্ত্রোপচার পরবর্তী সংক্রমণ হয়েছে। আপনি স্ট্রেপ্টোকক্কাল সংক্রমণে ভুগছেন। আপনার স্ট্রেপ্টোকক্কাল সংক্রমণ সাধারণ অ্যান্টিবায়োটিকের প্রতি প্রতিরোধী হতে পারে। আপনার কালচার এবং সেনসিটিভিটি পরীক্ষা করা উচিত। এটি অ্যান্টিবায়োটিক নির্বাচন করতে সাহায্য করবে। আপনার ডাক্তারের সাথে পরামর্শ করুন এবং সেই অনুযায়ী চিকিৎসা নিন। আশা করি আমি আপনার প্রশ্নের উত্তর দিতে পেরেছি, যদি আপনার কোনো সন্দেহ থাকে তবে আমার সাথে bit.ly/ Chat Doctor-এ যোগাযোগ করুন। নাসেনিয়া ডক ব্যবহার করার জন্য ধন্যবাদ। আপনার সুস্বাস্থ্য কামনা করি।"
43600,"হেলো, ডেইরি, আমি আপনার প্রশ্নটি দেখেছি। আমি আপনার উদ্বেগ বুঝতে পারছি। আপনার হার্নিয়া সার্জারির ইতিহাস রয়েছে এবং এখন অস্ত্রোপচার পরবর্তী সংক্রমণ হয়েছে। আপনি স্ট্রেপ্টোকক্কাল সংক্রমণে ভুগছেন। আপনার স্ট্রেপ্টোকক্কাল সংক্রমণ সাধারণ অ্যান্টিবায়োটিকের প্রতি প্রতিরোধী হতে পারে। আপনার কালচার এবং সেনসিটিভিটি পরীক্ষা করা উচিত। এটি অ্যান্টিবায়োটিক নির্বাচন করতে সাহায্য করবে। আপনার ডাক্তারের সাথে পরামর্শ করুন এবং সেই অনুযায়ী চিকিৎসা নিন। আশা করি আমি আপনার প্রশ্নের উত্তর দিতে পেরেছি, যদি আপনার কোনো সন্দেহ থাকে তবে আমার সাথে bit.ly/ Chat Doctor-এ যোগাযোগ করুন। নাসেনিয়া ডক ব্যবহার করার জন্য ধন্যবাদ। আপনার সুস্বাস্থ্য কামনা করি।"
104256,"হেলো, ডেইরি, আমি আপনার প্রশ্নটি দেখেছি। আমি আপনার উদ্বেগ বুঝতে পারছি। আপনার হার্নিয়া সার্জারির ইতিহাস রয়েছে এবং এখন অস্ত্রোপচার পরবর্তী সংক্রমণ হয়েছে। আপনি স্ট্রেপ্টোকক্কাল সংক্রমণে ভুগছেন। আপনার স্ট্রেপ্টোকক্কাল সংক্রমণ সাধারণ অ্যান্টিবায়োটিকের প্রতি প্রতিরোধী হতে পারে। আপনার কালচার এবং সেনসিটিভিটি পরীক্ষা করা উচিত। এটি অ্যান্টিবায়োটিক নির্বাচন করতে সাহায্য করবে। আপনার ডাক্তারের সাথে পরামর্শ করুন এবং সেই অনুযায়ী চিকিৎসা নিন। আশা করি আমি আপনার প্রশ্নের উত্তর দিতে পেরেছি, যদি আপনার কোনো সন্দেহ থাকে তবে আমার সাথে bit.ly/ Chat Doctor-এ যোগাযোগ করুন। নাসেনিয়া ডক ব্যবহার করার জন্য ধন্যবাদ। আপনার সুস্বাস্থ্য কামনা করি।"
68773,"হেলো, ডেইরি, আমি আপনার প্রশ্নটি দেখেছি। আমি আপনার উদ্বেগ বুঝতে পারছি। আপনার হার্নিয়া সার্জারির ইতিহাস রয়েছে এবং এখন অস্ত্রোপচার পরবর্তী সংক্রমণ হয়েছে। আপনি স্ট্রেপ্টোকক্কাল সংক্রমণে ভুগছেন। আপনার স্ট্রেপ্টোকক্কাল সংক্রমণ সাধারণ অ্যান্টিবায়োটিকের প্রতি প্রতিরোধী হতে পারে। আপনার কালচার এবং সেনসিটিভিটি পরীক্ষা করা উচিত। এটি অ্যান্টিবায়োটিক নির্বাচন করতে সাহায্য করবে। আপনার ডাক্তারের সাথে পরামর্শ করুন এবং সেই অনুযায়ী চিকিৎসা নিন। আশা করি আমি আপনার প্রশ্নের উত্তর দিতে পেরেছি, যদি আপনার কোনো সন্দেহ থাকে তবে আমার সাথে bit.ly/ Chat Doctor-এ যোগাযোগ করুন। নাসেনিয়া ডক ব্যবহার করার জন্য ধন্যবাদ। আপনার সুস্বাস্থ্য কামনা করি।"
3419,"হেলো, ডেইরি, আমি আপনার প্রশ্নটি দেখেছি। আমি আপনার উদ্বেগ বুঝতে পারছি। আপনার হার্নিয়া সার্জারির ইতিহাস রয়েছে এবং এখন অস্ত্রোপচার পরবর্তী সংক্রমণ হয়েছে। আপনি স্ট্রেপ্টোকক্কাল সংক্রমণে ভুগছেন। আপনার স্ট্রেপ্টোকক্কাল সংক্রমণ সাধারণ অ্যান্টিবায়োটিকের প্রতি প্রতিরোধী হতে পারে। আপনার কালচার এবং সেনসিটিভিটি পরীক্ষা করা উচিত। এটি অ্যান্টিবায়োটিক নির্বাচন করতে সাহায্য করবে। আপনার ডাক্তারের সাথে পরামর্শ করুন এবং সেই অনুযায়ী চিকিৎসা নিন। আশা করি আমি আপনার প্রশ্নের উত্তর দিতে পেরেছি, যদি আপনার কোনো সন্দেহ থাকে তবে আমার সাথে bit.ly/ Chat Doctor-এ যোগাযোগ করুন। নাসেনিয়া ডক ব্যবহার করার জন্য ধন্যবাদ। আপনার সুস্বাস্থ্য কামনা করি।"
31978,"হেলো, ডেইরি, আমি আপনার প্রশ্নটি দেখেছি। আমি আপনার উদ্বেগ বুঝতে পারছি। আপনার হার্নিয়া সার্জারির ইতিহাস রয়েছে এবং এখন অস্ত্রোপচার পরবর্তী সংক্রমণ হয়েছে। আপনি স্ট্রেপ্টোকক্কাল সংক্রমণে ভুগছেন। আপনার স্ট্রেপ্টোকক্কাল সংক্রমণ সাধারণ অ্যান্টিবায়োটিকের প্রতি প্রতিরোধী হতে পারে। আপনার কালচার এবং সেনসিটিভিটি পরীক্ষা করা উচিত। এটি অ্যান্টিবায়োটিক নির্বাচন করতে সাহায্য করবে। আপনার ডাক্তারের সাথে পরামর্শ করুন এবং সেই অনুযায়ী চিকিৎসা নিন। আশা করি আমি আপনার প্রশ্নের উত্তর দিতে পেরেছি, যদি আপনার কোনো সন্দেহ থাকে তবে আমার সাথে bit.ly/ Chat Doctor-এ যোগাযোগ করুন। নাসেনিয়া ডক ব্যবহার করার জন্য ধন্যবাদ। আপনার সুস্বাস্থ্য কামনা করি।"
84226,"হেলো, ডেইরি, আমি আপনার প্রশ্নটি দেখেছি। আমি আপনার উদ্বেগ বুঝতে পারছি। আপনার হার্নিয়া সার্জারির ইতিহাস রয়েছে এবং এখন অস্ত্রোপচার পরবর্তী সংক্রমণ হয়েছে। আপনি স্ট্রেপ্টোকক্কাল সংক্রমণে ভুগছেন। আপনার স্ট্রেপ্টোকক্কাল সংক্রমণ সাধারণ অ্যান্টিবায়োটিকের প্রতি প্রতিরোধী হতে পারে। আপনার কালচার এবং সেনসিটিভিটি পরীক্ষা করা উচিত। এটি অ্যান্টিবায়োটিক নির্বাচন করতে সাহায্য করবে। আপনার ডাক্তারের সাথে পরামর্শ করুন এবং সেই অনুযায়ী চিকিৎসা নিন। আশা করি আমি আপনার প্রশ্নের উত্তর দিতে পেরেছি, যদি আপনার কোনো সন্দেহ থাকে তবে আমার সাথে bit.ly/ Chat Doctor-এ যোগাযোগ করুন। নাসেনিয়া ডক ব্যবহার করার জন্য ধন্যবাদ। আপনার সুস্বাস্থ্য কামনা করি।"
13730,"হেলো, ডেইরি, আমি আপনার প্রশ্নটি দেখেছি। আমি আপনার উদ্বেগ বুঝতে পারছি। আপনার হার্নিয়া সার্জারির ইতিহাস রয়েছে এবং এখন অস্ত্রোপচার পরবর্তী সংক্রমণ হয়েছে। আপনি স্ট্রেপ্টোকক্কাল সংক্রমণে ভুগছেন। আপনার স্ট্রেপ্টোকক্কাল সংক্রমণ সাধারণ অ্যান্টিবায়োটিকের প্রতি প্রতিরোধী হতে পারে। আপনার কালচার এবং সেনসিটিভিটি পরীক্ষা করা উচিত। এটি অ্যান্টিবায়োটিক নির্বাচন করতে সাহায্য করবে। আপনার ডাক্তারের সাথে পরামর্শ করুন এবং সেই অনুযায়ী চিকিৎসা নিন। আশা করি আমি আপনার প্রশ্নের উত্তর দিতে পেরেছি, যদি আপনার কোনো সন্দেহ থাকে তবে আমার সাথে bit.ly/ Chat Doctor-এ যোগাযোগ করুন। নাসেনিয়া ডক ব্যবহার করার জন্য ধন্যবাদ। আপনার সুস্বাস্থ্য কামনা করি।"
12549,"হেলো, ডেইরি, আমি আপনার প্রশ্নটি দেখেছি। আমি আপনার উদ্বেগ বুঝতে পারছি। আপনার হার্নিয়া সার্জারির ইতিহাস রয়েছে এবং এখন অস্ত্রোপচার পরবর্তী সংক্রমণ হয়েছে। আপনি স্ট্রেপ্টোকক্কাল সংক্রমণে ভুগছেন। আপনার স্ট্রেপ্টোকক্কাল সংক্রমণ সাধারণ অ্যান্টিবায়োটিকের প্রতি প্রতিরোধী হতে পারে। আপনার কালচার এবং সেনসিটিভিটি পরীক্ষা করা উচিত। এটি অ্যান্টিবায়োটিক নির্বাচন করতে সাহায্য করবে। আপনার ডাক্তারের সাথে পরামর্শ করুন এবং সেই অনুযায়ী চিকিৎসা নিন। আশা করি আমি আপনার প্রশ্নের উত্তর দিতে পেরেছি, যদি আপনার কোনো সন্দেহ থাকে তবে আমার সাথে bit.ly/ Chat Doctor-এ যোগাযোগ করুন। নাসেনিয়া ডক ব্যবহার করার জন্য ধন্যবাদ। আপনার সুস্বাস্থ্য কামনা করি।"
31803,"হেলো, ডেইরি, আমি আপনার প্রশ্নটি দেখেছি। আমি আপনার উদ্বেগ বুঝতে পারছি। আপনার হার্নিয়া সার্জারির ইতিহাস রয়েছে এবং এখন অস্ত্রোপচার পরবর্তী সংক্রমণ হয়েছে। আপনি স্ট্রেপ্টোকক্কাল সংক্রমণে ভুগছেন। আপনার স্ট্রেপ্টোকক্কাল সংক্রমণ সাধারণ অ্যান্টিবায়োটিকের প্রতি প্রতিরোধী হতে পারে। আপনার কালচার এবং সেনসিটিভিটি পরীক্ষা করা উচিত। এটি অ্যান্টিবায়োটিক নির্বাচন করতে সাহায্য করবে। আপনার ডাক্তারের সাথে পরামর্শ করুন এবং সেই অনুযায়ী চিকিৎসা নিন। আশা করি আমি আপনার প্রশ্নের উত্তর দিতে পেরেছি, যদি আপনার কোনো সন্দেহ থাকে তবে আমার সাথে bit.ly/ Chat Doctor-এ যোগাযোগ করুন। নাসেনিয়া ডক ব্যবহার করার জন্য ধন্যবাদ। আপনার সুস্বাস্থ্য কামনা করি।"
73084,"হেলো, ডেইরি, আমি আপনার প্রশ্নটি দেখেছি। আমি আপনার উদ্বেগ বুঝতে পারছি। আপনার হার্নিয়া সার্জারির ইতিহাস রয়েছে এবং এখন অস্ত্রোপচার পরবর্তী সংক্রমণ হয়েছে। আপনি স্ট্রেপ্টোকক্কাল সংক্রমণে ভুগছেন। আপনার স্ট্রেপ্টোকক্কাল সংক্রমণ সাধারণ অ্যান্টিবায়োটিকের প্রতি প্রতিরোধী হতে পারে। আপনার কালচার এবং সেনসিটিভিটি পরীক্ষা করা উচিত। এটি অ্যান্টিবায়োটিক নির্বাচন করতে সাহায্য করবে। আপনার ডাক্তারের সাথে পরামর্শ করুন এবং সেই অনুযায়ী চিকিৎসা নিন। আশা করি আমি আপনার প্রশ্নের উত্তর দিতে পেরেছি, যদি আপনার কোনো সন্দেহ থাকে তবে আমার সাথে bit.ly/ Chat Doctor-এ যোগাযোগ করুন। নাসেনিয়া ডক ব্যবহার করার জন্য ধন্যবাদ। আপনার সুস্বাস্থ্য কামনা করি।"
72254,"হেলো, ডেইরি, আমি আপনার প্রশ্নটি দেখেছি। আমি আপনার উদ্বেগ বুঝতে পারছি। আপনার হার্নিয়া সার্জারির ইতিহাস রয়েছে এবং এখন অস্ত্রোপচার পরবর্তী সংক্রমণ হয়েছে। আপনি স্ট্রেপ্টোকক্কাল সংক্রমণে ভুগছেন। আপনার স্ট্রেপ্টোকক্কাল সংক্রমণ সাধারণ অ্যান্টিবায়োটিকের প্রতি প্রতিরোধী হতে পারে। আপনার কালচার এবং সেনসিটিভিটি পরীক্ষা করা উচিত। এটি অ্যান্টিবায়োটিক নির্বাচন করতে সাহায্য করবে। আপনার ডাক্তারের সাথে পরামর্শ করুন এবং সেই অনুযায়ী চিকিৎসা নিন। আশা করি আমি আপনার প্রশ্নের উত্তর দিতে পেরেছি, যদি আপনার কোনো সন্দেহ থাকে তবে আমার সাথে bit.ly/ Chat Doctor-এ যোগাযোগ করুন। নাসেনিয়া ডক ব্যবহার করার জন্য ধন্যবাদ। আপনার সুস্বাস্থ্য কামনা করি।"
98077,"হেলো, ডেইরি, আমি আপনার প্রশ্নটি দেখেছি। আমি আপনার উদ্বেগ বুঝতে পারছি। আপনার হার্নিয়া সার্জারির ইতিহাস রয়েছে এবং এখন অস্ত্রোপচার পরবর্তী সংক্রমণ হয়েছে। আপনি স্ট্রেপ্টোকক্কাল সংক্রমণে ভুগছেন। আপনার স্ট্রেপ্টোকক্কাল সংক্রমণ সাধারণ অ্যান্টিবায়োটিকের প্রতি প্রতিরোধী হতে পারে। আপনার কালচার এবং সেনসিটিভিটি পরীক্ষা করা উচিত। এটি অ্যান্টিবায়োটিক নির্বাচন করতে সাহায্য করবে। আপনার ডাক্তারের সাথে পরামর্শ করুন এবং সেই অনুযায়ী চিকিৎসা নিন। আশা করি আমি আপনার প্রশ্নের উত্তর দিতে পেরেছি, যদি আপনার কোনো সন্দেহ থাকে তবে আমার সাথে bit.ly/ Chat Doctor-এ যোগাযোগ করুন। নাসেনিয়া ডক ব্যবহার করার জন্য ধন্যবাদ। আপনার সুস্বাস্থ্য কামনা করি।"
96905,"হেলো, ডেইরি, আমি আপনার প্রশ্নটি দেখেছি। আমি আপনার উদ্বেগ বুঝতে পারছি। আপনার হার্নিয়া সার্জারির ইতিহাস রয়েছে এবং এখন অস্ত্রোপচার পরবর্তী সংক্রমণ হয়েছে। আপনি স্ট্রেপ্টোকক্কাল সংক্রমণে ভুগছেন। আপনার স্ট্রেপ্টোকক্কাল সংক্রমণ সাধারণ অ্যান্টিবায়োটিকের প্রতি প্রতিরোধী হতে পারে। আপনার কালচার এবং সেনসিটিভিটি পরীক্ষা করা উচিত। এটি অ্যান্টিবায়োটিক নির্বাচন করতে সাহায্য করবে। আপনার ডাক্তারের সাথে পরামর্শ করুন এবং সেই অনুযায়ী চিকিৎসা নিন। আশা করি আমি আপনার প্রশ্নের উত্তর দিতে পেরেছি, যদি আপনার কোনো সন্দেহ থাকে তবে আমার সাথে bit.ly/ Chat Doctor-এ যোগাযোগ করুন। নাসেনিয়া ডক ব্যবহার করার জন্য ধন্যবাদ। আপনার সুস্বাস্থ্য কামনা করি।"
107470,"হেলো, ডেইরি, আমি আপনার প্রশ্নটি দেখেছি। আমি আপনার উদ্বেগ বুঝতে পারছি। আপনার হার্নিয়া সার্জারির ইতিহাস রয়েছে এবং এখন অস্ত্রোপচার পরবর্তী সংক্রমণ হয়েছে। আপনি স্ট্রেপ্টোকক্কাল সংক্রমণে ভুগছেন। আপনার স্ট্রেপ্টোকক্কাল সংক্রমণ সাধারণ অ্যান্টিবায়োটিকের প্রতি প্রতিরোধী হতে পারে। আপনার কালচার এবং সেনসিটিভিটি পরীক্ষা করা উচিত। এটি অ্যান্টিবায়োটিক নির্বাচন করতে সাহায্য করবে। আপনার ডাক্তারের সাথে পরামর্শ করুন এবং সেই অনুযায়ী চিকিৎসা নিন। আশা করি আমি আপনার প্রশ্নের উত্তর দিতে পেরেছি, যদি আপনার কোনো সন্দেহ থাকে তবে আমার সাথে bit.ly/ Chat Doctor-এ যোগাযোগ করুন। নাসেনিয়া ডক ব্যবহার করার জন্য ধন্যবাদ। আপনার সুস্বাস্থ্য কামনা করি।"
82760,"হেলো, ডেইরি, আমি আপনার প্রশ্নটি দেখেছি। আমি আপনার উদ্বেগ বুঝতে পারছি। আপনার হার্নিয়া সার্জারির ইতিহাস রয়েছে এবং এখন অস্ত্রোপচার পরবর্তী সংক্রমণ হয়েছে। আপনি স্ট্রেপ্টোকক্কাল সংক্রমণে ভুগছেন। আপনার স্ট্রেপ্টোকক্কাল সংক্রমণ সাধারণ অ্যান্টিবায়োটিকের প্রতি প্রতিরোধী হতে পারে। আপনার কালচার এবং সেনসিটিভিটি পরীক্ষা করা উচিত। এটি অ্যান্টিবায়োটিক নির্বাচন করতে সাহায্য করবে। আপনার ডাক্তারের সাথে পরামর্শ করুন এবং সেই অনুযায়ী চিকিৎসা নিন। আশা করি আমি আপনার প্রশ্নের উত্তর দিতে পেরেছি, যদি আপনার কোনো সন্দেহ থাকে তবে আমার সাথে bit.ly/ Chat Doctor-এ যোগাযোগ করুন। নাসেনিয়া ডক ব্যবহার করার জন্য ধন্যবাদ। আপনার সুস্বাস্থ্য কামনা করি।"
